,YEAR,MONTH,DAY,DAY_OF_WEEK,AIRLINE,FLIGHT_NUMBER,TAIL_NUMBER,ORIGIN_AIRPORT,DESTINATION_AIRPORT,SCHEDULED_DEPARTURE,DEPARTURE_TIME,DEPARTURE_DELAY,TAXI_OUT,WHEELS_OFF,SCHEDULED_TIME,ELAPSED_TIME,AIR_TIME,DISTANCE,WHEELS_ON,TAXI_IN,SCHEDULED_ARRIVAL,ARRIVAL_TIME,ARRIVAL_DELAY,DIVERTED,CANCELLED,CANCELLATION_REASON,AIR_SYSTEM_DELAY,SECURITY_DELAY,AIRLINE_DELAY,LATE_AIRCRAFT_DELAY,WEATHER_DELAY
1,2015,1,1,4,AA,2336,N3KUAA,LAX,PBI,10,2,-8,12,14,280,279,263,2330,737,4,750,741,-9,0,0,,,,,,
2,2015,1,1,4,US,840,N171US,SFO,CLT,20,18,-2,16,34,286,293,266,2296,800,11,806,811,5,0,0,,,,,,
3,2015,1,1,4,AA,258,N3HYAA,LAX,MIA,20,15,-5,15,30,285,281,258,2342,748,8,805,756,-9,0,0,,,,,,
5,2015,1,1,4,DL,806,N3730B,SFO,MSP,25,20,-5,18,38,217,230,206,1589,604,6,602,610,8,0,0,,,,,,
6,2015,1,1,4,NK,612,N635NK,LAS,MSP,25,19,-6,11,30,181,170,154,1299,504,5,526,509,-17,0,0,,,,,,
7,2015,1,1,4,US,2013,N584UW,LAX,CLT,30,44,14,13,57,273,249,228,2125,745,8,803,753,-10,0,0,,,,,,
8,2015,1,1,4,AA,1112,N3LAAA,SFO,DFW,30,19,-11,17,36,195,193,173,1464,529,3,545,532,-13,0,0,,,,,,
9,2015,1,1,4,DL,1173,N826DN,LAS,ATL,30,33,3,12,45,221,203,186,1747,651,5,711,656,-15,0,0,,,,,,
10,2015,1,1,4,DL,2336,N958DN,DEN,ATL,30,24,-6,12,36,173,149,133,1199,449,4,523,453,-30,0,0,,,,,,
11,2015,1,1,4,AA,1674,N853AA,LAS,MIA,35,27,-8,21,48,268,266,238,2174,746,7,803,753,-10,0,0,,,,,,
12,2015,1,1,4,DL,1434,N547US,LAX,MSP,35,35,0,18,53,214,210,188,1535,601,4,609,605,-4,0,0,,,,,,
17,2015,1,1,4,UA,1197,N78448,SFO,IAH,48,42,-6,11,53,218,217,199,1635,612,7,626,619,-7,0,0,,,,,,
20,2015,1,1,4,NK,520,N525NK,LAS,MCI,55,120,25,11,131,162,143,128,1139,539,4,537,543,6,0,0,,,,,,
22,2015,1,1,4,NK,214,N632NK,LAS,DFW,103,102,-1,13,115,147,147,128,1055,523,6,530,529,-1,0,0,,,,,,
23,2015,1,1,4,AA,115,N3CTAA,LAX,MIA,105,103,-2,14,117,286,276,255,2342,832,7,851,839,-12,0,0,,,,,,
24,2015,1,1,4,DL,1450,N671DN,LAS,MSP,105,102,-3,11,113,183,163,150,1299,543,2,608,545,-23,0,0,,,,,,
25,2015,1,1,4,UA,1545,N76517,LAX,IAH,115,112,-3,11,123,183,175,156,1379,559,8,618,607,-11,0,0,,,,,,
27,2015,1,1,4,NK,597,N528NK,MSP,FLL,115,127,12,14,141,207,220,166,1487,527,40,542,607,25,0,0,,25,0,0,0,0
28,2015,1,1,4,US,413,N571UW,LAS,CLT,120,110,-10,12,122,245,224,205,1916,747,7,825,754,-31,0,0,,,,,,
29,2015,1,1,4,AA,2392,N3HRAA,DEN,MIA,120,141,21,12,153,227,208,188,1709,701,8,707,709,2,0,0,,,,,,
30,2015,1,1,4,NK,168,N629NK,PHX,ORD,125,237,72,9,246,204,175,156,1440,622,10,549,632,43,0,0,,43,0,0,0,0
31,2015,1,1,4,AA,2211,N3CGAA,PHX,MIA,127,116,-11,10,126,239,234,217,1972,703,7,726,710,-16,0,0,,,,,,
34,2015,1,1,4,NK,298,N514NK,LAS,IAH,144,140,-4,10,150,170,170,148,1222,618,12,634,630,-4,0,0,,,,,,
35,2015,1,1,4,HA,17,N389HA,LAS,HNL,145,145,0,16,201,370,385,361,2762,602,8,555,610,15,0,0,,0,0,15,0,0
41,2015,1,1,4,NK,972,N606NK,PHX,DFW,159,158,-1,11,209,123,125,103,868,452,11,502,503,1,0,0,,,,,,
42,2015,1,1,4,AA,2459,N3BDAA,PHX,DFW,200,,,,,120,,,868,,,500,,,0,1,B,,,,,
46,2015,1,1,4,US,699,N172US,PHX,CLT,220,209,-11,10,219,224,199,183,1773,722,6,804,728,-36,0,0,,,,,,
56,2015,1,1,4,US,602,N197UW,ORD,PHX,500,459,-1,12,511,228,232,214,1440,745,6,748,751,3,0,0,,,,,,
63,2015,1,1,4,UA,1500,N30401,ORD,IAH,510,514,4,23,537,175,182,147,925,804,12,805,816,11,0,0,,,,,,
70,2015,1,1,4,AA,1057,N3ASAA,DFW,MIA,515,703,108,15,718,161,155,133,1121,1031,7,856,1038,102,0,0,,0,0,0,0,102
74,2015,1,1,4,AA,89,N3KVAA,IAH,MIA,520,618,58,19,637,141,137,111,964,928,7,841,935,54,0,0,,0,0,54,0,0
86,2015,1,1,4,AA,328,N4XKAA,DEN,DFW,530,623,53,32,655,125,138,96,641,931,10,835,941,66,0,0,,13,0,53,0,0
89,2015,1,1,4,NK,409,N509NK,ORD,FLL,530,526,-4,12,538,188,167,149,1182,907,6,938,913,-25,0,0,,,,,,
92,2015,1,1,4,UA,1532,N77066,SFO,DEN,531,550,19,15,605,146,153,127,967,912,11,857,923,26,0,0,,7,0,19,0,0
93,2015,1,1,4,UA,1167,N66837,ORD,DEN,533,540,7,10,550,167,163,142,888,712,11,720,723,3,0,0,,,,,,
100,2015,1,1,4,EV,5498,N132EV,ORD,DTW,535,550,15,18,608,85,67,41,235,749,8,800,757,-3,0,0,,,,,,
105,2015,1,1,4,B6,1012,N375JB,ORD,BOS,540,529,-11,16,545,136,114,95,867,820,3,856,823,-33,0,0,,,,,,
106,2015,1,1,4,DL,824,N3736C,PHX,DTW,540,808,148,19,827,223,203,178,1671,1325,6,1123,1331,128,0,0,,0,0,0,0,128
109,2015,1,1,4,EV,3268,N14998,ATL,IAD,540,556,16,9,605,105,103,79,534,724,15,725,739,14,0,0,,,,,,
124,2015,1,1,4,DL,1890,N377DA,DFW,ATL,545,603,18,13,616,124,104,86,731,842,5,849,847,-2,0,0,,,,,,
127,2015,1,1,4,F9,117,N933FR,MSP,DEN,545,538,-7,15,553,129,128,104,680,637,9,654,646,-8,0,0,,,,,,
129,2015,1,1,4,OO,2599,N435SW,DEN,LAX,545,658,73,11,709,150,133,112,862,801,10,715,811,56,0,0,,0,0,56,0,0
136,2015,1,1,4,UA,495,N548UA,LAX,DEN,550,550,0,11,601,145,136,118,862,859,7,915,906,-9,0,0,,,,,,
139,2015,1,1,4,US,403,N660AW,DEN,PHX,550,550,0,15,605,119,109,91,602,736,3,749,739,-10,0,0,,,,,,
142,2015,1,1,4,AA,2410,N3BAAA,LAX,DFW,550,600,10,17,617,180,172,150,1235,1047,5,1050,1052,2,0,0,,,,,,
155,2015,1,1,4,WN,526,N742SW,SFO,DEN,555,553,-2,11,604,150,150,132,967,916,7,925,923,-2,0,0,,,,,,
168,2015,1,1,4,NK,224,N607NK,ORD,LGA,556,547,-9,16,603,124,160,92,733,835,52,900,927,27,0,0,,27,0,0,0,0
169,2015,1,1,4,UA,1457,N76529,LAX,IAH,557,555,-2,12,607,192,178,160,1379,1047,6,1109,1053,-16,0,0,,,,,,
172,2015,1,1,4,UA,210,N830UA,MSP,DEN,600,556,-4,14,610,139,120,100,680,650,6,719,656,-23,0,0,,,,,,
174,2015,1,1,4,UA,247,N462UA,PHX,IAH,600,751,111,31,822,148,160,118,1009,1120,11,928,1131,123,0,0,,12,0,0,0,111
183,2015,1,1,4,UA,1016,N68807,DEN,IAH,600,552,-8,11,603,142,146,114,862,857,21,922,918,-4,0,0,,,,,,
185,2015,1,1,4,WN,4822,N293WN,LAS,BWI,600,602,2,10,612,270,243,230,2106,1302,3,1330,1305,-25,0,0,,,,,,
187,2015,1,1,4,WN,676,N630WN,PHX,SLC,600,601,1,9,610,95,88,76,507,726,3,735,729,-6,0,0,,,,,,
190,2015,1,1,4,WN,597,N768SW,SFO,ATL,600,554,-6,9,603,280,270,253,2139,1316,8,1340,1324,-16,0,0,,,,,,
191,2015,1,1,4,UA,1158,N73445,SFO,ORD,600,557,-3,21,618,257,256,222,1846,1200,13,1217,1213,-4,0,0,,,,,,
195,2015,1,1,4,UA,1224,N87531,SFO,LAX,600,605,5,11,616,88,72,52,337,708,9,728,717,-11,0,0,,,,,,
199,2015,1,1,4,UA,1735,N66814,LAX,ORD,600,607,7,13,620,250,227,201,1744,1141,13,1210,1154,-16,0,0,,,,,,
200,2015,1,1,4,US,410,N765US,IAH,PHX,600,553,-7,14,607,170,173,155,1009,742,4,750,746,-4,0,0,,,,,,
202,2015,1,1,4,US,610,N560UW,SFO,PHX,600,557,-3,16,613,114,120,87,651,840,17,854,857,3,0,0,,,,,,
203,2015,1,1,4,AA,72,N5EKAA,DFW,MCO,600,606,6,18,624,145,142,120,985,924,4,925,928,3,0,0,,,,,,
209,2015,1,1,4,AA,1100,N3GWAA,DFW,LGA,600,554,-6,33,627,190,191,154,1389,1001,4,1010,1005,-5,0,0,,,,,,
211,2015,1,1,4,AA,1028,N3BFAA,DEN,ORD,600,601,1,14,615,155,127,106,888,901,7,935,908,-27,0,0,,,,,,
214,2015,1,1,4,AA,1180,N3AYAA,SFO,DFW,600,,,,,210,,,1464,,,1130,,,0,1,B,,,,,
219,2015,1,1,4,AA,1088,N201AA,LAS,DFW,600,557,-3,16,613,160,170,128,1055,1021,26,1040,1047,7,0,0,,,,,,
224,2015,1,1,4,AA,1515,N3HMAA,LAX,ORD,600,557,-3,13,610,245,222,202,1744,1132,7,1205,1139,-26,0,0,,,,,,
232,2015,1,1,4,AS,477,N453AS,LAX,SEA,600,555,-5,21,616,170,166,141,954,837,4,850,841,-9,0,0,,,,,,
233,2015,1,1,4,AS,631,N512AS,PHX,SEA,600,555,-5,10,605,175,168,151,1107,736,7,755,743,-12,0,0,,,,,,
234,2015,1,1,4,AS,683,N618AS,DEN,SEA,600,549,-11,16,605,190,167,137,1024,722,14,810,736,-34,0,0,,,,,,
259,2015,1,1,4,DL,977,N988DL,ORD,ATL,600,602,2,19,621,127,104,80,606,841,5,907,846,-21,0,0,,,,,,
262,2015,1,1,4,DL,1205,N612DL,PHX,ATL,600,804,124,16,820,207,190,169,1587,1309,5,1127,1314,107,0,0,,0,0,0,0,107
268,2015,1,1,4,DL,2154,N813DN,LAX,ATL,600,559,-1,12,611,250,231,213,1947,1244,6,1310,1250,-20,0,0,,,,,,
270,2015,1,1,4,DL,2417,N554NW,LAS,DTW,600,559,-1,19,618,233,212,187,1749,1225,6,1253,1231,-22,0,0,,,,,,
298,2015,1,1,4,F9,1256,,ORD,MIA,600,,,,,180,,,1197,,,1000,,,0,1,A,,,,,
300,2015,1,1,4,F9,1057,N919FR,IAH,SFO,600,552,-8,16,608,260,262,237,1635,805,9,820,814,-6,0,0,,,,,,
302,2015,1,1,4,F9,1056,N929FR,SFO,IAH,600,552,-8,15,607,225,234,209,1635,1136,10,1145,1146,1,0,0,,,,,,
304,2015,1,1,4,F9,902,N949FR,ATL,TTN,600,619,19,11,630,110,115,98,701,808,6,750,814,24,0,0,,5,0,19,0,0
310,2015,1,1,4,MQ,3015,N825MQ,DFW,BTR,600,,,,,78,,,383,,,718,,,0,1,B,,,,,
326,2015,1,1,4,NK,925,N634NK,DFW,OAK,600,600,0,13,613,238,209,188,1457,721,8,758,729,-29,0,0,,,,,,
329,2015,1,1,4,NK,972,N606NK,DFW,FLL,600,603,3,56,659,159,191,131,1119,1010,4,939,1014,35,0,0,,35,0,0,0,0
357,2015,1,1,4,OO,6332,N708SK,DFW,DEN,600,556,-4,27,623,125,138,100,641,703,11,705,714,9,0,0,,,,,,
363,2015,1,1,4,UA,576,N817UA,SFO,EWR,601,552,-9,17,609,331,317,292,2565,1401,8,1432,1409,-23,0,0,,,,,,
364,2015,1,1,4,UA,1410,N76523,LAS,IAH,601,601,0,13,614,175,168,149,1222,1043,6,1056,1049,-7,0,0,,,,,,
371,2015,1,1,4,UA,996,N406UA,LAX,EWR,603,603,0,16,619,319,287,263,2454,1342,8,1422,1350,-32,0,0,,,,,,
372,2015,1,1,4,UA,1721,N75425,LAX,SFO,603,601,-2,13,614,87,75,54,337,708,8,730,716,-14,0,0,,,,,,
375,2015,1,1,4,F9,756,N948FR,PHX,DEN,603,603,0,25,628,107,111,79,602,747,7,750,754,4,0,0,,,,,,
386,2015,1,1,4,US,560,N663AW,DFW,PHX,605,612,7,15,627,157,158,140,868,747,3,742,750,8,0,0,,,,,,
395,2015,1,1,4,B6,735,N821JB,SFO,LGB,605,557,-8,13,610,81,75,59,354,709,3,726,712,-14,0,0,,,,,,
401,2015,1,1,4,DL,1723,N336NB,SFO,SLC,605,604,-1,15,619,109,108,88,599,847,5,854,852,-2,0,0,,,,,,
406,2015,1,1,4,F9,133,N951FR,DFW,DEN,605,702,57,18,720,122,117,91,641,751,8,707,759,52,0,0,,0,0,52,0,0
416,2015,1,1,4,UA,1160,N76522,SFO,IAH,606,601,-5,13,614,233,236,199,1635,1133,24,1159,1157,-2,0,0,,,,,,
422,2015,1,1,4,UA,654,N422UA,ORD,MCO,608,603,-5,11,614,163,147,127,1005,921,9,951,930,-21,0,0,,,,,,
427,2015,1,1,4,OO,5370,N979SW,ORD,MBS,610,607,-3,13,620,66,56,37,222,757,6,816,803,-13,0,0,,,,,,
429,2015,1,1,4,WN,828,N8303R,PHX,BWI,610,610,0,12,622,250,226,210,1999,1152,4,1220,1156,-24,0,0,,,,,,
431,2015,1,1,4,UA,1725,N72405,LAS,SFO,610,606,-4,13,619,96,80,62,414,721,5,746,726,-20,0,0,,,,,,
432,2015,1,1,4,AA,168,N5BSAA,DFW,MIA,610,603,-7,10,613,163,152,129,1121,922,13,953,935,-18,0,0,,,,,,
434,2015,1,1,4,AA,1336,N3LCAA,PHX,DFW,610,603,-7,18,621,135,136,108,868,909,10,925,919,-6,0,0,,,,,,
436,2015,1,1,4,AA,1686,N4XXAA,LAX,STL,610,609,-1,19,628,215,205,183,1592,1131,3,1145,1134,-11,0,0,,,,,,
440,2015,1,1,4,B6,24,N923JB,LAX,JFK,610,620,10,10,630,314,293,279,2475,1409,4,1424,1413,-11,0,0,,,,,,
445,2015,1,1,4,DL,1492,N819DN,PHX,MSP,610,756,106,20,816,186,173,145,1276,1141,8,1016,1149,93,0,0,,0,0,0,0,93
458,2015,1,1,4,NK,562,N510NK,LAX,LAS,613,608,-5,14,622,68,64,44,236,706,6,721,712,-9,0,0,,,,,,
464,2015,1,1,4,US,1789,N543UW,PHX,CLT,615,629,14,12,641,228,207,183,1773,1144,12,1203,1156,-7,0,0,,,,,,
470,2015,1,1,4,AA,1581,N3KGAA,DFW,DCA,615,,,,,164,,,1192,,,959,,,0,1,B,,,,,
471,2015,1,1,4,AA,2253,N437AA,MSP,DFW,615,618,3,19,637,165,156,128,852,845,9,900,854,-6,0,0,,,,,,
478,2015,1,1,4,DL,985,N352NW,LAS,SLC,615,609,-6,13,622,86,79,60,368,822,6,841,828,-13,0,0,,,,,,
481,2015,1,1,4,DL,1610,N385DN,DEN,DTW,615,613,-2,15,628,184,142,121,1123,1029,6,1119,1035,-44,0,0,,,,,,
482,2015,1,1,4,DL,1866,N827DN,SFO,ATL,615,616,1,11,627,270,266,251,2139,1338,4,1345,1342,-3,0,0,,,,,,
505,2015,1,1,4,NK,612,N635NK,MSP,ORD,616,618,2,10,628,89,68,49,334,717,9,745,726,-19,0,0,,,,,,
506,2015,1,1,4,NK,940,N508NK,DFW,ORD,616,619,3,12,631,139,119,96,802,807,11,835,818,-17,0,0,,,,,,
515,2015,1,1,4,WN,799,N7736A,LAS,HOU,620,618,-2,11,629,170,170,155,1235,1104,4,1110,1108,-2,0,0,,,,,,
524,2015,1,1,4,AA,1186,N5CPAA,DFW,BOS,620,614,-6,36,650,205,206,165,1562,1035,5,1045,1040,-5,0,0,,,,,,
526,2015,1,1,4,AA,2420,N3ERAA,LAX,DFW,620,619,-1,15,634,180,180,149,1235,1103,16,1120,1119,-1,0,0,,,,,,
538,2015,1,1,4,NK,742,N632NK,DFW,MSP,620,625,5,15,640,139,129,111,852,831,3,839,834,-5,0,0,,,,,,
547,2015,1,1,4,NK,200,N530NK,IAH,ORD,623,620,-3,15,635,152,140,115,925,830,10,855,840,-15,0,0,,,,,,
552,2015,1,1,4,WN,871,N7814B,DEN,ATL,625,625,0,10,635,175,156,137,1199,1052,9,1120,1101,-19,0,0,,,,,,
554,2015,1,1,4,US,598,N561UW,LAX,PHL,625,624,-1,16,640,299,283,258,2402,1358,9,1424,1407,-17,0,0,,,,,,
556,2015,1,1,4,AA,387,N4XXAA,LAX,AUS,625,,,,,175,,,1242,,,1120,,,0,1,A,,,,,
559,2015,1,1,4,AA,1343,N3GLAA,DFW,CLT,625,618,-7,18,636,140,129,107,936,923,4,945,927,-18,0,0,,,,,,
560,2015,1,1,4,AA,1635,N025AA,ATL,DFW,625,,,,,150,,,731,,,755,,,0,1,B,,,,,
584,2015,1,1,4,US,649,N912UY,LAX,PHX,630,625,-5,17,642,79,88,53,370,835,18,849,853,4,0,0,,,,,,
588,2015,1,1,4,UA,577,N458UA,SFO,EWR,630,746,76,15,801,329,308,286,2565,1547,7,1459,1554,55,0,0,,0,0,55,0,0
607,2015,1,1,4,DL,418,N706TW,SFO,JFK,630,628,-2,15,643,325,307,284,2586,1427,8,1455,1435,-20,0,0,,,,,,
608,2015,1,1,4,DL,783,N962DN,MSP,ATL,630,626,-4,26,652,158,146,112,907,944,8,1008,952,-16,0,0,,,,,,
622,2015,1,1,4,F9,1246,N912FR,DEN,DFW,630,634,4,10,644,110,123,96,641,920,17,920,937,17,0,0,,13,0,0,0,4
630,2015,1,1,4,OO,5186,N471CA,SFO,SAN,630,637,7,14,651,92,81,64,447,755,3,802,758,-4,0,0,,,,,,
631,2015,1,1,4,OO,5581,N755SK,MSP,LAX,630,630,0,18,648,240,252,217,1535,825,17,830,842,12,0,0,,,,,,
634,2015,1,1,4,EV,5764,N832AS,ORD,IAD,632,627,-5,14,641,112,100,77,589,858,9,924,907,-17,0,0,,,,,,
642,2015,1,1,4,US,474,N604AW,LAS,PHX,635,628,-7,12,640,71,65,46,255,826,7,846,833,-13,0,0,,,,,,
670,2015,1,1,4,WN,890,N717SA,PHX,MDW,640,633,-7,21,654,195,186,160,1444,1034,5,1055,1039,-16,0,0,,,,,,
672,2015,1,1,4,UA,1284,N11206,LAS,EWR,640,639,-1,10,649,289,253,234,2227,1343,9,1429,1352,-37,0,0,,,,,,
673,2015,1,1,4,UA,1748,N16703,ORD,EWR,640,643,3,12,655,125,124,82,719,917,30,945,947,2,0,0,,,,,,
675,2015,1,1,4,AA,1285,N576AA,IAH,DFW,640,,,,,70,,,224,,,750,,,0,1,B,,,,,
680,2015,1,1,4,AS,569,N471AS,LAX,PDX,640,639,-1,16,655,150,144,124,834,859,4,910,903,-7,0,0,,,,,,
687,2015,1,1,4,DL,2566,N913DN,SFO,MSP,640,636,-4,13,649,228,227,206,1589,1215,8,1228,1223,-5,0,0,,,,,,
704,2015,1,1,4,UA,536,N852UA,LAX,IAH,644,636,-8,12,648,197,183,164,1379,1132,7,1201,1139,-22,0,0,,,,,,
707,2015,1,1,4,VX,922,N361VA,SFO,LAX,645,638,-7,9,647,80,71,54,337,741,8,805,749,-16,0,0,,,,,,
715,2015,1,1,4,AA,323,N520AA,DFW,STL,645,,,,,95,,,550,,,820,,,0,1,B,,,,,
717,2015,1,1,4,AA,1234,N3MCAA,LAS,ORD,645,641,-4,12,653,210,196,175,1514,1148,9,1215,1157,-18,0,0,,,,,,
719,2015,1,1,4,AA,1287,N3BBAA,MSP,MIA,645,714,29,26,740,225,212,179,1501,1139,7,1130,1146,16,0,0,,0,0,16,0,0
729,2015,1,1,4,DL,886,N918DL,ATL,LGA,645,644,-1,31,715,128,137,97,762,852,9,853,901,8,0,0,,,,,,
737,2015,1,1,4,F9,110,N206FR,DEN,MSP,645,711,26,9,720,115,105,88,680,948,8,940,956,16,0,0,,0,0,16,0,0
738,2015,1,1,4,F9,782,N219FR,LAS,DEN,645,642,-3,18,700,109,120,90,628,930,12,934,942,8,0,0,,,,,,
748,2015,1,1,4,OO,6523,N754SK,PHX,LAX,645,701,16,17,718,96,82,61,370,719,4,721,723,2,0,0,,,,,,
749,2015,1,1,4,OO,4974,N792SK,ATL,IAH,646,642,-4,16,658,136,147,121,689,759,10,802,809,7,0,0,,,,,,
754,2015,1,1,4,DL,1212,N582NW,LAX,MSP,649,647,-2,14,701,218,211,193,1535,1214,4,1227,1218,-9,0,0,,,,,,
755,2015,1,1,4,UA,284,N832UA,PHX,SFO,650,751,61,27,818,134,121,89,651,847,5,804,852,48,0,0,,0,0,0,0,48
757,2015,1,1,4,US,2071,N553UW,MSP,CLT,650,647,-3,23,710,160,150,111,930,1001,16,1030,1017,-13,0,0,,,,,,
760,2015,1,1,4,WN,2964,N481WN,PHX,DAL,650,654,4,16,710,130,130,111,879,1001,3,1000,1004,4,0,0,,,,,,
763,2015,1,1,4,AA,338,N3DJAA,LAX,SFO,650,644,-6,21,705,80,79,55,337,800,3,810,803,-7,0,0,,,,,,
767,2015,1,1,4,AA,2226,N426AA,DFW,TPA,650,800,70,17,817,135,135,114,929,1111,4,1005,1115,70,0,0,,0,0,70,0,0
769,2015,1,1,4,AA,2424,N3DLAA,LAX,DFW,650,641,-9,18,659,180,188,146,1235,1125,24,1150,1149,-1,0,0,,,,,,
772,2015,1,1,4,AS,629,N626AS,LAS,PDX,650,637,-13,14,651,136,131,114,763,845,3,906,848,-18,0,0,,,,,,
775,2015,1,1,4,DL,476,N196DN,LAX,JFK,650,650,0,25,715,319,308,274,2475,1449,9,1509,1458,-11,0,0,,,,,,
784,2015,1,1,4,NK,729,N629NK,ORD,TPA,650,724,34,9,733,163,143,127,1012,1040,7,1033,1047,14,0,0,,,,,,
793,2015,1,1,4,UA,204,N810UA,DFW,IAH,654,653,-1,15,708,69,69,43,224,751,11,803,802,-1,0,0,,,,,,
805,2015,1,1,4,AA,222,N3JSAA,LAX,BOS,655,650,-5,17,707,320,292,271,2611,1438,4,1515,1442,-33,0,0,,,,,,
806,2015,1,1,4,AA,1104,N3LAAA,DFW,LGA,655,647,-8,15,702,190,176,157,1389,1039,4,1105,1043,-22,0,0,,,,,,
808,2015,1,1,4,AA,2401,N858AA,DFW,LAX,655,,,,,205,,,1235,,,820,,,0,1,B,,,,,
809,2015,1,1,4,B6,16,N934JB,SFO,JFK,655,652,-3,10,702,322,316,299,2586,1501,7,1517,1508,-9,0,0,,,,,,
814,2015,1,1,4,DL,1651,N954DN,MSP,LAS,655,652,-3,13,705,218,180,160,1299,745,7,833,752,-41,0,0,,,,,,
815,2015,1,1,4,DL,1818,N555NW,ATL,MCO,655,654,-1,14,708,87,81,59,404,807,8,822,815,-7,0,0,,,,,,
837,2015,1,1,4,US,1961,N566UW,IAH,CLT,700,656,-4,12,708,142,137,105,912,953,20,1022,1013,-9,0,0,,,,,,
839,2015,1,1,4,US,2064,N538UW,DFW,CLT,700,655,-5,35,730,148,155,112,936,1022,8,1028,1030,2,0,0,,,,,,
843,2015,1,1,4,UA,736,N522UA,SFO,EWR,700,659,-1,21,720,326,315,286,2565,1506,8,1526,1514,-12,0,0,,,,,,
845,2015,1,1,4,UA,1027,N38424,SFO,IAH,700,658,-2,12,710,232,217,199,1635,1229,6,1252,1235,-17,0,0,,,,,,
847,2015,1,1,4,VX,897,N845VA,LAS,SFO,700,659,-1,13,712,85,80,61,414,813,6,825,819,-6,0,0,,,,,,
856,2015,1,1,4,WN,390,N283WN,MSP,MDW,700,656,-4,10,706,95,76,58,349,804,8,835,812,-23,0,0,,,,,,
862,2015,1,1,4,US,424,N161UW,ORD,PHX,700,658,-2,10,708,243,240,212,1440,940,18,1003,958,-5,0,0,,,,,,
863,2015,1,1,4,US,461,N540UW,ATL,CLT,700,658,-2,15,713,72,63,38,226,751,10,812,801,-11,0,0,,,,,,
868,2015,1,1,4,AA,17,N019AA,ATL,MIA,700,656,-4,15,711,112,106,82,594,833,9,852,842,-10,0,0,,,,,,
869,2015,1,1,4,AA,118,N788AA,LAX,JFK,700,650,-10,13,703,325,286,268,2475,1431,5,1525,1436,-49,0,0,,,,,,
870,2015,1,1,4,AA,68,N5EGAA,SFO,MIA,700,703,3,14,717,324,317,295,2585,1512,8,1524,1520,-4,0,0,,,,,,
873,2015,1,1,4,AA,309,N4YDAA,DFW,BNA,700,652,-8,31,723,100,112,74,631,837,7,840,844,4,0,0,,,,,,
877,2015,1,1,4,AA,1258,N491AA,LAS,DFW,700,656,-4,17,713,165,163,136,1055,1129,10,1145,1139,-6,0,0,,,,,,
879,2015,1,1,4,AA,1354,N504AA,DFW,MCO,700,655,-5,17,712,150,144,123,985,1015,4,1030,1019,-11,0,0,,,,,,
884,2015,1,1,4,AA,1513,N008AA,DFW,ATL,700,655,-5,11,706,125,105,89,731,935,5,1005,940,-25,0,0,,,,,,
886,2015,1,1,4,AA,2291,N859AA,DFW,MIA,700,,,,,163,,,1121,,,1043,,,0,1,B,,,,,
889,2015,1,1,4,AS,39,N459AS,MSP,SEA,700,655,-5,13,708,225,216,197,1399,825,6,845,831,-14,0,0,,,,,,
892,2015,1,1,4,AS,313,N703AS,SFO,SEA,700,651,-9,18,709,120,121,97,679,846,6,900,852,-8,0,0,,,,,,
895,2015,1,1,4,AS,445,N579AS,LAX,SEA,700,655,-5,15,710,170,160,139,954,929,6,950,935,-15,0,0,,,,,,
899,2015,1,1,4,AS,615,N320AS,LAS,SEA,700,659,-1,15,714,154,148,126,867,920,7,934,927,-7,0,0,,,,,,
900,2015,1,1,4,AS,663,N536AS,PHX,PDX,700,653,-7,9,702,168,155,142,1009,824,4,848,828,-20,0,0,,,,,,
905,2015,1,1,4,B6,288,N806JB,LAX,BOS,700,653,-7,16,709,319,292,272,2611,1441,4,1519,1445,-34,0,0,,,,,,
918,2015,1,1,4,DL,854,N667DN,SFO,DTW,700,701,1,14,715,273,267,247,2079,1422,6,1433,1428,-5,0,0,,,,,,
926,2015,1,1,4,DL,1971,N934DN,MSP,PHX,700,659,-1,13,712,214,197,180,1276,912,4,934,916,-18,0,0,,,,,,
937,2015,1,1,4,DL,1506,N812DN,LAX,DTW,700,653,-7,15,708,267,252,232,1979,1400,5,1427,1405,-22,0,0,,,,,,
938,2015,1,1,4,DL,1795,N3757D,LAS,JFK,700,654,-6,11,705,285,256,237,2248,1402,8,1445,1410,-35,0,0,,,,,,
939,2015,1,1,4,DL,1894,N6704Z,MSP,MIA,700,704,4,17,721,226,196,175,1501,1116,4,1146,1120,-26,0,0,,,,,,
940,2015,1,1,4,DL,1925,N534US,MSP,RSW,700,659,-1,16,715,210,191,169,1416,1104,6,1130,1110,-20,0,0,,,,,,
948,2015,1,1,4,F9,1061,N201FR,ORD,PHX,700,649,-11,13,702,230,251,232,1440,954,6,950,1000,10,0,0,,,,,,
950,2015,1,1,4,F9,676,N908FR,DEN,MCO,700,802,62,12,814,205,201,180,1546,1314,9,1225,1323,58,0,0,,0,0,58,0,0
952,2015,1,1,4,MQ,2841,N667MQ,DFW,DSM,700,704,4,29,733,108,114,80,624,853,5,848,858,10,0,0,,,,,,
958,2015,1,1,4,MQ,3362,N507MQ,DFW,MAF,700,,,,,68,,,309,,,808,,,0,1,B,,,,,
959,2015,1,1,4,NK,231,N620NK,ATL,FLL,700,725,25,10,735,108,100,80,581,855,10,848,905,17,0,0,,17,0,0,0,0
962,2015,1,1,4,NK,193,N502NK,IAH,LAS,700,743,43,14,757,200,186,167,1222,844,5,820,849,29,0,0,,29,0,0,0,0
975,2015,1,1,4,UA,296,N470UA,ORD,DEN,702,706,4,23,729,165,159,131,888,840,5,847,845,-2,0,0,,,,,,
976,2015,1,1,4,UA,656,N402UA,PHX,ORD,702,726,24,62,828,199,233,154,1440,1202,17,1121,1219,58,0,0,,34,0,0,0,24
983,2015,1,1,4,OO,6382,N824AS,SFO,BOI,704,733,29,12,745,102,100,84,522,1009,4,946,1013,27,0,0,,0,0,24,3,0
984,2015,1,1,4,UA,761,N549UA,ORD,SFO,705,713,8,14,727,280,260,238,1846,925,8,945,933,-12,0,0,,,,,,
985,2015,1,1,4,VX,12,N842VA,SFO,JFK,705,702,-3,10,712,329,320,299,2586,1511,11,1534,1522,-12,0,0,,,,,,
1008,2015,1,1,4,AA,1564,N3JHAA,PHX,ORD,705,713,8,14,727,200,182,158,1440,1105,10,1125,1115,-10,0,0,,,,,,
1011,2015,1,1,4,B6,279,N796JB,LAS,LGB,705,700,-5,15,715,65,58,40,231,755,3,810,758,-12,0,0,,,,,,
1015,2015,1,1,4,DL,1996,N806DN,MSP,LGA,705,703,-2,10,713,166,146,113,1020,1006,23,1051,1029,-22,0,0,,,,,,
1020,2015,1,1,4,DL,2511,N933DN,MSP,TUS,705,703,-2,15,718,221,217,198,1298,936,4,946,940,-6,0,0,,,,,,
1028,2015,1,1,4,OO,6466,N790SK,LAX,SLC,705,702,-3,11,713,111,106,92,590,945,3,956,948,-8,0,0,,,,,,
1035,2015,1,1,4,UA,112,N73270,LAS,IAH,710,707,-3,14,721,179,175,152,1222,1153,9,1209,1202,-7,0,0,,,,,,
1037,2015,1,1,4,UA,405,N547UA,LAX,HNL,710,707,-3,12,719,350,351,333,2556,1052,6,1100,1058,-2,0,0,,,,,,
1043,2015,1,1,4,WN,494,N738CB,LAS,SNA,710,706,-4,11,717,65,54,38,226,755,5,815,800,-15,0,0,,,,,,
1046,2015,1,1,4,UA,1556,N67815,PHX,DEN,710,742,32,13,755,107,100,79,602,914,8,857,922,25,0,0,,0,0,0,0,25
1049,2015,1,1,4,AA,1482,N3DUAA,SFO,DFW,710,703,-7,16,719,210,214,185,1464,1224,13,1240,1237,-3,0,0,,,,,,
1050,2015,1,1,4,AA,1624,N508AA,PHX,DFW,710,721,11,15,736,140,126,104,868,1020,7,1030,1027,-3,0,0,,,,,,
1051,2015,1,1,4,AA,2310,N4YTAA,DFW,DEN,710,719,9,15,734,125,115,91,641,805,9,815,814,-1,0,0,,,,,,
1070,2015,1,1,4,DL,1550,N3739P,LAS,MSP,713,708,-5,12,720,187,174,156,1299,1156,6,1220,1202,-18,0,0,,,,,,
1073,2015,1,1,4,UA,230,N472UA,IAH,ORD,715,716,1,13,729,163,133,115,925,924,5,958,929,-29,0,0,,,,,,
1075,2015,1,1,4,US,748,N183UW,SFO,CLT,715,715,0,14,729,292,283,260,2296,1449,9,1507,1458,-9,0,0,,,,,,
1088,2015,1,1,4,WN,1636,N202WN,PHX,ATL,715,712,-3,18,730,205,200,175,1587,1225,7,1240,1232,-8,0,0,,,,,,
1099,2015,1,1,4,AA,1159,N471AA,DFW,RDU,715,711,-4,14,725,150,139,121,1061,1026,4,1045,1030,-15,0,0,,,,,,
1101,2015,1,1,4,AA,2245,N3JWAA,DFW,FLL,715,714,-1,10,724,160,149,133,1119,1037,6,1055,1043,-12,0,0,,,,,,
1109,2015,1,1,4,DL,1446,N3767,PHX,ATL,715,809,54,17,826,206,193,171,1587,1317,5,1241,1322,41,0,0,,0,0,0,0,41
1110,2015,1,1,4,DL,1994,N3758Y,PHX,JFK,715,829,74,45,914,275,272,221,2153,1455,6,1350,1501,71,0,0,,0,0,0,0,71
1114,2015,1,1,4,DL,1553,N368NW,LAS,ATL,715,712,-3,14,726,225,210,191,1747,1337,5,1400,1342,-18,0,0,,,,,,
1116,2015,1,1,4,EV,4614,N11548,IAH,CLT,715,713,-2,14,727,143,128,110,912,1017,4,1038,1021,-17,0,0,,,,,,
1122,2015,1,1,4,NK,867,N631NK,DFW,LAX,715,712,-3,10,722,201,191,173,1235,815,8,836,823,-13,0,0,,,,,,
1128,2015,1,1,4,OO,5441,N291SW,SFO,SBP,716,708,-8,14,722,69,64,46,190,808,4,825,812,-13,0,0,,,,,,
1137,2015,1,1,4,OO,5299,N937SW,ORD,MKE,719,841,82,21,902,48,46,20,67,922,5,807,927,80,0,0,,0,0,73,7,0
1138,2015,1,1,4,UA,407,N845UA,IAH,BWI,720,719,-1,12,731,176,156,139,1235,1050,5,1116,1055,-21,0,0,,,,,,
1139,2015,1,1,4,UA,616,N488UA,SFO,ORD,720,714,-6,12,726,257,250,225,1846,1311,13,1337,1324,-13,0,0,,,,,,
1140,2015,1,1,4,UA,661,N516UA,ORD,LAX,720,720,0,17,737,270,270,242,1744,939,11,950,950,0,0,0,,,,,,
1141,2015,1,1,4,WN,530,N477WN,LAX,BNA,720,715,-5,9,724,230,216,202,1797,1246,5,1310,1251,-19,0,0,,,,,,
1147,2015,1,1,4,WN,320,N917WN,SFO,LAS,720,734,14,11,745,90,83,68,414,853,4,850,857,7,0,0,,,,,,
1149,2015,1,1,4,UA,1531,N27908,IAH,SFO,720,720,0,15,735,254,227,205,1635,900,7,934,907,-27,0,0,,,,,,
1151,2015,1,1,4,AA,24,N784AA,SFO,JFK,720,714,-6,20,734,340,332,307,2586,1541,5,1600,1546,-14,0,0,,,,,,
1152,2015,1,1,4,AA,1053,N4YJAA,DFW,PHL,720,759,39,14,813,185,163,144,1303,1137,5,1125,1142,17,0,0,,0,0,17,0,0
1159,2015,1,1,4,AA,2426,N5DGAA,LAX,DFW,720,717,-3,16,733,180,169,148,1235,1201,5,1220,1206,-14,0,0,,,,,,
1166,2015,1,1,4,DL,1394,N334NB,DEN,MSP,720,717,-3,17,734,131,110,88,680,1002,5,1031,1007,-24,0,0,,,,,,
1167,2015,1,1,4,DL,2499,N696DL,ATL,SLC,720,719,-1,31,750,260,255,218,1590,928,6,940,934,-6,0,0,,,,,,
1170,2015,1,1,4,EV,4546,N16561,ORD,RIC,720,713,-7,12,725,117,101,85,642,950,4,1017,954,-23,0,0,,,,,,
1172,2015,1,1,4,EV,5466,N730EV,IAH,DTW,720,710,-10,13,723,167,147,128,1075,1031,6,1107,1037,-30,0,0,,,,,,
1173,2015,1,1,4,EV,6189,N21154,IAH,CMH,720,718,-2,20,738,154,143,117,986,1035,6,1054,1041,-13,0,0,,,,,,
1174,2015,1,1,4,MQ,2795,N628MQ,DFW,HOU,720,,,,,68,,,247,,,828,,,0,1,B,,,,,
1178,2015,1,1,4,MQ,3491,N668MQ,DFW,CVG,720,,,,,128,,,812,,,1028,,,0,1,B,,,,,
1179,2015,1,1,4,NK,832,N514NK,IAH,MCO,720,732,12,12,744,130,122,103,854,1027,7,1030,1034,4,0,0,,,,,,
1181,2015,1,1,4,OO,5377,N562SW,LAX,CLD,721,747,26,13,800,45,40,23,86,823,4,806,827,21,0,0,,0,0,21,0,0
1185,2015,1,1,4,UA,649,N827UA,LAS,DEN,723,716,-7,13,729,116,110,90,628,959,7,1019,1006,-13,0,0,,,,,,
1190,2015,1,1,4,UA,316,N421UA,PHX,IAD,725,805,40,12,817,248,213,196,1956,1333,5,1333,1338,5,0,0,,,,,,
1191,2015,1,1,4,UA,357,N465UA,IAH,IAD,725,738,13,17,755,174,158,136,1190,1111,5,1119,1116,-3,0,0,,,,,,
1192,2015,1,1,4,US,1967,N523UW,ORD,CLT,725,721,-4,19,740,119,112,77,599,957,16,1024,1013,-11,0,0,,,,,,
1194,2015,1,1,4,WN,769,N407WN,DEN,CAK,725,718,-7,21,739,165,157,131,1224,1150,5,1210,1155,-15,0,0,,,,,,
1196,2015,1,1,4,WN,317,N222WN,ATL,DAL,725,721,-4,10,731,140,138,124,721,835,4,845,839,-6,0,0,,,,,,
1207,2015,1,1,4,AA,1383,N4UCAA,DFW,IAH,725,727,2,11,738,70,68,48,224,826,9,835,835,0,0,0,,,,,,
1214,2015,1,1,4,DL,810,N314NB,IAH,ATL,725,722,-3,11,733,121,100,83,689,956,6,1026,1002,-24,0,0,,,,,,
1215,2015,1,1,4,DL,1260,N926DL,ATL,BDL,725,723,-2,26,749,135,136,105,859,934,5,940,939,-1,0,0,,,,,,
1217,2015,1,1,4,EV,2563,N902EV,DFW,CRP,725,,,,,80,,,354,,,845,,,0,1,A,,,,,
1224,2015,1,1,4,NK,731,N527NK,ORD,LAX,725,719,-6,16,735,277,271,247,1744,942,8,1002,950,-12,0,0,,,,,,
1231,2015,1,1,4,UA,1146,N37253,IAH,EWR,727,729,2,14,743,211,181,160,1400,1123,7,1158,1130,-28,0,0,,,,,,
1232,2015,1,1,4,UA,1294,N69830,IAH,MCO,727,727,0,12,739,138,126,105,854,1024,9,1045,1033,-12,0,0,,,,,,
1233,2015,1,1,4,EV,4709,N14514,IAH,GPT,727,720,-7,12,732,75,69,52,376,824,5,842,829,-13,0,0,,,,,,
1237,2015,1,1,4,UA,1169,N14106,IAH,LAX,729,728,-1,18,746,234,220,189,1379,855,13,923,908,-15,0,0,,,,,,
1239,2015,1,1,4,UA,1746,N18223,ATL,SFO,729,741,12,22,803,335,332,300,2139,1003,10,1004,1013,9,0,0,,,,,,
1245,2015,1,1,4,US,2068,N913US,PHX,CLT,730,728,-2,25,753,231,214,179,1773,1252,10,1321,1302,-19,0,0,,,,,,
1246,2015,1,1,4,VX,404,N621VA,LAX,JFK,730,728,-2,7,735,320,284,268,2475,1503,9,1550,1512,-38,0,0,,,,,,
1247,2015,1,1,4,WN,713,N419WN,LAS,BUR,730,722,-8,11,733,65,59,45,223,818,3,835,821,-14,0,0,,,,,,
1250,2015,1,1,4,UA,1126,N33103,IAH,DEN,730,727,-3,13,740,155,140,118,862,838,9,905,847,-18,0,0,,,,,,
1253,2015,1,1,4,US,623,N575UW,MSP,PHX,730,727,-3,23,750,220,203,174,1276,944,6,1010,950,-20,0,0,,,,,,
1255,2015,1,1,4,AA,76,N3HPAA,SFO,LAX,730,723,-7,15,738,85,97,49,337,827,33,855,900,5,0,0,,,,,,
1259,2015,1,1,4,AA,1284,N4YSAA,DFW,MCI,730,803,33,24,827,90,90,63,460,930,3,900,933,33,0,0,,0,0,33,0,0
1262,2015,1,1,4,AA,1499,N854AA,DFW,LAS,730,1055,205,27,1122,175,180,148,1055,1150,5,825,1155,210,0,0,,5,0,205,0,0
1268,2015,1,1,4,DL,343,N341NB,MSP,PIT,730,727,-3,49,816,126,137,82,726,1038,6,1036,1044,8,0,0,,,,,,
1269,2015,1,1,4,DL,369,N144DA,LAX,ATL,730,726,-4,12,738,252,237,214,1947,1412,11,1442,1423,-19,0,0,,,,,,
1271,2015,1,1,4,DL,1215,N828DN,LAS,DTW,730,728,-2,20,748,235,220,193,1749,1401,7,1425,1408,-17,0,0,,,,,,
1272,2015,1,1,4,DL,1291,N671DN,MSP,ATL,730,729,-1,13,742,158,127,109,907,1031,5,1108,1036,-32,0,0,,,,,,
1273,2015,1,1,4,DL,2103,N960DN,ATL,MIA,730,729,-1,24,753,116,109,80,594,913,5,926,918,-8,0,0,,,,,,
1275,2015,1,1,4,DL,2541,N358NB,DFW,DTW,730,727,-3,13,740,158,136,116,986,1036,7,1108,1043,-25,0,0,,,,,,
1278,2015,1,1,4,DL,1946,N333NW,DEN,LGA,730,724,-6,28,752,229,205,167,1620,1239,10,1319,1249,-30,0,0,,,,,,
1284,2015,1,1,4,F9,1070,N227FR,ORD,ATL,730,835,65,15,850,110,106,82,606,1112,9,1020,1121,61,0,0,,0,0,61,0,0
1291,2015,1,1,4,MQ,3278,N640MQ,DFW,BTR,730,,,,,83,,,383,,,853,,,0,1,B,,,,,
1292,2015,1,1,4,MQ,3286,N642MQ,DFW,SHV,730,,,,,58,,,190,,,828,,,0,1,B,,,,,
1293,2015,1,1,4,MQ,3439,N849MQ,DFW,TYS,730,,,,,113,,,772,,,1023,,,0,1,B,,,,,
1301,2015,1,1,4,OO,5470,N563SW,SFO,SMF,730,751,21,16,807,48,49,29,86,836,4,818,840,22,0,0,,1,0,14,7,0
1302,2015,1,1,4,OO,6307,N110SY,MSP,SFO,730,729,-1,25,754,260,243,201,1589,915,17,950,932,-18,0,0,,,,,,
1303,2015,1,1,4,OO,6344,N119SY,DFW,SFO,730,730,0,37,807,249,247,204,1464,931,6,939,937,-2,0,0,,,,,,
1308,2015,1,1,4,NK,163,N618NK,DFW,ATL,731,,,,,121,,,731,,,1032,,,0,1,B,,,,,
1312,2015,1,1,4,UA,1524,N69829,ORD,IAH,734,746,12,12,758,173,175,149,925,1027,14,1027,1041,14,0,0,,,,,,
1316,2015,1,1,4,US,761,N151UW,LAX,CLT,735,734,-1,17,751,266,256,223,2125,1434,16,1501,1450,-11,0,0,,,,,,
1321,2015,1,1,4,WN,931,N8634A,ATL,MDW,735,731,-4,13,744,125,111,93,591,817,5,840,822,-18,0,0,,,,,,
1332,2015,1,1,4,UA,1741,N57870,LAX,IAD,735,726,-9,10,736,281,263,248,2288,1444,5,1516,1449,-27,0,0,,,,,,
1334,2015,1,1,4,AA,183,N3CBAA,LAS,LAX,735,726,-9,20,746,75,90,44,236,830,26,850,856,6,0,0,,,,,,
1335,2015,1,1,4,AA,1320,N3GCAA,DFW,BDL,735,728,-7,13,741,195,179,163,1471,1124,3,1150,1127,-23,0,0,,,,,,
1343,2015,1,1,4,DL,1073,N697DL,MSP,PDX,735,744,9,27,811,237,224,191,1426,922,6,932,928,-4,0,0,,,,,,
1344,2015,1,1,4,DL,1164,N722TW,LAX,SLC,735,736,1,18,754,112,111,88,590,1022,5,1027,1027,0,0,0,,,,,,
1348,2015,1,1,4,EV,4250,N12166,IAH,IND,735,740,5,9,749,137,115,99,844,1028,7,1052,1035,-17,0,0,,,,,,
1349,2015,1,1,4,MQ,2947,N1EAMQ,DFW,LIT,735,,,,,68,,,304,,,843,,,0,1,B,,,,,
1350,2015,1,1,4,OO,2607,N868CA,LAX,SMF,735,730,-5,18,748,85,98,73,373,901,7,900,908,8,0,0,,,,,,
1355,2015,1,1,4,UA,1001,N23721,ORD,EWR,738,735,-3,12,747,125,105,87,719,1014,6,1043,1020,-23,0,0,,,,,,
1356,2015,1,1,4,F9,787,N920FR,DEN,PDX,739,734,-5,12,746,166,153,136,991,902,5,925,907,-18,0,0,,,,,,
1359,2015,1,1,4,WN,883,N8323C,LAS,DAL,740,743,3,11,754,155,150,134,1067,1208,5,1215,1213,-2,0,0,,,,,,
1360,2015,1,1,4,WN,1126,N771SA,LAS,SAT,740,739,-1,14,753,150,150,133,1069,1206,3,1210,1209,-1,0,0,,,,,,
1361,2015,1,1,4,WN,27,N252WN,LAX,DAL,740,737,-3,10,747,170,172,158,1246,1225,4,1230,1229,-1,0,0,,,,,,
1364,2015,1,1,4,WN,651,N786SW,PHX,HOU,740,739,-1,11,750,145,138,123,1020,1053,4,1105,1057,-8,0,0,,,,,,
1368,2015,1,1,4,US,582,N823AW,LAX,PHX,740,732,-8,12,744,94,82,60,370,944,10,1014,954,-20,0,0,,,,,,
1370,2015,1,1,4,AA,1240,N434AA,DFW,SJC,740,736,-4,38,814,230,236,195,1438,929,3,930,932,2,0,0,,,,,,
1371,2015,1,1,4,AA,1532,N501AA,DEN,DFW,740,740,0,14,754,125,125,96,641,1030,15,1045,1045,0,0,0,,,,,,
1374,2015,1,1,4,AA,2332,N005AA,DFW,ORD,740,,,,,135,,,802,,,955,,,0,1,B,,,,,
1379,2015,1,1,4,DL,240,N803DN,SFO,ATL,740,1031,171,16,1047,271,270,248,2139,1755,6,1511,1801,170,0,0,,0,0,170,0,0
1383,2015,1,1,4,F9,137,N931FR,DEN,SEA,740,736,-4,11,747,173,156,138,1024,905,7,933,912,-21,0,0,,,,,,
1385,2015,1,1,4,MQ,2831,N680MQ,DFW,TUL,740,,,,,63,,,237,,,843,,,0,1,B,,,,,
1386,2015,1,1,4,MQ,2902,N609MQ,DFW,GRK,740,,,,,48,,,134,,,828,,,0,1,B,,,,,
1387,2015,1,1,4,MQ,3016,N660MQ,DFW,PNS,740,,,,,103,,,604,,,923,,,0,1,B,,,,,
1396,2015,1,1,4,OO,6322,N568SW,LAX,SAN,741,917,96,22,939,56,61,34,109,1013,5,837,1018,101,0,0,,5,0,8,88,0
1401,2015,1,1,4,OO,5208,N791SK,IAH,MIA,742,758,16,16,814,139,140,120,964,1114,4,1101,1118,17,0,0,,1,0,4,12,0
1404,2015,1,1,4,EV,4498,N12996,ORD,BTV,743,739,-4,22,801,124,119,95,763,1036,2,1047,1038,-9,0,0,,,,,,
1405,2015,1,1,4,OO,5622,N946SW,ORD,DSM,744,739,-5,25,804,80,88,57,299,901,6,904,907,3,0,0,,,,,,
1407,2015,1,1,4,UA,408,N537UA,SFO,IAD,745,742,-3,14,756,299,288,269,2419,1525,5,1544,1530,-14,0,0,,,,,,
1411,2015,1,1,4,US,1853,N554UW,ATL,PHX,745,740,-5,15,755,269,263,245,1587,1000,3,1014,1003,-11,0,0,,,,,,
1427,2015,1,1,4,AA,376,N573AA,DFW,IND,745,744,-1,36,820,120,130,90,761,1050,4,1045,1054,9,0,0,,,,,,
1428,2015,1,1,4,AA,1146,N3BJAA,DFW,SEA,745,800,15,12,812,265,232,214,1660,946,6,1010,952,-18,0,0,,,,,,
1430,2015,1,1,4,AA,1278,N4YNAA,DFW,DTW,745,741,-4,13,754,155,143,121,986,1055,9,1120,1104,-16,0,0,,,,,,
1439,2015,1,1,4,DL,986,N924DL,ATL,LGA,745,740,-5,32,812,130,169,98,762,950,39,955,1029,34,0,0,,34,0,0,0,0
1451,2015,1,1,4,F9,722,N943FR,DEN,DCA,745,740,-5,13,753,187,178,159,1476,1232,6,1252,1238,-14,0,0,,,,,,
1464,2015,1,1,4,OO,5235,N702SK,IAH,AUS,748,843,55,22,905,56,58,31,140,936,5,844,941,57,0,0,,2,0,55,0,0
1465,2015,1,1,4,VX,474,N525VA,LAX,LAS,750,745,-5,8,753,70,59,47,236,840,4,900,844,-16,0,0,,,,,,
1477,2015,1,1,4,AA,1108,N3HKAA,DFW,LGA,750,740,-10,31,811,190,190,157,1389,1148,2,1200,1150,-10,0,0,,,,,,
1480,2015,1,1,4,AA,1688,N3EUAA,DFW,DCA,750,757,7,13,810,160,142,126,1192,1116,3,1130,1119,-11,0,0,,,,,,
1486,2015,1,1,4,EV,2514,N879AS,DFW,OKC,750,,,,,55,,,175,,,845,,,0,1,A,,,,,
1491,2015,1,1,4,NK,135,N628NK,MSP,MCO,750,758,8,29,827,200,197,160,1310,1207,8,1210,1215,5,0,0,,,,,,
1492,2015,1,1,4,NK,718,N625NK,DFW,LGA,750,853,63,34,927,190,194,152,1389,1259,8,1200,1307,67,0,0,,67,0,0,0,0
1496,2015,1,1,4,OO,5614,N782SK,LAS,LAX,750,747,-3,19,806,70,68,40,236,846,9,900,855,-5,0,0,,,,,,
1500,2015,1,1,4,UA,1440,N47414,ORD,FLL,754,754,0,15,809,194,173,147,1182,1136,11,1208,1147,-21,0,0,,,,,,
1509,2015,1,1,4,WN,1989,N230WN,LAS,MKE,755,753,-2,10,803,205,187,173,1524,1256,4,1320,1300,-20,0,0,,,,,,
1512,2015,1,1,4,UA,1105,N12218,DEN,EWR,755,754,-1,12,806,224,194,172,1605,1258,10,1339,1308,-31,0,0,,,,,,
1513,2015,1,1,4,UA,1250,N66837,DEN,MCO,755,813,18,11,824,205,195,177,1546,1321,7,1320,1328,8,0,0,,,,,,
1514,2015,1,1,4,UA,1753,N76508,DEN,SFO,755,810,15,18,828,170,146,121,967,929,7,945,936,-9,0,0,,,,,,
1515,2015,1,1,4,AA,23,N371AA,DFW,SFO,755,841,46,35,916,230,233,190,1464,1026,8,945,1034,49,0,0,,3,0,46,0,0
1517,2015,1,1,4,AA,1090,N3DXAA,DFW,SNA,755,,,,,200,,,1205,,,915,,,0,1,B,,,,,
1518,2015,1,1,4,AA,1661,N439AA,DFW,MCO,755,754,-1,34,828,150,155,118,985,1126,3,1125,1129,4,0,0,,,,,,
1519,2015,1,1,4,AA,1642,N3CLAA,DFW,EWR,755,751,-4,34,825,185,195,154,1372,1159,7,1200,1206,6,0,0,,,,,,
1527,2015,1,1,4,MQ,3375,N5PBMQ,DFW,XNA,755,,,,,63,,,280,,,858,,,0,1,B,,,,,
1532,2015,1,1,4,OO,5178,N594SW,DEN,COS,755,806,11,18,824,39,43,19,73,843,6,834,849,15,0,0,,4,0,11,0,0
1533,2015,1,1,4,OO,6332,N959SW,DEN,GJT,755,756,1,18,814,62,53,33,212,847,2,857,849,-8,0,0,,,,,,
1539,2015,1,1,4,OO,6375,N494CA,DEN,BZN,757,806,9,23,829,109,112,85,524,954,4,946,958,12,0,0,,,,,,
1541,2015,1,1,4,UA,756,N491UA,DEN,IAH,758,756,-2,11,807,136,136,119,862,1106,6,1114,1112,-2,0,0,,,,,,
1542,2015,1,1,4,UA,910,N825UA,DEN,ORD,758,758,0,12,810,147,136,111,888,1101,13,1125,1114,-11,0,0,,,,,,
1543,2015,1,1,4,UA,1104,N76529,DEN,IAH,758,816,18,13,829,137,143,116,862,1125,14,1115,1139,24,0,0,,6,0,18,0,0
1551,2015,1,1,4,OO,6209,N708SK,DEN,SNA,759,835,36,13,848,149,127,109,846,937,5,928,942,14,0,0,,,,,,
1552,2015,1,1,4,OO,5313,N296SW,DEN,PUB,800,800,0,11,811,48,42,26,109,837,5,848,842,-6,0,0,,,,,,
1553,2015,1,1,4,OO,4836,N549CA,LAS,SLC,800,755,-5,15,810,85,89,66,368,1016,8,1025,1024,-1,0,0,,,,,,
1563,2015,1,1,4,UA,834,N430UA,LAS,SFO,800,756,-4,16,812,105,79,59,414,911,4,945,915,-30,0,0,,,,,,
1564,2015,1,1,4,VX,1493,N855VA,LAS,LAX,800,802,2,15,817,70,62,39,236,856,8,910,904,-6,0,0,,,,,,
1565,2015,1,1,4,VX,174,N624VA,SFO,EWR,800,754,-6,12,806,330,305,285,2565,1551,8,1630,1559,-31,0,0,,,,,,
1566,2015,1,1,4,VX,1930,N838VA,SFO,LAX,800,759,-1,14,813,80,75,53,337,906,8,920,914,-6,0,0,,,,,,
1567,2015,1,1,4,VX,1,N837VA,SFO,DCA,800,752,-8,11,803,300,286,271,2442,1534,4,1600,1538,-22,0,0,,,,,,
1572,2015,1,1,4,WN,446,N618WN,LAS,BOI,800,749,-11,12,801,105,100,84,519,1025,4,1045,1029,-16,0,0,,,,,,
1573,2015,1,1,4,WN,4657,N410WN,LAS,MDW,800,758,-2,11,809,210,199,183,1521,1312,5,1330,1317,-13,0,0,,,,,,
1574,2015,1,1,4,WN,1768,N907WN,LAS,PHX,800,752,-8,10,802,65,61,48,255,950,3,1005,953,-12,0,0,,,,,,
1584,2015,1,1,4,UA,1130,N37468,LAX,ORD,800,759,-1,10,809,250,223,198,1744,1327,15,1410,1342,-28,0,0,,,,,,
1587,2015,1,1,4,UA,1610,N37427,ORD,MCO,800,814,14,15,829,162,151,129,1005,1138,7,1142,1145,3,0,0,,,,,,
1588,2015,1,1,4,UA,1620,N24729,ORD,LGA,800,800,0,15,815,129,108,90,733,1045,3,1109,1048,-21,0,0,,,,,,
1590,2015,1,1,4,US,514,N722US,IAH,MIA,800,751,-9,12,803,141,129,112,964,1055,5,1121,1100,-21,0,0,,,,,,
1592,2015,1,1,4,US,540,N809AW,PHX,DFW,800,825,25,27,852,135,145,108,868,1140,10,1115,1150,35,0,0,,10,0,25,0,0
1595,2015,1,1,4,AA,206,N5BVAA,DFW,MIA,800,903,63,40,943,165,180,131,1121,1254,9,1145,1303,78,0,0,,15,0,63,0,0
1596,2015,1,1,4,AA,306,N859AA,LAX,MIA,800,759,-1,13,812,292,280,257,2342,1529,10,1552,1539,-13,0,0,,,,,,
1601,2015,1,1,4,AA,1422,N003AA,DFW,HDN,800,918,78,30,948,145,145,111,769,1039,4,925,1043,78,0,0,,0,0,78,0,0
1603,2015,1,1,4,AA,1677,N560AA,DFW,MEM,800,926,86,34,1000,90,98,61,432,1101,3,930,1104,94,0,0,,8,0,66,20,0
1604,2015,1,1,4,AA,2255,N514AA,DFW,RIC,800,757,-3,18,815,160,151,128,1158,1123,5,1140,1128,-12,0,0,,,,,,
1606,2015,1,1,4,AA,2381,N633AA,LAX,MCO,800,759,-1,10,809,280,270,257,2218,1526,3,1540,1529,-11,0,0,,,,,,
1607,2015,1,1,4,AA,2470,N5CAAA,DFW,BOS,800,756,-4,49,845,205,230,177,1562,1242,4,1225,1246,21,0,0,,21,0,0,0,0
1608,2015,1,1,4,AA,2428,N5DEAA,LAX,DFW,800,757,-3,17,814,180,173,149,1235,1243,7,1300,1250,-10,0,0,,,,,,
1609,2015,1,1,4,AA,2413,N357AA,DFW,LAX,800,1008,128,30,1038,210,211,168,1235,1126,13,930,1139,129,0,0,,1,0,117,11,0
1612,2015,1,1,4,AS,23,N305AS,ORD,SEA,800,757,-3,14,811,279,255,237,1721,1008,4,1039,1012,-27,0,0,,,,,,
1619,2015,1,1,4,AS,637,N756AS,PHX,SEA,800,751,-9,13,804,180,172,155,1107,939,4,1000,943,-17,0,0,,,,,,
1620,2015,1,1,4,AS,665,N461AS,DFW,SEA,800,755,-5,64,859,274,286,217,1660,1036,5,1034,1041,7,0,0,,,,,,
1621,2015,1,1,4,AS,679,N520AS,DEN,SEA,800,754,-6,25,819,191,167,137,1024,936,5,1011,941,-30,0,0,,,,,,
1625,2015,1,1,4,B6,434,N637JB,SFO,BOS,800,800,0,14,814,329,323,304,2704,1618,5,1629,1623,-6,0,0,,,,,,
1633,2015,1,1,4,DL,786,N369NW,DFW,MSP,800,858,58,35,933,142,139,100,852,1113,4,1022,1117,55,0,0,,0,0,37,0,18
1644,2015,1,1,4,DL,2226,N820DN,ATL,FLL,800,759,-1,15,814,110,98,80,581,934,3,950,937,-13,0,0,,,,,,
1652,2015,1,1,4,DL,1616,N964DN,DEN,ATL,800,800,0,22,822,185,168,137,1199,1239,9,1305,1248,-17,0,0,,,,,,
1655,2015,1,1,4,DL,1930,N377NW,PHX,MSP,800,820,20,17,837,187,170,149,1276,1206,4,1207,1210,3,0,0,,,,,,
1663,2015,1,1,4,F9,657,N933FR,DEN,SFO,800,758,-2,13,811,159,135,113,967,904,9,939,913,-26,0,0,,,,,,
1665,2015,1,1,4,HA,35,N589HA,PHX,HNL,800,750,-10,12,802,400,414,396,2917,1138,6,1140,1144,4,0,0,,,,,,
1668,2015,1,1,4,MQ,2780,N631MQ,DFW,MKE,800,,,,,138,,,853,,,1018,,,0,1,B,,,,,
1672,2015,1,1,4,MQ,3065,N908MQ,DFW,GSO,800,,,,,143,,,999,,,1123,,,0,1,B,,,,,
1673,2015,1,1,4,MQ,3154,N625MQ,DFW,VPS,800,,,,,108,,,641,,,948,,,0,1,B,,,,,
1674,2015,1,1,4,MQ,3320,N649MQ,DFW,LAW,800,,,,,43,,,140,,,843,,,0,1,B,,,,,
1684,2015,1,1,4,OO,2583,N492SW,LAX,SAN,800,756,-4,11,807,50,42,27,109,834,4,850,838,-12,0,0,,,,,,
1685,2015,1,1,4,OO,5556,N768SK,ORD,DCA,800,800,0,16,816,111,95,75,612,1031,4,1051,1035,-16,0,0,,,,,,
1690,2015,1,1,4,OO,6521,N874AS,DEN,SAN,800,859,59,13,912,150,132,112,853,1004,7,930,1011,41,0,0,,0,0,41,0,0
1692,2015,1,1,4,NK,562,N510NK,LAS,DEN,801,756,-5,11,807,108,108,87,628,1034,10,1049,1044,-5,0,0,,,,,,
1695,2015,1,1,4,UA,1596,N76502,SFO,DEN,802,805,3,19,824,153,168,126,967,1130,23,1135,1153,18,0,0,,18,0,0,0,0
1699,2015,1,1,4,UA,456,N830UA,DEN,LAX,804,805,1,18,823,155,149,111,862,914,20,939,934,-5,0,0,,,,,,
1702,2015,1,1,4,OO,5241,N742SK,DEN,SAT,804,821,17,9,830,132,129,115,794,1125,5,1116,1130,14,0,0,,,,,,
1703,2015,1,1,4,OO,6431,N744SK,LAX,SAT,804,823,19,30,853,172,177,142,1211,1315,5,1256,1320,24,0,0,,5,0,0,19,0
1705,2015,1,1,4,US,1803,N173US,DEN,PHX,805,801,-4,21,822,130,144,94,602,956,29,1015,1025,10,0,0,,,,,,
1707,2015,1,1,4,WN,696,N8618N,ATL,HOU,805,806,1,11,817,135,131,116,696,913,4,920,917,-3,0,0,,,,,,
1714,2015,1,1,4,WN,1629,N215WN,PHX,MDW,805,805,0,9,814,195,177,163,1444,1157,5,1220,1202,-18,0,0,,,,,,
1719,2015,1,1,4,UA,1156,N33286,DEN,RSW,805,806,1,12,818,217,202,185,1607,1323,5,1342,1328,-14,0,0,,,,,,
1720,2015,1,1,4,UA,1173,N56859,SFO,HNL,805,832,27,13,845,334,324,307,2398,1152,4,1139,1156,17,0,0,,0,0,17,0,0
1721,2015,1,1,4,UA,1454,N37420,ORD,LAS,805,812,7,16,828,243,231,209,1514,957,6,1008,1003,-5,0,0,,,,,,
1724,2015,1,1,4,US,534,N680AW,IAH,PHX,805,803,-2,34,837,186,192,150,1009,1007,8,1011,1015,4,0,0,,,,,,
1726,2015,1,1,4,AA,31,N5ESAA,LAX,HNL,805,828,23,12,840,365,362,346,2556,1226,4,1210,1230,20,0,0,,0,0,20,0,0
1730,2015,1,1,4,AA,1680,N5CEAA,LAS,DFW,805,805,0,13,818,160,154,133,1055,1231,8,1245,1239,-6,0,0,,,,,,
1731,2015,1,1,4,AA,2286,N471AA,DFW,SAT,805,,,,,70,,,247,,,915,,,0,1,B,,,,,
1733,2015,1,1,4,DL,1105,N140LL,ATL,SLC,805,805,0,14,819,265,249,224,1590,1003,11,1030,1014,-16,0,0,,,,,,
1735,2015,1,1,4,AA,1460,N3FDAA,DFW,PHX,805,,,,,170,,,868,,,955,,,0,1,B,,,,,
1737,2015,1,1,4,F9,769,N934FR,DEN,LAS,805,803,-2,10,813,112,99,84,628,837,5,857,842,-15,0,0,,,,,,
1738,2015,1,1,4,F9,403,N951FR,DEN,LAX,805,841,36,9,850,144,137,114,862,944,14,929,958,29,0,0,,0,0,0,29,0
1739,2015,1,1,4,MQ,3200,N8EGMQ,DFW,LBB,805,836,31,54,930,63,104,44,282,1014,6,908,1020,72,0,0,,41,0,31,0,0
1740,2015,1,1,4,OO,2587,N693BR,LAX,TUS,805,755,-10,11,806,85,77,62,451,1008,4,1030,1012,-18,0,0,,,,,,
1742,2015,1,1,4,OO,5259,N952SW,DEN,STL,805,815,10,14,829,122,112,94,770,1103,4,1107,1107,0,0,0,,,,,,
1744,2015,1,1,4,OO,4597,N606SK,LAX,JAC,805,800,-5,21,821,148,143,116,784,1117,6,1133,1123,-10,0,0,,,,,,
1746,2015,1,1,4,OO,5533,N970SW,DEN,BIL,805,756,-9,12,808,93,82,65,455,913,5,938,918,-20,0,0,,,,,,
1747,2015,1,1,4,OO,5253,N926SW,DEN,TUS,805,836,31,12,848,127,118,101,639,1029,5,1012,1034,22,0,0,,0,0,15,7,0
1748,2015,1,1,4,OO,6404,N701BR,SFO,EUG,805,758,-7,19,817,95,93,68,451,925,6,940,931,-9,0,0,,,,,,
1749,2015,1,1,4,OO,6407,N767SK,ORD,ASE,805,800,-5,15,815,181,186,166,1013,1001,5,1006,1006,0,0,0,,,,,,
1753,2015,1,1,4,OO,6379,N105SY,ORD,SAT,806,805,-1,14,819,191,189,172,1041,1111,3,1117,1114,-3,0,0,,,,,,
1754,2015,1,1,4,OO,6343,N740SK,SFO,SNA,806,807,1,17,824,92,86,62,372,926,7,938,933,-5,0,0,,,,,,
1755,2015,1,1,4,OO,5181,N719SK,LAX,ASE,807,801,-6,22,823,128,140,113,737,1116,5,1115,1121,6,0,0,,,,,,
1757,2015,1,1,4,UA,1611,N77518,LAX,IAH,808,810,2,12,822,197,202,164,1379,1306,26,1325,1332,7,0,0,,,,,,
1761,2015,1,1,4,OO,6389,N958SW,ORD,TVC,808,803,-5,18,821,65,65,42,224,1003,5,1013,1008,-5,0,0,,,,,,
1764,2015,1,1,4,OO,6360,N960SW,DEN,MTJ,809,801,-8,29,830,60,66,33,196,903,4,909,907,-2,0,0,,,,,,
1769,2015,1,1,4,US,682,N818AW,LAX,RDU,810,800,-10,16,816,280,270,239,2239,1515,15,1550,1530,-20,0,0,,,,,,
1772,2015,1,1,4,UA,709,N418UA,ORD,SAN,810,808,-2,10,818,270,245,233,1723,1011,2,1040,1013,-27,0,0,,,,,,
1773,2015,1,1,4,VX,162,N637VA,LAX,EWR,810,810,0,8,818,320,297,280,2454,1558,9,1630,1607,-23,0,0,,,,,,
1774,2015,1,1,4,WN,2098,N409WN,ATL,PHL,810,802,-8,12,814,125,107,90,666,944,5,1015,949,-26,0,0,,,,,,
1787,2015,1,1,4,AA,44,N3AJAA,LAS,JFK,810,803,-7,17,820,295,272,248,2248,1528,7,1605,1535,-30,0,0,,,,,,
1796,2015,1,1,4,DL,2513,N966DL,ATL,OKC,810,820,10,11,831,147,136,121,761,932,4,937,936,-1,0,0,,,,,,
1797,2015,1,1,4,DL,55,N953AT,ATL,IAH,810,809,-1,19,828,142,133,109,689,917,5,932,922,-10,0,0,,,,,,
1798,2015,1,1,4,DL,1578,N372DA,ATL,DEN,810,809,-1,13,822,210,208,176,1199,918,19,940,937,-3,0,0,,,,,,
1799,2015,1,1,4,EV,4401,N16559,ORD,CHS,810,807,-3,15,822,130,121,92,760,1054,14,1120,1108,-12,0,0,,,,,,
1806,2015,1,1,4,F9,553,N223FR,DEN,SAN,810,804,-6,11,815,138,130,115,853,910,4,928,914,-14,0,0,,,,,,
1809,2015,1,1,4,MQ,3544,N698MQ,DFW,CAE,810,,,,,133,,,922,,,1123,,,0,1,B,,,,,
1811,2015,1,1,4,NK,188,N505NK,LAS,DTW,810,815,5,11,826,232,232,207,1749,1453,14,1502,1507,5,0,0,,,,,,
1816,2015,1,1,4,UA,275,N598UA,LAX,JFK,811,806,-5,20,826,319,300,277,2475,1603,3,1630,1606,-24,0,0,,,,,,
1817,2015,1,1,4,UA,491,N478UA,DEN,PHX,811,811,0,14,825,124,115,96,602,1001,5,1015,1006,-9,0,0,,,,,,
1819,2015,1,1,4,DL,1122,N916DN,ATL,RSW,811,807,-4,33,840,102,109,71,515,951,5,953,956,3,0,0,,,,,,
1820,2015,1,1,4,OO,6228,N727SK,DEN,BOI,811,824,13,18,842,126,111,89,649,1011,4,1017,1015,-2,0,0,,,,,,
1821,2015,1,1,4,OO,4993,N908SW,ORD,IND,811,802,-9,11,813,63,51,33,177,946,7,1014,953,-21,0,0,,,,,,
1822,2015,1,1,4,UA,454,N812UA,ORD,PHL,812,809,-3,11,820,122,97,81,678,1041,5,1114,1046,-28,0,0,,,,,,
1826,2015,1,1,4,UA,1665,N37437,ORD,LAX,813,834,21,22,856,277,272,236,1744,1052,14,1050,1106,16,0,0,,0,0,16,0,0
1827,2015,1,1,4,EV,4158,N11107,ORD,MSY,813,812,-1,14,826,151,144,122,837,1028,8,1044,1036,-8,0,0,,,,,,
1833,2015,1,1,4,OO,5577,N930SW,LAX,BZN,814,806,-8,25,831,169,173,144,902,1155,4,1203,1159,-4,0,0,,,,,,
1837,2015,1,1,4,US,1814,N941UW,PHX,PHL,815,844,29,15,859,257,256,237,2075,1456,4,1432,1500,28,0,0,,0,0,28,0,0
1838,2015,1,1,4,US,1841,N581UW,DEN,CLT,815,807,-8,28,835,188,185,145,1337,1300,12,1323,1312,-11,0,0,,,,,,
1841,2015,1,1,4,WN,2063,N456WN,LAS,CMH,815,813,-2,27,840,230,230,199,1771,1459,4,1505,1503,-2,0,0,,,,,,
1851,2015,1,1,4,UA,1498,N13113,LAX,EWR,815,806,-9,13,819,319,286,265,2454,1544,8,1634,1552,-42,0,0,,,,,,
1855,2015,1,1,4,AA,314,N585AA,DFW,ATL,815,808,-7,43,851,120,139,90,731,1121,6,1115,1127,12,0,0,,,,,,
1856,2015,1,1,4,AA,240,N3BLAA,LAX,DCA,815,814,-1,18,832,290,270,244,2311,1536,8,1605,1544,-21,0,0,,,,,,
1860,2015,1,1,4,AA,1475,N3JKAA,DFW,AUS,815,811,-4,32,843,60,84,47,190,930,5,915,935,20,0,0,,20,0,0,0,0
1861,2015,1,1,4,AA,1652,N015AA,ATL,MIA,815,806,-9,11,817,117,97,81,594,938,5,1012,943,-29,0,0,,,,,,
1865,2015,1,1,4,B6,124,N943JB,LAX,JFK,815,814,-1,10,824,316,298,279,2475,1603,9,1631,1612,-19,0,0,,,,,,
1872,2015,1,1,4,DL,1197,N750AT,LAX,OGG,815,809,-6,19,828,352,365,340,2486,1208,6,1207,1214,7,0,0,,,,,,
1873,2015,1,1,4,AA,1368,N5BRAA,SFO,DFW,815,809,-6,13,822,210,208,184,1464,1326,11,1345,1337,-8,0,0,,,,,,
1874,2015,1,1,4,DL,1966,N522US,DFW,ATL,815,816,1,48,904,123,141,88,731,1132,5,1118,1137,19,0,0,,19,0,0,0,0
1876,2015,1,1,4,DL,2049,N6709,ATL,SFO,815,815,0,14,829,328,299,278,2139,1007,7,1043,1014,-29,0,0,,,,,,
1879,2015,1,1,4,DL,2441,N975AT,ATL,MEM,815,815,0,12,827,89,74,58,332,825,4,844,829,-15,0,0,,,,,,
1883,2015,1,1,4,F9,261,N952FR,DEN,SNA,815,818,3,24,842,140,139,111,846,933,4,935,937,2,0,0,,,,,,
1884,2015,1,1,4,MQ,2832,N668MQ,DFW,HSV,815,830,15,38,908,103,116,73,603,1021,5,958,1026,28,0,0,,13,0,15,0,0
1886,2015,1,1,4,MQ,2897,N907MQ,DFW,GPT,815,,,,,88,,,500,,,943,,,0,1,B,,,,,
1891,2015,1,1,4,NK,815,N516NK,ORD,MSY,815,814,-1,13,827,148,135,117,837,1024,5,1043,1029,-14,0,0,,,,,,
1893,2015,1,1,4,OO,4700,N162PQ,DFW,SLC,815,811,-4,39,850,181,189,142,989,1012,8,1016,1020,4,0,0,,,,,,
1894,2015,1,1,4,OO,6378,N109SY,ORD,ATL,815,955,100,16,1011,121,109,85,606,1236,8,1116,1244,88,0,0,,0,0,63,25,0
1902,2015,1,1,4,UA,1161,N75854,ORD,SFO,818,852,34,16,908,282,240,212,1846,1040,12,1100,1052,-8,0,0,,,,,,
1905,2015,1,1,4,NK,812,N632NK,DFW,TPA,818,,,,,136,,,929,,,1134,,,0,1,B,,,,,
1909,2015,1,1,4,VX,108,N627VA,LAX,IAD,820,816,-4,9,825,285,263,248,2288,1533,6,1605,1539,-26,0,0,,,,,,
1910,2015,1,1,4,VX,340,N631VA,SFO,FLL,820,816,-4,17,833,320,327,305,2583,1638,5,1640,1643,3,0,0,,,,,,
1914,2015,1,1,4,WN,1851,N406WN,LAS,BUR,820,815,-5,9,824,65,55,44,223,908,2,925,910,-15,0,0,,,,,,
1916,2015,1,1,4,WN,450,N611SW,ATL,FLL,820,826,6,13,839,110,104,87,581,1006,4,1010,1010,0,0,0,,,,,,
1921,2015,1,1,4,UA,1460,N75426,LAX,SFO,820,816,-4,15,831,99,103,55,337,926,33,959,959,0,0,0,,,,,,
1922,2015,1,1,4,UA,1561,N66825,PHX,IAH,820,838,18,11,849,152,135,118,1009,1147,6,1152,1153,1,0,0,,,,,,
1923,2015,1,1,4,UA,1688,N69826,ORD,SJU,820,824,4,11,835,280,245,225,2072,1420,9,1500,1429,-31,0,0,,,,,,
1924,2015,1,1,4,US,457,N585UW,DFW,PHX,820,822,2,14,836,172,169,143,868,959,12,1012,1011,-1,0,0,,,,,,
1925,2015,1,1,4,US,591,N753US,PHX,SJC,820,856,36,18,914,116,115,95,621,949,2,916,951,35,0,0,,0,0,35,0,0
1926,2015,1,1,4,AA,96,N553AA,DFW,STL,820,831,11,21,852,95,94,70,550,1002,3,955,1005,10,0,0,,,,,,
1927,2015,1,1,4,AA,242,N3DCAA,SFO,ORD,820,818,-2,15,833,250,248,225,1846,1418,8,1430,1426,-4,0,0,,,,,,
1928,2015,1,1,4,AA,1301,N487AA,MSP,DFW,820,,,,,160,,,852,,,1100,,,0,1,B,,,,,
1930,2015,1,1,4,DL,2013,N680DA,ATL,LAS,820,817,-3,16,833,277,264,244,1747,937,4,957,941,-16,0,0,,,,,,
1931,2015,1,1,4,DL,2198,N6715C,MSP,DTW,820,815,-5,23,838,110,101,71,528,1049,7,1110,1056,-14,0,0,,,,,,
1934,2015,1,1,4,DL,323,N654DL,ATL,SJU,820,818,-2,24,842,208,199,171,1547,1233,4,1248,1237,-11,0,0,,,,,,
1943,2015,1,1,4,OO,5242,N788SK,LAX,AUS,820,816,-4,41,857,178,202,155,1242,1332,6,1318,1338,20,0,0,,20,0,0,0,0
1948,2015,1,1,4,DL,2183,N904DL,ATL,ORD,821,836,15,24,900,131,126,94,606,934,8,932,942,10,0,0,,,,,,
1949,2015,1,1,4,OO,6571,N907SW,PHX,YUM,821,827,6,18,845,56,62,35,160,920,9,917,929,12,0,0,,,,,,
1950,2015,1,1,4,DL,1134,N973DL,ATL,PBI,822,819,-3,25,844,108,108,79,545,1003,4,1010,1007,-3,0,0,,,,,,
1951,2015,1,1,4,DL,110,N826DN,ATL,LAX,822,821,-1,16,837,308,314,261,1947,958,37,1030,1035,5,0,0,,,,,,
1953,2015,1,1,4,UA,581,N448UA,DEN,IAD,823,830,7,11,841,190,170,154,1452,1315,5,1333,1320,-13,0,0,,,,,,
1954,2015,1,1,4,UA,1209,N14250,LAX,DEN,823,931,68,16,947,141,133,112,862,1239,5,1144,1244,60,0,0,,0,0,60,0,0
1955,2015,1,1,4,UA,1739,N73275,SFO,EWR,823,822,-1,14,836,336,320,294,2565,1630,12,1659,1642,-17,0,0,,,,,,
1960,2015,1,1,4,US,718,N586UW,SFO,PHL,825,826,1,12,838,317,312,296,2521,1634,4,1642,1638,-4,0,0,,,,,,
1963,2015,1,1,4,UA,523,N492UA,ORD,DEN,825,925,60,15,940,160,176,119,888,1039,42,1005,1121,76,0,0,,16,0,60,0,0
1965,2015,1,1,4,WN,774,N562WN,ATL,MDW,825,826,1,19,845,120,120,95,591,920,6,925,926,1,0,0,,,,,,
1974,2015,1,1,4,AA,1667,N4YLAA,DFW,MSY,825,822,-3,32,854,85,96,62,447,956,2,950,958,8,0,0,,,,,,
1977,2015,1,1,4,DL,661,N6702,ATL,STT,825,842,17,13,855,215,193,176,1599,1251,4,1300,1255,-5,0,0,,,,,,
1978,2015,1,1,4,DL,1477,N530US,ORD,ATL,825,827,2,18,845,123,103,79,606,1104,6,1128,1110,-18,0,0,,,,,,
1979,2015,1,1,4,DL,1952,N915AT,ATL,TLH,825,821,-4,13,834,66,59,40,223,914,6,931,920,-11,0,0,,,,,,
1983,2015,1,1,4,EV,2517,N901EV,DFW,MLI,825,,,,,110,,,691,,,1015,,,0,1,A,,,,,
1984,2015,1,1,4,MQ,2967,N923MQ,DFW,SAV,825,,,,,133,,,925,,,1138,,,0,1,B,,,,,
1986,2015,1,1,4,MQ,3676,N612MQ,DFW,AMA,825,,,,,68,,,312,,,933,,,0,1,B,,,,,
1989,2015,1,1,4,OO,6506,N925SW,LAX,BOI,825,817,-8,21,838,129,139,114,674,1132,4,1134,1136,2,0,0,,,,,,
1991,2015,1,1,4,DL,2380,N908DA,ATL,JAX,826,821,-5,15,836,67,61,41,270,917,5,933,922,-11,0,0,,,,,,
1993,2015,1,1,4,F9,573,N905FR,DEN,SLC,827,825,-2,9,834,86,75,57,391,931,9,953,940,-13,0,0,,,,,,
1996,2015,1,1,4,UA,792,N433UA,ORD,SNA,829,850,21,14,904,273,250,232,1726,1056,4,1102,1100,-2,0,0,,,,,,
2002,2015,1,1,4,UA,725,N828UA,ORD,PHX,830,906,36,13,919,238,239,219,1440,1158,7,1128,1205,37,0,0,,1,0,36,0,0
2003,2015,1,1,4,UA,790,N493UA,SFO,IAH,830,824,-6,14,838,230,224,201,1635,1359,9,1420,1408,-12,0,0,,,,,,
2005,2015,1,1,4,VX,360,N641VA,LAX,BOS,830,826,-4,9,835,320,296,281,2611,1616,6,1650,1622,-28,0,0,,,,,,
2021,2015,1,1,4,US,628,N155UW,DFW,CLT,830,827,-3,45,912,148,161,103,936,1155,13,1158,1208,10,0,0,,,,,,
2022,2015,1,1,4,AA,395,N3MCAA,ORD,SJU,830,1409,339,14,1423,270,241,223,2072,2006,4,1500,2010,310,0,0,,0,0,75,235,0
2025,2015,1,1,4,AA,1110,N3CKAA,DFW,LGA,830,827,-3,29,856,195,185,151,1389,1227,5,1245,1232,-13,0,0,,,,,,
2030,2015,1,1,4,AA,2263,N434AA,DFW,CMH,830,,,,,140,,,926,,,1150,,,0,1,B,,,,,
2031,2015,1,1,4,AA,2430,N5CNAA,LAX,DFW,830,835,5,17,852,185,177,150,1235,1322,10,1335,1332,-3,0,0,,,,,,
2039,2015,1,1,4,DL,414,N710TW,SFO,JFK,830,956,86,19,1015,325,322,291,2586,1806,12,1655,1818,83,0,0,,0,0,83,0,0
2041,2015,1,1,4,DL,611,N187DN,LAX,HNL,830,825,-5,14,839,358,363,345,2556,1224,4,1228,1228,0,0,0,,,,,,
2042,2015,1,1,4,DL,784,N556NW,ATL,MSP,830,826,-4,30,856,162,174,139,907,1015,5,1012,1020,8,0,0,,,,,,
2047,2015,1,1,4,AA,903,N017AA,LAX,EGE,830,823,-7,41,904,135,158,112,748,1156,5,1145,1201,16,0,0,,16,0,0,0,0
2050,2015,1,1,4,DL,2122,N343NW,PHX,DTW,830,913,43,12,925,225,197,178,1671,1423,7,1415,1430,15,0,0,,0,0,0,0,15
2057,2015,1,1,4,EV,2548,N905EV,DFW,BTR,830,829,-1,28,857,80,89,55,383,952,6,950,958,8,0,0,,,,,,
2059,2015,1,1,4,EV,5589,N882AS,ATL,MOB,830,825,-5,10,835,80,63,50,302,825,3,850,828,-22,0,0,,,,,,
2060,2015,1,1,4,F9,530,N902FR,DEN,MDW,830,825,-5,19,844,134,137,112,895,1136,6,1144,1142,-2,0,0,,,,,,
2064,2015,1,1,4,MQ,3433,N813MQ,DFW,JAN,830,,,,,78,,,408,,,948,,,0,1,B,,,,,
2068,2015,1,1,4,OO,6207,N771SK,SFO,LAS,830,825,-5,15,840,96,101,76,414,956,10,1006,1006,0,0,0,,,,,,
2071,2015,1,1,4,OO,5446,N652BR,ORD,FWA,830,822,-8,21,843,58,56,29,157,1012,6,1028,1018,-10,0,0,,,,,,
2073,2015,1,1,4,MQ,3222,N631MQ,DFW,MSN,830,,,,,128,,,821,,,1038,,,0,1,B,,,,,
2074,2015,1,1,4,OO,5544,N479CA,DEN,BIS,830,823,-7,16,839,102,103,82,516,1101,5,1112,1106,-6,0,0,,,,,,
2075,2015,1,1,4,OO,5636,N237SW,SFO,MFR,830,824,-6,12,836,107,89,76,329,952,1,1017,953,-24,0,0,,,,,,
2079,2015,1,1,4,DL,2025,N949DL,ATL,BWI,831,827,-4,16,843,109,102,78,577,1001,8,1020,1009,-11,0,0,,,,,,
2085,2015,1,1,4,DL,2310,N930DL,ATL,DFW,832,830,-2,14,844,153,137,114,731,938,9,1005,947,-18,0,0,,,,,,
2087,2015,1,1,4,OO,5192,N754SK,LAX,JAC,834,833,-1,23,856,148,143,115,784,1151,5,1202,1156,-6,0,0,,,,,,
2088,2015,1,1,4,UA,278,N826UA,SFO,SEA,835,835,0,15,850,133,121,98,679,1028,8,1048,1036,-12,0,0,,,,,,
2089,2015,1,1,4,US,690,N207UW,PHX,HNL,835,835,0,30,905,405,419,386,2917,1231,3,1220,1234,14,0,0,,,,,,
2090,2015,1,1,4,US,754,N556UW,LAX,PHL,835,830,-5,15,845,304,286,262,2402,1607,9,1639,1616,-23,0,0,,,,,,
2092,2015,1,1,4,UA,549,N802UA,ORD,PDX,835,903,28,12,915,277,245,229,1739,1104,4,1112,1108,-4,0,0,,,,,,
2095,2015,1,1,4,WN,23,N229WN,DEN,DAL,835,834,-1,17,851,115,119,99,651,1130,3,1130,1133,3,0,0,,,,,,
2096,2015,1,1,4,WN,1093,N608SW,DEN,TUS,835,837,2,17,854,120,120,99,639,1033,4,1035,1037,2,0,0,,,,,,
2099,2015,1,1,4,WN,2182,N773SA,LAS,ABQ,835,828,-7,8,836,85,78,64,486,1040,6,1100,1046,-14,0,0,,,,,,
2104,2015,1,1,4,US,455,N651AW,PHX,SLC,835,832,-3,12,844,98,96,74,507,958,10,1013,1008,-5,0,0,,,,,,
2105,2015,1,1,4,US,560,N663AW,PHX,SEA,835,845,10,13,858,187,170,151,1107,1029,6,1042,1035,-7,0,0,,,,,,
2108,2015,1,1,4,AA,1279,N541AA,DFW,OMA,835,838,3,9,847,105,88,75,583,1002,4,1020,1006,-14,0,0,,,,,,
2124,2015,1,1,4,F9,828,N932FR,DEN,MCI,835,829,-6,9,838,90,84,70,533,1048,5,1105,1053,-12,0,0,,,,,,
2125,2015,1,1,4,MQ,2755,N692MQ,DFW,LFT,835,,,,,73,,,351,,,948,,,0,1,B,,,,,
2126,2015,1,1,4,MQ,3007,N649MQ,DFW,GRR,835,,,,,143,,,931,,,1158,,,0,1,B,,,,,
2129,2015,1,1,4,NK,121,N635NK,ORD,RSW,835,831,-4,9,840,172,154,139,1120,1159,6,1227,1205,-22,0,0,,,,,,
2131,2015,1,1,4,OO,2602,N869AS,LAX,ELP,835,833,-2,27,900,115,122,90,715,1130,5,1130,1135,5,0,0,,,,,,
2132,2015,1,1,4,OO,6289,N763SK,SFO,MMH,835,832,-3,19,851,65,68,46,193,937,3,940,940,0,0,0,,,,,,
2135,2015,1,1,4,OO,5439,N292SW,SFO,CEC,835,825,-10,24,849,94,107,77,304,1006,6,1009,1012,3,0,0,,,,,,
2142,2015,1,1,4,OO,5445,N563SW,SFO,SBP,837,1013,96,16,1029,68,60,41,190,1110,3,945,1113,88,0,0,,0,0,82,6,0
2143,2015,1,1,4,OO,5640,N567SW,SFO,SBA,837,834,-3,20,854,84,89,65,262,959,4,1001,1003,2,0,0,,,,,,
2144,2015,1,1,4,OO,6336,N507CA,SFO,RNO,837,832,-5,14,846,61,57,39,192,925,4,938,929,-9,0,0,,,,,,
2148,2015,1,1,4,F9,706,N948FR,DEN,MSY,838,832,-6,16,848,147,161,138,1062,1206,7,1205,1213,8,0,0,,,,,,
2151,2015,1,1,4,NK,107,N602NK,DFW,SAN,839,831,-8,31,902,193,212,171,1171,953,10,952,1003,11,0,0,,,,,,
2153,2015,1,1,4,OO,5551,N758SK,DEN,SEA,839,858,19,12,910,181,153,135,1024,1025,6,1040,1031,-9,0,0,,,,,,
2154,2015,1,1,4,OO,5539,N107SY,SFO,SLC,839,843,4,13,856,112,112,96,599,1132,3,1131,1135,4,0,0,,,,,,
2155,2015,1,1,4,OO,6459,N929EV,ORD,OMA,839,834,-5,15,849,96,89,70,416,959,4,1015,1003,-12,0,0,,,,,,
2156,2015,1,1,4,UA,245,N459UA,ORD,RSW,840,843,3,14,857,179,155,138,1120,1215,3,1239,1218,-21,0,0,,,,,,
2157,2015,1,1,4,UA,306,N440UA,LAX,BWI,840,834,-6,14,848,296,269,250,2329,1558,5,1636,1603,-33,0,0,,,,,,
2161,2015,1,1,4,VX,312,N854VA,LAX,MCO,840,841,1,10,851,280,277,256,2218,1607,11,1620,1618,-2,0,0,,,,,,
2162,2015,1,1,4,WN,4547,N354SW,DEN,LAS,840,835,-5,23,858,115,110,84,628,922,3,935,925,-10,0,0,,,,,,
2164,2015,1,1,4,WN,4660,N8610A,LAS,MCO,840,836,-4,12,848,260,257,237,2039,1545,8,1600,1553,-7,0,0,,,,,,
2171,2015,1,1,4,US,491,N582UW,PHX,LAX,840,847,7,19,906,90,93,60,370,906,14,910,920,10,0,0,,,,,,
2173,2015,1,1,4,AA,59,N5DFAA,LAX,KOA,840,837,-3,17,854,350,352,332,2504,1226,3,1230,1229,-1,0,0,,,,,,
2174,2015,1,1,4,AA,208,N355AA,LAX,MIA,840,842,2,19,901,293,285,264,2342,1625,2,1633,1627,-6,0,0,,,,,,
2176,2015,1,1,4,AA,1387,N3KGAA,DFW,IAD,840,837,-3,16,853,155,149,130,1172,1203,3,1215,1206,-9,0,0,,,,,,
2182,2015,1,1,4,AS,455,N462AS,LAX,SEA,840,839,-1,20,859,167,161,134,954,1113,7,1127,1120,-7,0,0,,,,,,
2185,2015,1,1,4,DL,1995,N977DL,ATL,TPA,840,901,21,13,914,85,80,64,406,1018,3,1005,1021,16,0,0,,0,0,16,0,0
2187,2015,1,1,4,DL,1494,N947DN,ATL,PHL,840,836,-4,11,847,119,100,82,666,1009,7,1039,1016,-23,0,0,,,,,,
2189,2015,1,1,4,AA,2385,N467AA,DFW,JAX,840,833,-7,64,937,135,176,106,918,1223,6,1155,1229,34,0,0,,34,0,0,0,0
2190,2015,1,1,4,EV,2556,N906EV,DFW,CLL,840,,,,,50,,,164,,,930,,,0,1,A,,,,,
2194,2015,1,1,4,HA,1,N396HA,LAX,HNL,840,840,0,12,852,345,364,347,2556,1239,5,1225,1244,19,0,0,,0,0,19,0,0
2196,2015,1,1,4,MQ,3342,N817MQ,DFW,LEX,840,,,,,123,,,785,,,1143,,,0,1,B,,,,,
2197,2015,1,1,4,MQ,3364,N689MQ,DFW,BHM,840,,,,,98,,,597,,,1018,,,0,1,B,,,,,
2202,2015,1,1,4,OO,6508,N706SK,SFO,ASE,840,831,-9,18,849,135,149,127,848,1156,4,1155,1200,5,0,0,,,,,,
2204,2015,1,1,4,UA,1615,N37273,SFO,IAD,841,837,-4,11,848,299,280,264,2419,1612,5,1640,1617,-23,0,0,,,,,,
2206,2015,1,1,4,UA,496,N436UA,SFO,PDX,842,841,-1,14,855,112,102,84,550,1019,4,1034,1023,-11,0,0,,,,,,
2208,2015,1,1,4,F9,520,N207FR,DEN,CLE,843,841,-2,12,853,167,185,138,1201,1311,35,1330,1346,16,0,0,,16,0,0,0,0
2215,2015,1,1,4,UA,538,N807UA,ORD,SRQ,845,856,11,17,913,166,159,138,1050,1231,4,1231,1235,4,0,0,,,,,,
2216,2015,1,1,4,UA,641,,LAX,HNL,845,,,,,344,,,2556,,,1229,,,0,1,A,,,,,
2218,2015,1,1,4,WN,1966,N685SW,ATL,JAX,845,922,37,9,931,75,,,270,1214,5,1000,1219,,1,0,,,,,,
2219,2015,1,1,4,WN,3852,N551WN,ATL,LGA,845,840,-5,12,852,130,124,100,762,1032,12,1055,1044,-11,0,0,,,,,,
2221,2015,1,1,4,WN,1158,N204WN,DEN,BWI,845,845,0,22,907,195,191,163,1491,1350,6,1400,1356,-4,0,0,,,,,,
2223,2015,1,1,4,WN,2243,N637SW,LAS,OMA,845,840,-5,10,850,155,148,134,1099,1304,4,1320,1308,-12,0,0,,,,,,
2228,2015,1,1,4,WN,3131,N363SW,PHX,SLC,845,840,-5,21,901,95,105,78,507,1019,6,1020,1025,5,0,0,,,,,,
2232,2015,1,1,4,UA,1563,N38454,IAH,SAN,845,844,-1,11,855,214,201,187,1303,1002,3,1019,1005,-14,0,0,,,,,,
2234,2015,1,1,4,US,403,N660AW,PHX,SFO,845,843,-2,27,910,127,126,94,651,944,5,952,949,-3,0,0,,,,,,
2235,2015,1,1,4,US,410,N765US,PHX,SNA,845,842,-3,14,856,81,76,57,338,853,5,906,858,-8,0,0,,,,,,
2236,2015,1,1,4,US,446,N667AW,PHX,PDX,845,844,-1,23,907,171,186,149,1009,1036,14,1036,1050,14,0,0,,,,,,
2237,2015,1,1,4,US,452,N507AY,PHX,SAN,845,837,-8,25,902,75,84,54,304,856,5,900,901,1,0,0,,,,,,
2238,2015,1,1,4,US,465,N184US,PHX,ORD,845,853,8,20,913,202,192,160,1440,1253,12,1307,1305,-2,0,0,,,,,,
2242,2015,1,1,4,AA,249,N4WLAA,DFW,COS,845,918,33,28,946,115,116,84,592,1010,4,940,1014,34,0,0,,1,0,33,0,0
2257,2015,1,1,4,DL,1398,N752AT,LAX,SEA,845,842,-3,25,907,172,162,132,954,1119,5,1137,1124,-13,0,0,,,,,,
2258,2015,1,1,4,AA,1438,N3DTAA,IAH,CLT,845,845,0,13,858,140,127,106,912,1144,8,1205,1152,-13,0,0,,,,,,
2264,2015,1,1,4,DL,1720,N668DN,PHX,SLC,845,907,22,13,920,102,90,72,507,1032,5,1027,1037,10,0,0,,,,,,
2266,2015,1,1,4,EV,3940,N13908,ORD,PNS,845,841,-4,11,852,133,136,105,794,1037,20,1058,1057,-1,0,0,,,,,,
2269,2015,1,1,4,EV,6119,N14148,ORD,OKC,845,854,9,14,908,144,149,125,693,1113,10,1109,1123,14,0,0,,,,,,
2270,2015,1,1,4,F9,678,N218FR,DEN,MCO,845,841,-4,18,859,202,214,175,1546,1354,21,1407,1415,8,0,0,,,,,,
2271,2015,1,1,4,F9,1337,N906FR,MSP,IAD,845,838,-7,32,910,140,148,109,908,1159,7,1205,1206,1,0,0,,,,,,
2272,2015,1,1,4,HA,11,N384HA,SFO,HNL,845,940,55,21,1001,330,331,305,2398,1306,5,1215,1311,56,0,0,,0,0,56,0,0
2279,2015,1,1,4,OO,5349,N971SW,ORD,DLH,845,843,-2,23,906,94,103,71,397,1017,9,1019,1026,7,0,0,,,,,,
2280,2015,1,1,4,OO,4449,N807SK,DEN,SLC,845,842,-3,15,857,96,82,59,391,956,8,1021,1004,-17,0,0,,,,,,
2285,2015,1,1,4,EV,4557,N13994,IAH,SDF,846,843,-3,19,902,131,135,104,788,1146,12,1157,1158,1,0,0,,,,,,
2288,2015,1,1,4,EV,4575,N14972,IAH,MAF,847,,,,,94,,,429,,,1021,,,0,1,C,,,,,
2290,2015,1,1,4,OO,5248,N108SY,ORD,MCI,847,843,-4,17,900,98,94,73,403,1013,4,1025,1017,-8,0,0,,,,,,
2291,2015,1,1,4,DL,1470,N994AT,ATL,CLE,848,844,-4,9,853,108,94,80,554,1013,5,1036,1018,-18,0,0,,,,,,
2294,2015,1,1,4,UA,382,N438UA,ORD,IAD,849,847,-2,12,859,107,95,76,589,1115,7,1136,1122,-14,0,0,,,,,,
2295,2015,1,1,4,UA,745,N454UA,IAH,LGA,849,844,-5,13,857,207,183,166,1416,1243,4,1316,1247,-29,0,0,,,,,,
2298,2015,1,1,4,US,1784,N162UW,SFO,CLT,850,847,-3,14,901,293,285,261,2296,1622,10,1643,1632,-11,0,0,,,,,,
2299,2015,1,1,4,US,2065,N541UW,ATL,CLT,850,846,-4,17,903,77,68,37,226,940,14,1007,954,-13,0,0,,,,,,
2300,2015,1,1,4,UA,479,N476UA,SFO,LAX,850,850,0,17,907,88,97,53,337,1000,27,1018,1027,9,0,0,,,,,,
2301,2015,1,1,4,UA,898,N546UA,SFO,JFK,850,847,-3,16,903,336,314,287,2586,1650,11,1726,1701,-25,0,0,,,,,,
2302,2015,1,1,4,WN,1579,N429WN,ATL,SFO,850,848,-2,9,857,330,307,292,2139,1049,6,1120,1055,-25,0,0,,,,,,
2309,2015,1,1,4,WN,844,N224WN,DEN,ATL,850,852,2,11,903,165,160,142,1199,1325,7,1335,1332,-3,0,0,,,,,,
2320,2015,1,1,4,UA,1272,N15710,ORD,EWR,850,854,4,16,910,124,109,88,719,1138,5,1154,1143,-11,0,0,,,,,,
2321,2015,1,1,4,UA,1649,N13750,IAH,SNA,850,851,1,13,904,220,207,188,1346,1012,6,1030,1018,-12,0,0,,,,,,
2322,2015,1,1,4,US,412,N904AW,PHX,OGG,850,847,-3,21,908,400,404,375,2845,1223,8,1230,1231,1,0,0,,,,,,
2323,2015,1,1,4,US,602,N197UW,PHX,LAS,850,845,-5,18,903,72,71,47,255,850,6,902,856,-6,0,0,,,,,,
2325,2015,1,1,4,AA,164,N790AA,SFO,JFK,850,1203,193,21,1224,340,341,306,2586,2030,14,1730,2044,194,0,0,,1,0,193,0,0
2331,2015,1,1,4,DL,1577,N3744F,ATL,BOS,850,907,17,16,923,150,140,119,946,1122,5,1120,1127,7,0,0,,,,,,
2334,2015,1,1,4,EV,4284,N13124,ORD,PIT,850,942,52,12,954,86,72,53,413,1147,7,1116,1154,38,0,0,,0,0,38,0,0
2346,2015,1,1,4,OO,5374,N983SW,SFO,ONT,852,855,3,6,901,78,69,60,363,1001,3,1010,1004,-6,0,0,,,,,,
2354,2015,1,1,4,EV,4410,N12967,IAH,BNA,854,847,-7,14,901,112,109,87,657,1028,8,1046,1036,-10,0,0,,,,,,
2359,2015,1,1,4,WN,364,N498WN,DEN,LAX,855,850,-5,18,908,150,137,113,862,1001,6,1025,1007,-18,0,0,,,,,,
2360,2015,1,1,4,WN,1173,N267WN,LAX,AUS,855,853,-2,10,903,170,170,155,1242,1338,5,1345,1343,-2,0,0,,,,,,
2361,2015,1,1,4,WN,179,N7738A,LAX,MCI,855,848,-7,12,900,185,186,169,1363,1349,5,1400,1354,-6,0,0,,,,,,
2367,2015,1,1,4,WN,137,N621SW,PHX,SJC,855,855,0,16,911,115,114,95,621,946,3,950,949,-1,0,0,,,,,,
2372,2015,1,1,4,AA,1012,N599AA,DFW,DAY,855,849,-6,22,911,130,134,105,861,1156,7,1205,1203,-2,0,0,,,,,,
2373,2015,1,1,4,AA,1310,N011AA,DFW,CLE,855,942,47,23,1005,150,145,116,1021,1301,6,1225,1307,42,0,0,,0,0,42,0,0
2374,2015,1,1,4,AA,1176,N3FXAA,DFW,SNA,855,911,16,28,939,200,198,166,1205,1025,4,1015,1029,14,0,0,,,,,,
2375,2015,1,1,4,AA,2334,N390AA,DFW,ORD,855,851,-4,29,920,135,132,92,802,1052,11,1110,1103,-7,0,0,,,,,,
2376,2015,1,1,4,AA,2310,N4YTAA,DEN,DFW,855,852,-3,15,907,120,120,96,641,1143,9,1155,1152,-3,0,0,,,,,,
2383,2015,1,1,4,AA,1455,N012AA,ATL,DFW,855,851,-4,13,904,150,140,111,731,955,16,1025,1011,-14,0,0,,,,,,
2384,2015,1,1,4,DL,2018,N830DN,ATL,MCO,855,855,0,24,919,90,95,60,404,1019,11,1025,1030,5,0,0,,,,,,
2385,2015,1,1,4,DL,7,N908DA,ATL,MIA,855,855,0,11,906,115,102,86,594,1032,5,1050,1037,-13,0,0,,,,,,
2386,2015,1,1,4,DL,1660,N952DL,ATL,EWR,855,900,5,11,911,130,116,101,746,1052,4,1105,1056,-9,0,0,,,,,,
2387,2015,1,1,4,DL,1815,N581NW,MSP,ATL,855,923,28,24,947,156,145,115,907,1242,6,1231,1248,17,0,0,,0,0,17,0,0
2388,2015,1,1,4,EV,2568,N909EV,DFW,SPS,855,,,,,45,,,113,,,940,,,0,1,A,,,,,
2390,2015,1,1,4,F9,424,N923FR,DEN,ATL,855,849,-6,12,901,164,162,142,1199,1323,8,1339,1331,-8,0,0,,,,,,
2394,2015,1,1,4,MQ,2939,N629MQ,DFW,FWA,855,,,,,128,,,859,,,1203,,,0,1,B,,,,,
2398,2015,1,1,4,MQ,3482,N836MQ,DFW,SGF,855,,,,,73,,,364,,,1008,,,0,1,B,,,,,
2399,2015,1,1,4,MQ,3638,N514MQ,DFW,CID,855,,,,,113,,,685,,,1048,,,0,1,B,,,,,
2401,2015,1,1,4,OO,6534,N784SK,ATL,DEN,855,853,-2,15,908,210,221,192,1199,1020,14,1025,1034,9,0,0,,,,,,
2406,2015,1,1,4,DL,794,N371NB,MSP,SLC,858,858,0,20,918,181,155,129,991,1027,6,1059,1033,-26,0,0,,,,,,
2407,2015,1,1,4,DL,2232,N817DN,MSP,MCO,858,858,0,28,926,200,193,156,1310,1302,9,1318,1311,-7,0,0,,,,,,
2408,2015,1,1,4,DL,1751,N3747D,MSP,LAS,858,855,-3,27,922,217,197,164,1299,1006,6,1035,1012,-23,0,0,,,,,,
2410,2015,1,1,4,DL,1710,N3730B,MSP,MSY,859,857,-2,24,921,172,168,137,1039,1138,7,1151,1145,-6,0,0,,,,,,
2411,2015,1,1,4,F9,429,N939FR,ATL,DEN,859,915,16,11,926,207,201,181,1199,1027,9,1026,1036,10,0,0,,,,,,
2413,2015,1,1,4,US,677,N157UW,LAS,PHL,900,858,-2,14,912,281,256,238,2176,1610,4,1641,1614,-27,0,0,,,,,,
2417,2015,1,1,4,VX,1903,N524VA,LAS,SFO,900,923,23,11,934,95,83,65,414,1039,7,1035,1046,11,0,0,,,,,,
2418,2015,1,1,4,VX,902,N529VA,SFO,LAS,900,853,-7,10,903,90,90,70,414,1013,10,1030,1023,-7,0,0,,,,,,
2423,2015,1,1,4,WN,832,N8616C,LAS,AUS,900,852,-8,12,904,155,156,140,1090,1324,4,1335,1328,-7,0,0,,,,,,
2424,2015,1,1,4,WN,4483,N600WN,LAS,PDX,900,907,7,9,916,140,124,113,763,1109,2,1120,1111,-9,0,0,,,,,,
2425,2015,1,1,4,WN,1191,N7812G,LAX,ATL,900,926,26,9,935,250,235,219,1947,1614,7,1610,1621,11,0,0,,,,,,
2433,2015,1,1,4,UA,1296,N57868,LAX,KOA,900,917,17,15,932,346,345,325,2504,1257,5,1246,1302,16,0,0,,0,0,16,0,0
2434,2015,1,1,4,UA,1475,N12116,LAX,ORD,900,859,-1,14,913,250,229,203,1744,1436,12,1510,1448,-22,0,0,,,,,,
2435,2015,1,1,4,UA,1485,N39423,IAH,LAS,900,917,17,24,941,204,196,166,1222,1027,6,1024,1033,9,0,0,,,,,,
2436,2015,1,1,4,UA,1572,N39297,IAH,EWR,900,902,2,19,921,206,192,165,1400,1306,8,1326,1314,-12,0,0,,,,,,
2437,2015,1,1,4,UA,1683,N45905,IAH,DEN,900,902,2,35,937,152,154,111,862,1028,8,1032,1036,4,0,0,,,,,,
2438,2015,1,1,4,UA,1684,N34282,ORD,CLE,900,918,18,9,927,81,61,46,315,1113,6,1121,1119,-2,0,0,,,,,,
2441,2015,1,1,4,AA,2,N795AA,LAX,JFK,900,856,-4,16,912,335,295,271,2475,1643,8,1735,1651,-44,0,0,,,,,,
2446,2015,1,1,4,AA,338,N3DJAA,SFO,LAX,900,857,-3,12,909,90,76,54,337,1003,10,1030,1013,-17,0,0,,,,,,
2447,2015,1,1,4,AA,253,N378AA,LAX,OGG,900,856,-4,19,915,355,353,332,2486,1247,2,1255,1249,-6,0,0,,,,,,
2448,2015,1,1,4,AA,1046,N505AA,DFW,MCI,900,911,11,15,926,85,82,61,460,1027,6,1025,1033,8,0,0,,,,,,
2451,2015,1,1,4,AA,1183,N4WPAA,DFW,BNA,900,907,7,15,922,100,102,80,631,1042,7,1040,1049,9,0,0,,,,,,
2452,2015,1,1,4,AA,1200,N3JDAA,LAX,ORD,900,859,-1,16,915,250,240,203,1744,1438,21,1510,1459,-11,0,0,,,,,,
2455,2015,1,1,4,AA,1471,N4UBAA,DFW,DEN,900,900,0,10,910,125,110,92,641,942,8,1005,950,-15,0,0,,,,,,
2456,2015,1,1,4,AA,1629,N4YUAA,DFW,SAT,900,916,16,28,944,65,83,49,247,1033,6,1005,1039,34,0,0,,18,0,0,16,0
2458,2015,1,1,4,AA,2293,N5DUAA,DFW,SFO,900,857,-3,55,952,225,251,188,1464,1100,8,1045,1108,23,0,0,,23,0,0,0,0
2460,2015,1,1,4,AA,2337,N553AA,DFW,SAN,900,,,,,190,,,1171,,,1010,,,0,1,B,,,,,
2462,2015,1,1,4,AS,383,N622AS,SFO,PDX,900,900,0,18,918,101,104,83,550,1041,3,1041,1044,3,0,0,,,,,,
2465,2015,1,1,4,AS,563,N403AS,LAX,PDX,900,903,3,19,922,145,142,120,834,1122,3,1125,1125,0,0,0,,,,,,
2470,2015,1,1,4,DL,589,N651DL,MSP,SEA,900,912,12,11,923,233,210,191,1399,1034,8,1053,1042,-11,0,0,,,,,,
2478,2015,1,1,4,DL,1106,N6711M,SFO,MSP,900,906,6,24,930,223,230,201,1589,1451,5,1443,1456,13,0,0,,,,,,
2482,2015,1,1,4,DL,2229,N327NB,MSP,BWI,900,856,-4,23,919,152,134,105,936,1204,6,1232,1210,-22,0,0,,,,,,
2484,2015,1,1,4,DL,2371,N348NW,MSP,SMF,900,908,8,37,945,241,226,185,1517,1050,4,1101,1054,-7,0,0,,,,,,
2489,2015,1,1,4,DL,1631,N586NW,SFO,ATL,900,900,0,13,913,271,266,248,2139,1621,5,1631,1626,-5,0,0,,,,,,
2493,2015,1,1,4,EV,2520,N877AS,DFW,CRP,900,,,,,75,,,354,,,1015,,,0,1,A,,,,,
2494,2015,1,1,4,EV,4107,N14974,IAH,PNS,900,900,0,14,914,88,83,64,489,1018,5,1028,1023,-5,0,0,,,,,,
2496,2015,1,1,4,EV,4197,N13202,IAH,MCI,900,858,-2,18,916,121,110,86,643,1042,6,1101,1048,-13,0,0,,,,,,
2497,2015,1,1,4,EV,4936,N738EV,MSP,IAD,900,901,1,56,957,148,159,100,908,1237,3,1228,1240,12,0,0,,,,,,
2502,2015,1,1,4,EV,6150,N11165,IAH,GJT,900,859,-1,12,911,171,148,133,979,1024,3,1051,1027,-24,0,0,,,,,,
2503,2015,1,1,4,F9,658,N919FR,SFO,DEN,900,850,-10,15,905,144,158,133,967,1218,10,1224,1228,4,0,0,,,,,,
2504,2015,1,1,4,HA,7,N395HA,LAS,HNL,900,849,-11,29,918,375,409,374,2762,1332,6,1315,1338,23,0,0,,0,0,23,0,0
2508,2015,1,1,4,MQ,2944,N939MQ,DFW,FSM,900,,,,,58,,,227,,,958,,,0,1,B,,,,,
2509,2015,1,1,4,MQ,2888,N614MQ,DFW,MGM,900,,,,,98,,,622,,,1038,,,0,1,B,,,,,
2513,2015,1,1,4,OO,4848,N432SW,MSP,DSM,900,855,-5,28,923,88,78,45,232,1008,5,1028,1013,-15,0,0,,,,,,
2515,2015,1,1,4,OO,4712,N161PQ,ORD,MSP,900,1156,176,18,1214,94,89,64,334,1318,7,1034,1325,171,0,0,,0,0,171,0,0
2517,2015,1,1,4,OO,5486,N792SK,IAH,ASE,900,853,-7,12,905,172,166,150,913,1035,4,1052,1039,-13,0,0,,,,,,
2518,2015,1,1,4,OO,5490,N920SW,SFO,PSP,900,900,0,22,922,86,96,69,421,1031,5,1026,1036,10,0,0,,,,,,
2519,2015,1,1,4,UA,361,N545UA,SFO,LIH,901,858,-3,18,916,342,344,321,2447,1237,5,1243,1242,-1,0,0,,,,,,
2521,2015,1,1,4,OO,5194,N976SW,SFO,BZN,901,907,6,14,921,141,132,113,807,1214,5,1222,1219,-3,0,0,,,,,,
2522,2015,1,1,4,UA,207,N446UA,IAH,LAX,902,912,10,19,931,228,221,189,1379,1040,13,1050,1053,3,0,0,,,,,,
2524,2015,1,1,4,EV,4463,N14125,IAH,VPS,902,903,1,9,912,94,80,67,528,1019,4,1036,1023,-13,0,0,,,,,,
2525,2015,1,1,4,EV,4524,N13133,IAH,OMA,902,856,-6,13,909,132,117,99,781,1048,5,1114,1053,-21,0,0,,,,,,
2526,2015,1,1,4,EV,4555,N12552,IAH,HRL,902,859,-3,33,932,75,,,295,1314,5,1017,1319,,1,0,,,,,,
2527,2015,1,1,4,EV,4586,N14960,IAH,MFE,902,901,-1,28,929,79,89,58,316,1027,3,1021,1030,9,0,0,,,,,,
2530,2015,1,1,4,UA,635,N543UA,LAX,OGG,903,907,4,14,921,348,338,321,2486,1242,3,1251,1245,-6,0,0,,,,,,
2533,2015,1,1,4,UA,256,N816UA,IAH,PHX,904,923,19,16,939,183,170,151,1009,1110,3,1107,1113,6,0,0,,,,,,
2534,2015,1,1,4,DL,748,N374DA,ATL,DTW,904,901,-3,15,916,120,114,91,594,1047,8,1104,1055,-9,0,0,,,,,,
2535,2015,1,1,4,EV,4650,N26545,IAH,TUS,904,859,-5,11,910,168,168,151,936,1041,6,1052,1047,-5,0,0,,,,,,
2536,2015,1,1,4,US,691,N520UW,ORD,CLT,905,858,-7,12,910,116,99,73,599,1123,14,1201,1137,-24,0,0,,,,,,
2538,2015,1,1,4,UA,663,N215UA,SFO,HNL,905,935,30,12,947,324,319,303,2398,1250,4,1229,1254,25,0,0,,0,0,25,0,0
2546,2015,1,1,4,WN,987,N220WN,LAX,LAS,905,857,-8,9,906,65,63,47,236,953,7,1010,1000,-10,0,0,,,,,,
2549,2015,1,1,4,WN,920,N655WN,SFO,LAX,905,900,-5,11,911,80,73,54,337,1005,8,1025,1013,-12,0,0,,,,,,
2558,2015,1,1,4,AA,1623,N438AA,LAS,DFW,905,1118,133,15,1133,160,164,140,1055,1553,9,1345,1602,137,0,0,,4,0,133,0,0
2564,2015,1,1,4,DL,1295,N603AT,ATL,PIT,905,906,1,11,917,96,88,71,526,1028,6,1041,1034,-7,0,0,,,,,,
2565,2015,1,1,4,AA,1453,N4YRAA,DFW,PDX,905,919,14,28,947,250,249,219,1616,1126,2,1115,1128,13,0,0,,,,,,
2566,2015,1,1,4,DL,2011,N912DE,ATL,CVG,905,903,-2,11,914,85,77,60,373,1014,6,1030,1020,-10,0,0,,,,,,
2567,2015,1,1,4,DL,2421,N321NB,MSP,JAC,905,900,-5,16,916,161,140,119,872,1015,5,1046,1020,-26,0,0,,,,,,
2568,2015,1,1,4,DL,201,N896AT,ATL,IAD,905,908,3,14,922,103,96,74,534,1036,8,1048,1044,-4,0,0,,,,,,
2569,2015,1,1,4,DL,1608,N322NB,DEN,MSP,905,903,-2,11,914,125,110,90,680,1144,9,1210,1153,-17,0,0,,,,,,
2570,2015,1,1,4,DL,1656,N947DL,MSP,OMA,905,904,-1,32,936,87,84,47,282,1023,5,1032,1028,-4,0,0,,,,,,
2571,2015,1,1,4,DL,1796,N926DH,MSP,LGA,905,900,-5,29,929,162,162,116,1020,1225,17,1247,1242,-5,0,0,,,,,,
2573,2015,1,1,4,EV,2515,N877AS,DFW,SJT,905,,,,,60,,,229,,,1005,,,0,1,A,,,,,
2575,2015,1,1,4,EV,5143,N847AS,ATL,ROA,905,902,-3,12,914,79,71,56,357,1010,3,1024,1013,-11,0,0,,,,,,
2577,2015,1,1,4,MQ,3096,N516MQ,LAX,ASE,905,922,17,16,938,125,122,103,737,1221,3,1210,1224,14,0,0,,,,,,
2578,2015,1,1,4,MQ,3296,N922MQ,DFW,LRD,905,,,,,83,,,396,,,1028,,,0,1,B,,,,,
2580,2015,1,1,4,NK,761,N613NK,ORD,MSP,905,906,1,17,923,85,83,63,334,1026,3,1030,1029,-1,0,0,,,,,,
2581,2015,1,1,4,OO,4520,N445SW,MSP,CVG,905,905,0,47,952,118,132,79,596,1211,6,1203,1217,14,0,0,,,,,,
2582,2015,1,1,4,OO,5415,N932EV,LAX,MRY,905,901,-4,22,923,78,70,45,266,1008,3,1023,1011,-12,0,0,,,,,,
2583,2015,1,1,4,DL,972,N327NW,MSP,LAX,906,903,-3,25,928,249,229,195,1535,1043,9,1115,1052,-23,0,0,,,,,,
2585,2015,1,1,4,EV,4277,N15527,IAH,LFT,906,905,-1,27,932,57,63,32,201,1004,4,1003,1008,5,0,0,,,,,,
2587,2015,1,1,4,EV,5541,N838AS,ATL,AGS,906,933,27,9,942,49,42,31,143,1013,2,955,1015,20,0,0,,0,0,20,0,0
2589,2015,1,1,4,NK,176,N522NK,LAS,MSP,906,940,34,12,952,186,183,167,1299,1439,4,1412,1443,31,0,0,,31,0,0,0,0
2591,2015,1,1,4,UA,1538,N39415,IAH,MCO,907,906,-1,19,925,138,128,104,854,1209,5,1225,1214,-11,0,0,,,,,,
2592,2015,1,1,4,EV,4392,N17108,IAH,COS,907,902,-5,11,913,150,138,119,809,1012,8,1037,1020,-17,0,0,,,,,,
2593,2015,1,1,4,EV,4505,N14570,IAH,ABQ,907,903,-4,19,922,138,144,117,744,1019,8,1025,1027,2,0,0,,,,,,
2594,2015,1,1,4,EV,4236,N29906,IAH,ELP,907,904,-3,23,927,123,130,104,667,1011,3,1010,1014,4,0,0,,,,,,
2595,2015,1,1,4,OO,5447,N963SW,ORD,MKE,907,857,-10,14,911,48,38,20,67,931,4,955,935,-20,0,0,,,,,,
2596,2015,1,1,4,EV,5234,N884AS,ATL,MGM,908,903,-5,15,918,53,48,30,147,848,3,901,851,-10,0,0,,,,,,
2602,2015,1,1,4,OO,6450,N495CA,LAX,RNO,910,904,-6,16,920,89,89,69,391,1029,4,1039,1033,-6,0,0,,,,,,
2606,2015,1,1,4,OO,5626,N715SK,ORD,IND,910,907,-3,11,918,65,52,35,177,1053,6,1115,1059,-16,0,0,,,,,,
2607,2015,1,1,4,VX,935,N361VA,LAX,SFO,910,906,-4,7,913,80,71,56,337,1009,8,1030,1017,-13,0,0,,,,,,
2608,2015,1,1,4,WN,997,N7712G,ATL,RSW,910,911,1,13,924,105,92,74,515,1038,5,1055,1043,-12,0,0,,,,,,
2610,2015,1,1,4,WN,2509,N372SW,DEN,SFO,910,907,-3,20,927,165,148,122,967,1029,6,1055,1035,-20,0,0,,,,,,
2611,2015,1,1,4,WN,4468,N8651A,LAS,BNA,910,910,0,10,920,205,189,174,1587,1414,5,1435,1419,-16,0,0,,,,,,
2612,2015,1,1,4,WN,664,N7713A,LAS,SLC,910,906,-4,21,927,80,92,67,368,1134,4,1130,1138,8,0,0,,,,,,
2623,2015,1,1,4,AA,54,N3CWAA,LAS,ORD,910,906,-4,16,922,215,193,170,1514,1412,7,1445,1419,-26,0,0,,,,,,
2624,2015,1,1,4,AA,2259,N3HBAA,ORD,MIA,910,912,2,11,923,182,166,147,1197,1250,8,1312,1258,-14,0,0,,,,,,
2625,2015,1,1,4,AA,2222,N3FXAA,DFW,PHL,910,,,,,175,,,1303,,,1305,,,0,1,B,,,,,
2628,2015,1,1,4,AS,617,N407AS,LAS,SEA,910,901,-9,13,914,155,147,127,867,1121,7,1145,1128,-17,0,0,,,,,,
2631,2015,1,1,4,DL,1329,N961DL,MSP,TPA,910,908,-2,25,933,197,186,157,1306,1310,4,1327,1314,-13,0,0,,,,,,
2632,2015,1,1,4,DL,1367,N944DN,ATL,ROC,910,906,-4,25,931,125,129,98,749,1109,6,1115,1115,0,0,0,,,,,,
2633,2015,1,1,4,DL,1968,N315US,LAX,MSP,910,904,-6,19,923,222,215,188,1535,1431,8,1452,1439,-13,0,0,,,,,,
2635,2015,1,1,4,DL,16,N199DN,LAX,JFK,910,907,-3,22,929,326,296,266,2475,1655,8,1736,1703,-33,0,0,,,,,,
2636,2015,1,1,4,DL,1589,N924DN,ATL,FLL,910,907,-3,14,921,115,100,81,581,1042,5,1105,1047,-18,0,0,,,,,,
2640,2015,1,1,4,EV,4306,N17524,IAH,DAL,910,910,0,9,919,67,49,37,216,956,3,1017,959,-18,0,0,,,,,,
2641,2015,1,1,4,EV,4591,N16525,IAH,LRD,910,901,-9,21,922,77,79,54,301,1016,4,1027,1020,-7,0,0,,,,,,
2642,2015,1,1,4,EV,5382,N724EV,MSP,ROC,910,906,-4,44,950,137,140,88,783,1218,8,1227,1226,-1,0,0,,,,,,
2644,2015,1,1,4,MQ,2824,N615MQ,DFW,AEX,910,,,,,63,,,285,,,1013,,,0,1,B,,,,,
2648,2015,1,1,4,OO,4510,N441SW,MSP,ISN,910,908,-2,59,1007,127,156,92,546,1139,5,1117,1144,27,0,0,,27,0,0,0,0
2649,2015,1,1,4,OO,4749,N8982A,MSP,CLE,910,906,-4,59,1005,123,142,79,622,1224,4,1213,1228,15,0,0,,15,0,0,0,0
2651,2015,1,1,4,OO,5427,N566SW,SFO,SMF,910,906,-4,21,927,47,54,28,86,955,5,957,1000,3,0,0,,,,,,
2652,2015,1,1,4,OO,6512,N709SK,LAX,COS,910,943,33,14,957,135,138,111,833,1248,13,1225,1301,36,0,0,,3,0,19,14,0
2653,2015,1,1,4,UA,1185,N38451,ORD,IAH,911,920,9,12,932,173,183,155,925,1207,16,1204,1223,19,0,0,,10,0,9,0,0
2655,2015,1,1,4,UA,264,N839UA,SFO,PHX,912,902,-10,16,918,119,110,89,651,1147,5,1211,1152,-19,0,0,,,,,,
2663,2015,1,1,4,DL,1856,N968AT,ATL,MLB,913,912,-1,13,925,89,79,62,442,1027,4,1042,1031,-11,0,0,,,,,,
2664,2015,1,1,4,UA,204,N820UA,IAH,SAT,914,953,39,20,1013,65,63,40,191,1053,3,1019,1056,37,0,0,,0,0,37,0,0
2666,2015,1,1,4,UA,1702,N35407,DFW,DEN,914,916,2,38,954,128,148,89,641,1023,21,1022,1044,22,0,0,,22,0,0,0,0
2671,2015,1,1,4,US,751,N551UW,DEN,PHL,915,911,-4,32,943,205,209,173,1558,1436,4,1440,1440,0,0,0,,,,,,
2672,2015,1,1,4,US,776,N199UW,SFO,PHX,915,905,-10,25,930,113,127,90,651,1200,12,1208,1212,4,0,0,,,,,,
2673,2015,1,1,4,US,1806,N563UW,LAX,CLT,915,909,-6,16,925,271,264,238,2125,1623,10,1646,1633,-13,0,0,,,,,,
2677,2015,1,1,4,WN,596,N8313F,DEN,MDW,915,932,17,23,955,140,135,106,895,1241,6,1235,1247,12,0,0,,,,,,
2678,2015,1,1,4,WN,1902,N8311Q,DEN,PHX,915,913,-2,11,924,115,107,92,602,1056,4,1110,1100,-10,0,0,,,,,,
2680,2015,1,1,4,WN,676,N630WN,LAS,GEG,915,912,-3,13,925,145,142,126,806,1131,3,1140,1134,-6,0,0,,,,,,
2681,2015,1,1,4,WN,653,N934WN,LAS,SFO,915,911,-4,10,921,95,78,63,414,1024,5,1050,1029,-21,0,0,,,,,,
2688,2015,1,1,4,WN,727,N7726A,PHX,DEN,915,913,-2,11,924,105,97,79,602,1043,7,1100,1050,-10,0,0,,,,,,
2690,2015,1,1,4,UA,1725,N57852,SFO,OGG,915,918,3,14,932,320,323,305,2338,1237,4,1235,1241,6,0,0,,,,,,
2692,2015,1,1,4,AA,144,N3KKAA,DFW,PBI,915,912,-3,17,929,155,153,132,1102,1241,4,1250,1245,-5,0,0,,,,,,
2693,2015,1,1,4,AA,265,N5ECAA,LAX,LIH,915,914,-1,14,928,370,373,355,2615,1323,4,1325,1327,2,0,0,,,,,,
2694,2015,1,1,4,AA,334,N494AA,DFW,MFE,915,,,,,95,,,469,,,1050,,,0,1,B,,,,,
2697,2015,1,1,4,AA,1524,N424AA,DFW,LAS,915,,,,,175,,,1055,,,1010,,,0,1,B,,,,,
2702,2015,1,1,4,DL,1193,N902DA,DEN,ATL,915,924,9,18,942,178,164,140,1199,1402,6,1413,1408,-5,0,0,,,,,,
2703,2015,1,1,4,DL,2115,N959DL,MSP,ABQ,915,912,-3,42,954,178,192,141,981,1115,9,1113,1124,11,0,0,,,,,,
2704,2015,1,1,4,DL,2163,N808DN,MSP,PDX,915,916,1,26,942,238,225,195,1426,1057,4,1113,1101,-12,0,0,,,,,,
2705,2015,1,1,4,DL,2298,N962DL,ATL,SRQ,915,910,-5,18,928,93,88,66,444,1034,4,1048,1038,-10,0,0,,,,,,
2706,2015,1,1,4,DL,2305,N525US,MSP,SFO,915,916,1,39,955,260,246,203,1589,1118,4,1135,1122,-13,0,0,,,,,,
2707,2015,1,1,4,DL,80,N845MH,LAX,ATL,915,913,-2,20,933,255,236,210,1947,1603,6,1630,1609,-21,0,0,,,,,,
2708,2015,1,1,4,DL,1870,N935AT,ATL,ICT,915,914,-1,10,924,145,137,121,782,1025,6,1040,1031,-9,0,0,,,,,,
2710,2015,1,1,4,EV,5338,N133EV,ATL,ECP,915,911,-4,15,926,68,60,42,240,908,3,923,911,-12,0,0,,,,,,
2713,2015,1,1,4,MQ,2830,N652MQ,DFW,PIA,915,,,,,108,,,672,,,1103,,,0,1,B,,,,,
2716,2015,1,1,4,MQ,3190,N532MQ,DFW,MAF,915,,,,,68,,,309,,,1023,,,0,1,B,,,,,
2717,2015,1,1,4,NK,446,N502NK,LAS,ORD,915,934,19,12,946,214,197,178,1514,1444,7,1449,1451,2,0,0,,,,,,
2718,2015,1,1,4,NK,893,N508NK,ORD,DFW,915,910,-5,11,921,148,152,133,802,1134,8,1143,1142,-1,0,0,,,,,,
2719,2015,1,1,4,OO,4674,N912EV,MSP,TUL,915,910,-5,41,951,127,139,94,615,1125,4,1122,1129,7,0,0,,,,,,
2721,2015,1,1,4,OO,2575,N477CA,LAX,ABQ,915,921,6,20,941,115,113,87,677,1208,6,1210,1214,4,0,0,,,,,,
2722,2015,1,1,4,OO,5164,N794SK,IAH,ONT,915,919,4,17,936,210,207,185,1334,1041,5,1045,1046,1,0,0,,,,,,
2723,2015,1,1,4,OO,5182,N782SK,LAX,ASE,915,931,16,19,950,128,130,108,737,1238,3,1223,1241,18,0,0,,2,0,16,0,0
2724,2015,1,1,4,EV,4345,N28529,IAH,CRP,916,916,0,24,940,62,74,45,201,1025,5,1018,1030,12,0,0,,,,,,
2725,2015,1,1,4,NK,424,N631NK,LAX,MSP,917,913,-4,11,924,217,217,197,1535,1441,9,1454,1450,-4,0,0,,,,,,
2727,2015,1,1,4,UA,710,N509UA,SFO,DEN,918,1039,81,20,1059,152,162,137,967,1416,5,1250,1421,91,0,0,,10,0,4,77,0
2728,2015,1,1,4,NK,816,N525NK,IAH,MCI,918,931,13,17,948,111,106,84,643,1112,5,1109,1117,8,0,0,,,,,,
2732,2015,1,1,4,UA,253,N768UA,IAH,HNL,920,1002,42,13,1015,513,521,492,3904,1427,16,1353,1443,50,0,0,,8,0,42,0,0
2733,2015,1,1,4,UA,297,N544UA,LAX,LIH,920,913,-7,13,926,364,351,334,2615,1300,4,1324,1304,-20,0,0,,,,,,
2737,2015,1,1,4,UA,507,N464UA,IAH,RNO,920,918,-2,14,932,245,225,205,1530,1057,6,1125,1103,-22,0,0,,,,,,
2738,2015,1,1,4,VX,22,N845VA,SFO,JFK,920,1016,56,17,1033,339,329,301,2586,1834,11,1759,1845,46,0,0,,0,0,46,0,0
2739,2015,1,1,4,VX,84,N841VA,SFO,IAD,920,917,-3,17,934,300,293,268,2419,1702,8,1720,1710,-10,0,0,,,,,,
2744,2015,1,1,4,WN,589,N639SW,LAS,AMA,920,917,-3,11,928,115,113,99,758,1307,3,1315,1310,-5,0,0,,,,,,
2745,2015,1,1,4,WN,1162,N8314L,LAS,MCI,920,921,1,10,931,165,146,133,1139,1344,3,1405,1347,-18,0,0,,,,,,
2746,2015,1,1,4,WN,123,N964WN,LAX,MDW,920,918,-2,8,926,235,222,207,1750,1453,7,1515,1500,-15,0,0,,,,,,
2753,2015,1,1,4,UA,1717,N37409,IAH,SEA,920,923,3,20,943,296,268,239,1874,1142,9,1216,1151,-25,0,0,,,,,,
2756,2015,1,1,4,AA,224,N856AA,LAX,LAS,920,918,-2,18,936,75,69,43,236,1019,8,1035,1027,-8,0,0,,,,,,
2758,2015,1,1,4,AA,1415,N477AA,DFW,PIT,920,928,8,36,1004,150,159,117,1067,1301,6,1250,1307,17,0,0,,9,0,0,0,8
2760,2015,1,1,4,AS,311,N705AS,SFO,SEA,920,922,2,16,938,125,122,98,679,1116,8,1125,1124,-1,0,0,,,,,,
2763,2015,1,1,4,DL,1350,N683DA,ATL,RSW,920,916,-4,28,944,104,109,77,515,1101,4,1104,1105,1,0,0,,,,,,
2765,2015,1,1,4,DL,2438,N950DL,ATL,DCA,920,924,4,11,935,100,95,80,547,1055,4,1100,1059,-1,0,0,,,,,,
2766,2015,1,1,4,DL,1530,N954DN,LAS,MSP,920,935,15,14,949,189,190,173,1299,1442,3,1429,1445,16,0,0,,1,0,15,0,0
2767,2015,1,1,4,DL,1552,N618DL,MSP,RSW,920,916,-4,43,959,213,222,174,1416,1353,5,1353,1358,5,0,0,,,,,,
2769,2015,1,1,4,EV,2532,N904EV,DFW,BPT,920,928,8,16,944,65,81,61,270,1045,4,1025,1049,24,0,0,,16,0,8,0,0
2771,2015,1,1,4,EV,5049,N761ND,MSP,SDF,920,915,-5,16,931,123,97,76,604,1147,5,1223,1152,-31,0,0,,,,,,
2772,2015,1,1,4,F9,741,N202FR,DEN,PHX,920,1028,68,9,1037,112,107,93,602,1210,5,1112,1215,63,0,0,,0,0,0,63,0
2774,2015,1,1,4,MQ,2776,N600MQ,DFW,HOU,920,,,,,68,,,247,,,1028,,,0,1,B,,,,,
2775,2015,1,1,4,MQ,2799,N627MQ,DFW,ACT,920,,,,,33,,,89,,,953,,,0,1,B,,,,,
2776,2015,1,1,4,MQ,3041,N658MQ,DFW,DSM,920,,,,,108,,,624,,,1108,,,0,1,B,,,,,
2778,2015,1,1,4,MQ,2983,N1EAMQ,DFW,AMA,920,,,,,68,,,312,,,1028,,,0,1,B,,,,,
2783,2015,1,1,4,OO,4650,N427SW,MSP,DLH,920,906,-14,37,943,67,89,42,144,1025,10,1027,1035,8,0,0,,,,,,
2785,2015,1,1,4,OO,4711,N8903A,MSP,FSD,920,917,-3,39,956,74,82,38,196,1034,5,1034,1039,5,0,0,,,,,,
2788,2015,1,1,4,UA,195,N38459,ORD,MCO,923,923,0,11,934,164,146,129,1005,1243,6,1307,1249,-18,0,0,,,,,,
2789,2015,1,1,4,UA,1110,N76515,DFW,ORD,923,922,-1,48,1010,136,154,94,802,1144,12,1139,1156,17,0,0,,17,0,0,0,0
2799,2015,1,1,4,VX,231,N839VA,ORD,LAX,925,925,0,12,937,270,269,246,1744,1143,11,1155,1154,-1,0,0,,,,,,
2800,2015,1,1,4,WN,1973,N280WN,ATL,MSY,925,1034,69,11,1045,100,91,73,425,1058,7,1005,1105,60,0,0,,0,0,60,0,0
2806,2015,1,1,4,WN,999,N203WN,LAS,ATL,925,927,2,33,1000,225,238,199,1747,1619,6,1610,1625,15,0,0,,15,0,0,0,0
2812,2015,1,1,4,UA,1223,N14237,IAH,SJC,925,928,3,16,944,251,234,215,1608,1119,3,1136,1122,-14,0,0,,,,,,
2813,2015,1,1,4,AA,262,N3CPAA,DFW,RSW,925,,,,,145,,,1017,,,1250,,,0,1,B,,,,,
2816,2015,1,1,4,AA,1383,N4UCAA,IAH,DFW,925,923,-2,22,945,75,72,41,224,1026,9,1040,1035,-5,0,0,,,,,,
2817,2015,1,1,4,AA,1484,N504AA,DFW,AUS,925,,,,,60,,,190,,,1025,,,0,1,B,,,,,
2818,2015,1,1,4,AA,1656,N3FGAA,SFO,DFW,925,922,-3,12,934,210,205,187,1464,1441,6,1455,1447,-8,0,0,,,,,,
2820,2015,1,1,4,AA,2419,N855AA,DFW,LAX,925,942,17,38,1020,200,218,172,1235,1112,8,1045,1120,35,0,0,,18,0,17,0,0
2825,2015,1,1,4,DL,808,N548US,MSP,BOS,925,917,-8,31,948,169,159,120,1124,1248,8,1314,1256,-18,0,0,,,,,,
2830,2015,1,1,4,MQ,3636,N935MQ,DFW,MLU,925,,,,,63,,,293,,,1028,,,0,1,B,,,,,
2834,2015,1,1,4,NK,762,N504NK,ATL,ORD,926,926,0,15,941,119,117,97,606,1018,5,1025,1023,-2,0,0,,,,,,
2835,2015,1,1,4,NK,345,N632NK,MSP,PHX,926,931,5,41,1012,201,228,182,1276,1214,5,1147,1219,32,0,0,,32,0,0,0,0
2838,2015,1,1,4,UA,672,N808UA,IAH,ORD,927,942,15,13,955,165,138,112,925,1147,13,1212,1200,-12,0,0,,,,,,
2839,2015,1,1,4,UA,1041,N30401,IAH,SLC,927,935,8,16,951,206,185,166,1195,1137,3,1153,1140,-13,0,0,,,,,,
2840,2015,1,1,4,UA,1499,N37474,LAX,IAH,927,925,-2,12,937,198,191,172,1379,1429,7,1445,1436,-9,0,0,,,,,,
2851,2015,1,1,4,UA,632,N482UA,ORD,TPA,929,929,0,17,946,163,153,131,1012,1257,5,1312,1302,-10,0,0,,,,,,
2857,2015,1,1,4,VX,352,N846VA,SFO,BOS,930,925,-5,11,936,335,326,305,2704,1741,10,1805,1751,-14,0,0,,,,,,
2864,2015,1,1,4,WN,792,N641SW,LAS,ONT,930,930,0,10,940,55,45,31,197,1011,4,1025,1015,-10,0,0,,,,,,
2867,2015,1,1,4,WN,1714,N944WN,ATL,DAL,930,930,0,12,942,145,139,123,721,1045,4,1055,1049,-6,0,0,,,,,,
2872,2015,1,1,4,UA,1222,N77258,LAX,HNL,930,1009,39,16,1025,361,365,345,2556,1410,4,1331,1414,43,0,0,,4,0,39,0,0
2873,2015,1,1,4,UA,1537,N78448,LAX,MCO,930,929,-1,16,945,288,276,254,2218,1659,6,1718,1705,-13,0,0,,,,,,
2876,2015,1,1,4,AA,169,N854AA,LAS,LAX,930,1238,188,18,1256,70,66,42,236,1338,6,1040,1344,184,0,0,,0,0,0,184,0
2878,2015,1,1,4,AA,384,N3EEAA,ORD,LGA,930,934,4,10,944,120,100,87,733,1211,3,1230,1214,-16,0,0,,,,,,
2881,2015,1,1,4,AA,2249,N4XKAA,DFW,IAH,930,1027,57,29,1056,65,85,42,224,1138,14,1035,1152,77,0,0,,20,0,0,56,1
2882,2015,1,1,4,AA,2216,N425AA,DFW,SMF,930,930,0,31,1001,225,229,191,1431,1112,7,1115,1119,4,0,0,,,,,,
2883,2015,1,1,4,AA,2224,N490AA,ORD,LAS,930,1001,31,18,1019,240,214,191,1514,1130,5,1130,1135,5,0,0,,,,,,
2884,2015,1,1,4,AA,2442,N5FCAA,LAX,DFW,930,937,7,16,953,180,172,147,1235,1420,9,1430,1429,-1,0,0,,,,,,
2889,2015,1,1,4,DL,928,N335NW,DEN,LGA,930,940,10,13,953,221,192,172,1620,1445,7,1511,1452,-19,0,0,,,,,,
2891,2015,1,1,4,AA,1456,N4YCAA,DFW,MCO,930,952,22,15,1007,145,138,119,985,1306,4,1255,1310,15,0,0,,0,0,0,14,1
2895,2015,1,1,4,DL,2605,N329NB,MSP,SAN,930,938,8,32,1010,241,235,199,1532,1129,4,1131,1133,2,0,0,,,,,,
2896,2015,1,1,4,DL,316,N532US,MSP,FLL,930,932,2,33,1005,219,214,178,1487,1403,3,1409,1406,-3,0,0,,,,,,
2897,2015,1,1,4,DL,333,N918DH,MSP,MIA,930,929,-1,21,950,227,201,176,1501,1346,4,1417,1350,-27,0,0,,,,,,
2899,2015,1,1,4,DL,1635,N937DN,DEN,DTW,930,932,2,17,949,170,157,133,1123,1402,7,1420,1409,-11,0,0,,,,,,
2908,2015,1,1,4,MQ,3212,N819MQ,ORD,TYS,930,923,-7,12,935,88,75,61,475,1136,2,1158,1138,-20,0,0,,,,,,
2909,2015,1,1,4,MQ,3184,N635MQ,DFW,GRK,930,,,,,48,,,134,,,1018,,,0,1,B,,,,,
2910,2015,1,1,4,MQ,3270,N606MQ,DFW,CHA,930,,,,,108,,,695,,,1218,,,0,1,B,,,,,
2920,2015,1,1,4,UA,1705,N68452,LAX,IAD,932,947,15,15,1002,288,265,244,2288,1706,6,1720,1712,-8,0,0,,,,,,
2922,2015,1,1,4,EV,4891,N720EV,ATL,MSN,932,945,13,10,955,128,119,104,707,1039,5,1040,1044,4,0,0,,,,,,
2924,2015,1,1,4,DL,1767,N979AT,ATL,FNT,933,930,-3,9,939,117,105,92,645,1111,4,1130,1115,-15,0,0,,,,,,
2928,2015,1,1,4,OO,5655,N117SY,MSP,ORD,935,933,-2,29,1002,95,98,57,334,1059,12,1110,1111,1,0,0,,,,,,
2931,2015,1,1,4,WN,2351,N7728D,ATL,MDW,935,936,1,12,948,120,115,97,591,1025,6,1035,1031,-4,0,0,,,,,,
2936,2015,1,1,4,WN,320,N917WN,LAS,IND,935,932,-3,11,943,210,191,175,1590,1538,5,1605,1543,-22,0,0,,,,,,
2937,2015,1,1,4,WN,2158,N278WN,LAS,PIT,935,1001,26,9,1010,245,229,215,1910,1645,5,1640,1650,10,0,0,,,,,,
2938,2015,1,1,4,WN,521,N794SW,LAS,RDU,935,939,4,15,954,255,249,221,2026,1635,13,1650,1648,-2,0,0,,,,,,
2939,2015,1,1,4,WN,701,N419WN,LAS,SAN,935,1020,45,12,1032,65,59,43,258,1115,4,1040,1119,39,0,0,,0,0,0,39,0
2941,2015,1,1,4,WN,537,N799SW,ATL,DEN,935,932,-3,14,946,210,205,184,1199,1050,7,1105,1057,-8,0,0,,,,,,
2944,2015,1,1,4,UA,1239,N76505,LAX,SFO,935,959,24,17,1016,90,80,57,337,1113,6,1105,1119,14,0,0,,,,,,
2951,2015,1,1,4,AA,1463,N3EWAA,ORD,FLL,935,938,3,12,950,180,163,145,1182,1315,6,1335,1321,-14,0,0,,,,,,
2952,2015,1,1,4,AS,139,N592AS,ORD,ANC,935,931,-4,10,941,424,434,416,2846,1337,8,1339,1345,6,0,0,,,,,,
2955,2015,1,1,4,DL,1316,N6705Y,ATL,DEN,935,933,-2,11,944,212,194,177,1199,1041,6,1107,1047,-20,0,0,,,,,,
2956,2015,1,1,4,DL,1472,N911DA,ATL,TPA,935,936,1,35,1011,88,98,61,406,1112,2,1103,1114,11,0,0,,,,,,
2961,2015,1,1,4,MQ,2828,N932MQ,DFW,CHS,935,,,,,143,,,987,,,1258,,,0,1,B,,,,,
2964,2015,1,1,4,NK,357,N530NK,ORD,LAS,935,935,0,13,948,238,249,191,1514,1059,45,1133,1144,11,0,0,,,,,,
2969,2015,1,1,4,DL,1233,N910AT,ATL,ORF,937,934,-3,9,943,93,80,67,516,1050,4,1110,1054,-16,0,0,,,,,,
2971,2015,1,1,4,F9,770,N934FR,LAS,DEN,937,928,-9,13,941,108,106,87,628,1208,6,1225,1214,-11,0,0,,,,,,
2975,2015,1,1,4,OO,4770,N823AS,MSP,DIK,938,929,-9,17,946,123,126,102,481,1028,7,1041,1035,-6,0,0,,,,,,
2976,2015,1,1,4,OO,5628,N785SK,SFO,SNA,938,932,-6,16,948,92,92,70,372,1058,6,1110,1104,-6,0,0,,,,,,
2978,2015,1,1,4,UA,261,N408UA,LAS,IAH,939,937,-2,13,950,182,174,154,1222,1424,7,1441,1431,-10,0,0,,,,,,
2981,2015,1,1,4,DL,1990,N934AT,ATL,SAV,939,937,-2,12,949,66,51,35,214,1024,4,1045,1028,-17,0,0,,,,,,
2984,2015,1,1,4,OO,6200,N122SY,ORD,BOI,939,948,9,16,1004,241,233,213,1437,1237,4,1240,1241,1,0,0,,,,,,
2998,2015,1,1,4,WN,707,N706SW,ATL,HOU,940,1002,22,10,1012,140,130,117,696,1109,3,1100,1112,12,0,0,,,,,,
3000,2015,1,1,4,WN,2002,N8601C,LAS,TPA,940,939,-1,12,951,250,245,230,1984,1641,3,1650,1644,-6,0,0,,,,,,
3002,2015,1,1,4,WN,1908,N8324A,PHX,SEA,940,938,-2,10,948,185,171,153,1107,1121,8,1145,1129,-16,0,0,,,,,,
3008,2015,1,1,4,UA,1598,N75425,SFO,MCO,940,937,-3,12,949,310,305,286,2446,1735,7,1750,1742,-8,0,0,,,,,,
3009,2015,1,1,4,US,459,N536UW,PHX,DEN,940,940,0,18,958,110,109,84,602,1122,7,1130,1129,-1,0,0,,,,,,
3010,2015,1,1,4,US,474,N604AW,PHX,MSP,940,938,-2,16,954,186,165,145,1276,1319,4,1346,1323,-23,0,0,,,,,,
3014,2015,1,1,4,AA,1086,N486AA,DFW,SLC,940,936,-4,22,958,170,165,135,989,1113,8,1130,1121,-9,0,0,,,,,,
3015,2015,1,1,4,AA,1538,N4WNAA,ORD,TUS,940,939,-1,14,953,230,254,234,1437,1247,6,1230,1253,23,0,0,,23,0,0,0,0
3016,2015,1,1,4,AA,1602,N469AA,DFW,BWI,940,945,5,32,1017,165,171,134,1217,1331,5,1325,1336,11,0,0,,,,,,
3026,2015,1,1,4,DL,1247,N967DL,ATL,BDL,940,939,-1,14,953,139,125,107,859,1140,4,1159,1144,-15,0,0,,,,,,
3030,2015,1,1,4,DL,129,N655DL,ATL,SEA,940,947,7,15,1002,337,326,304,2182,1206,7,1217,1213,-4,0,0,,,,,,
3031,2015,1,1,4,EV,5685,N836AS,ATL,IAD,940,939,-1,11,950,108,103,86,534,1116,6,1128,1122,-6,0,0,,,,,,
3033,2015,1,1,4,MQ,3437,N630MQ,ORD,TVC,940,940,0,10,950,58,54,41,224,1131,3,1138,1134,-4,0,0,,,,,,
3034,2015,1,1,4,MQ,3543,N628MQ,DFW,MHK,940,,,,,83,,,431,,,1103,,,0,1,B,,,,,
3037,2015,1,1,4,OO,2586,N866AS,LAX,FAT,940,937,-3,15,952,60,59,41,209,1033,3,1040,1036,-4,0,0,,,,,,
3041,2015,1,1,4,OO,6325,N560SW,LAX,SAN,940,1022,42,22,1044,55,63,35,109,1119,6,1035,1125,50,0,0,,8,0,16,26,0
3042,2015,1,1,4,OO,6557,N899SK,PHX,PSP,940,937,-3,18,955,73,75,50,261,945,7,953,952,-1,0,0,,,,,,
3045,2015,1,1,4,DL,1672,N905DL,ATL,DFW,942,941,-1,13,954,157,137,114,731,1048,10,1119,1058,-21,0,0,,,,,,
3046,2015,1,1,4,EV,4965,N607LR,ATL,HPN,942,941,-1,15,956,133,126,108,780,1144,3,1155,1147,-8,0,0,,,,,,
3053,2015,1,1,4,DL,571,N695DL,ATL,STT,944,941,-3,11,952,218,192,175,1599,1347,6,1422,1353,-29,0,0,,,,,,
3054,2015,1,1,4,DL,1344,N684DA,ATL,JAC,944,941,-3,11,952,254,232,218,1572,1130,3,1158,1133,-25,0,0,,,,,,
3056,2015,1,1,4,US,687,N650AW,PHX,EWR,945,943,-2,17,1000,278,251,228,2133,1548,6,1623,1554,-29,0,0,,,,,,
3059,2015,1,1,4,US,1933,N202UW,ORD,PHL,945,943,-2,17,1000,114,104,83,678,1223,4,1239,1227,-12,0,0,,,,,,
3064,2015,1,1,4,VX,783,N525VA,LAS,LAX,945,947,2,13,1000,70,59,41,236,1041,5,1055,1046,-9,0,0,,,,,,
3065,2015,1,1,4,WN,739,N927WN,ATL,IND,945,951,6,12,1003,95,85,68,432,1111,5,1120,1116,-4,0,0,,,,,,
3070,2015,1,1,4,WN,303,N735SA,LAS,SJC,945,943,-2,13,956,85,73,58,386,1054,2,1110,1056,-14,0,0,,,,,,
3073,2015,1,1,4,WN,1682,N8316H,PHX,PDX,945,946,1,16,1002,175,165,145,1009,1127,4,1140,1131,-9,0,0,,,,,,
3076,2015,1,1,4,UA,1285,N77525,SFO,IAH,945,941,-4,17,958,230,219,195,1635,1513,7,1535,1520,-15,0,0,,,,,,
3077,2015,1,1,4,UA,1582,N27722,ORD,JAC,945,947,2,21,1008,205,196,170,1162,1158,5,1210,1203,-7,0,0,,,,,,
3078,2015,1,1,4,US,620,N191UW,PHX,CLT,945,942,-3,15,957,237,219,191,1773,1508,13,1542,1521,-21,0,0,,,,,,
3080,2015,1,1,4,AA,1568,N583AA,DFW,OKC,945,945,0,45,1030,55,85,34,175,1104,6,1040,1110,30,0,0,,30,0,0,0,0
3083,2015,1,1,4,AA,2301,N499AA,DFW,ORD,945,,,,,135,,,802,,,1200,,,0,1,B,,,,,
3089,2015,1,1,4,DL,1061,N379DA,LAX,MCO,945,942,-3,21,1003,278,282,253,2218,1716,8,1723,1724,1,0,0,,,,,,
3090,2015,1,1,4,DL,1063,N963DN,ATL,LGA,945,945,0,15,1000,134,126,104,762,1144,7,1159,1151,-8,0,0,,,,,,
3093,2015,1,1,4,DL,1355,N308DE,ATL,EYW,945,942,-3,13,955,116,98,84,646,1119,1,1141,1120,-21,0,0,,,,,,
3099,2015,1,1,4,EV,4756,N16976,ORD,GRB,945,946,1,13,959,57,54,37,173,1036,4,1042,1040,-2,0,0,,,,,,
3100,2015,1,1,4,EV,6122,N14950,ORD,ATW,945,936,-9,11,947,56,48,34,160,1021,3,1041,1024,-17,0,0,,,,,,
3102,2015,1,1,4,MQ,2855,N532MQ,ORD,SYR,945,943,-2,9,952,98,80,69,607,1201,2,1223,1203,-20,0,0,,,,,,
3104,2015,1,1,4,MQ,3196,N925MQ,DFW,SAF,945,,,,,103,,,551,,,1028,,,0,1,B,,,,,
3105,2015,1,1,4,MQ,3376,N925MQ,DFW,FSD,945,947,2,41,1028,123,169,93,737,1201,35,1148,1236,48,0,0,,48,0,0,0,0
3106,2015,1,1,4,MQ,3404,N855MQ,DFW,TYR,945,,,,,43,,,102,,,1028,,,0,1,B,,,,,
3107,2015,1,1,4,OO,5298,N979SW,ORD,MKG,945,931,-14,14,945,53,48,31,118,1116,3,1138,1119,-19,0,0,,,,,,
3112,2015,1,1,4,OO,5614,N755SK,LAX,DFW,945,945,0,24,1009,189,197,161,1235,1450,12,1454,1502,8,0,0,,,,,,
3115,2015,1,1,4,OO,6615,N506CA,PHX,YUM,945,946,1,20,1006,60,60,36,160,1042,4,1045,1046,1,0,0,,,,,,
3118,2015,1,1,4,US,652,N754UW,PHX,STL,947,947,0,17,1004,173,160,139,1262,1323,4,1340,1327,-13,0,0,,,,,,
3119,2015,1,1,4,UA,1590,N13750,ORD,DFW,947,1759,492,21,1820,161,175,145,802,2045,9,1228,2054,506,0,0,,14,0,25,467,0
3123,2015,1,1,4,UA,1168,N75432,ORD,DEN,948,958,10,15,1013,168,153,130,888,1123,8,1136,1131,-5,0,0,,,,,,
3124,2015,1,1,4,US,595,N912UY,PHX,DCA,948,945,-3,23,1008,253,233,205,1979,1533,5,1601,1538,-23,0,0,,,,,,
3126,2015,1,1,4,OO,6580,N906SW,PHX,FLG,948,1012,24,33,1045,52,70,33,119,1118,4,1040,1122,42,0,0,,18,0,24,0,0
3127,2015,1,1,4,UA,810,N837UA,ORD,BZN,949,949,0,15,1004,207,194,175,1186,1159,4,1216,1203,-13,0,0,,,,,,
3128,2015,1,1,4,UA,1721,N73860,SFO,KOA,949,949,0,17,1006,326,329,308,2367,1314,4,1315,1318,3,0,0,,,,,,
3130,2015,1,1,4,US,635,N544UW,PHX,FLL,950,1117,87,17,1134,261,243,216,1972,1710,10,1611,1720,69,0,0,,0,0,63,6,0
3132,2015,1,1,4,US,1754,N763US,PHX,AUS,950,945,-5,16,1001,139,133,113,872,1254,4,1309,1258,-11,0,0,,,,,,
3137,2015,1,1,4,WN,4986,N250WN,ATL,TPA,950,947,-3,18,1005,90,87,65,406,1110,4,1120,1114,-6,0,0,,,,,,
3143,2015,1,1,4,WN,1170,N902WN,LAS,ELP,950,1001,11,16,1017,95,100,81,583,1238,3,1225,1241,16,0,0,,5,0,11,0,0
3144,2015,1,1,4,WN,1598,N8637A,LAS,MDW,950,953,3,9,1002,205,188,174,1521,1456,5,1515,1501,-14,0,0,,,,,,
3145,2015,1,1,4,WN,4323,N295WN,LAS,SNA,950,945,-5,13,958,65,56,39,226,1037,4,1055,1041,-14,0,0,,,,,,
3146,2015,1,1,4,WN,2077,N387SW,LAX,ABQ,950,943,-7,8,951,105,109,88,677,1219,13,1235,1232,-3,0,0,,,,,,
3151,2015,1,1,4,WN,555,N245WN,ATL,FLL,950,1003,13,13,1016,120,101,84,581,1140,4,1150,1144,-6,0,0,,,,,,
3154,2015,1,1,4,US,406,N655AW,PHX,DTW,950,949,-1,15,1004,233,206,180,1671,1504,11,1543,1515,-28,0,0,,,,,,
3155,2015,1,1,4,US,520,N676AW,PHX,BWI,950,951,1,20,1011,261,236,211,1999,1542,5,1611,1547,-24,0,0,,,,,,
3156,2015,1,1,4,AA,76,N3HPAA,LAX,IAD,950,946,-4,18,1004,285,265,243,2288,1707,4,1735,1711,-24,0,0,,,,,,
3157,2015,1,1,4,AA,320,N4XPAA,DFW,EWR,950,1014,24,13,1027,195,177,156,1372,1403,8,1405,1411,6,0,0,,,,,,
3158,2015,1,1,4,AA,326,N486AA,DFW,STL,950,,,,,95,,,550,,,1125,,,0,1,B,,,,,
3159,2015,1,1,4,AA,1132,N437AA,DFW,PHX,950,,,,,160,,,868,,,1130,,,0,1,B,,,,,
3160,2015,1,1,4,AA,1309,N456AA,DFW,TUS,950,943,-7,35,1018,145,168,129,813,1127,4,1115,1131,16,0,0,,16,0,0,0,0
3161,2015,1,1,4,AA,1273,N023AA,IAH,MIA,950,1120,90,13,1133,140,139,116,964,1429,10,1310,1439,89,0,0,,0,0,0,89,0
3162,2015,1,1,4,AA,1551,N3BFAA,ORD,BOS,950,959,9,13,1012,125,116,99,867,1251,4,1255,1255,0,0,0,,,,,,
3163,2015,1,1,4,AA,1672,N3KYAA,LAX,AUS,950,950,0,21,1011,175,178,153,1242,1444,4,1445,1448,3,0,0,,,,,,
3165,2015,1,1,4,AA,2378,N3CBAA,LAX,SFO,950,952,2,17,1009,85,76,55,337,1104,4,1115,1108,-7,0,0,,,,,,
3170,2015,1,1,4,AA,2485,N472AA,ORD,PSP,950,956,6,14,1010,255,247,221,1652,1151,12,1205,1203,-2,0,0,,,,,,
3173,2015,1,1,4,DL,1118,N943DN,ATL,AUS,950,949,-1,11,1000,162,134,120,813,1100,3,1132,1103,-29,0,0,,,,,,
3174,2015,1,1,4,DL,2125,N938DL,ATL,BWI,950,945,-5,17,1002,113,100,76,577,1118,7,1143,1125,-18,0,0,,,,,,
3175,2015,1,1,4,DL,2352,N718TW,ATL,JFK,950,949,-1,18,1007,128,122,96,760,1143,8,1158,1151,-7,0,0,,,,,,
3178,2015,1,1,4,EV,4535,N14198,MSP,EWR,950,943,-7,28,1011,162,156,116,1008,1307,12,1332,1319,-13,0,0,,,,,,
3179,2015,1,1,4,EV,5470,N138EV,ATL,LEX,950,944,-6,14,958,72,66,49,304,1047,3,1102,1050,-12,0,0,,,,,,
3181,2015,1,1,4,HA,41,N391HA,SFO,OGG,950,1018,28,17,1035,325,318,298,2338,1333,3,1315,1336,21,0,0,,0,0,21,0,0
3183,2015,1,1,4,MQ,2834,N643MQ,DFW,JAN,950,,,,,78,,,408,,,1108,,,0,1,B,,,,,
3184,2015,1,1,4,MQ,2839,N5PBMQ,ORD,MSP,950,956,6,15,1011,83,79,60,334,1111,4,1113,1115,2,0,0,,,,,,
3189,2015,1,1,4,MQ,3325,N645MQ,DFW,XNA,950,,,,,63,,,280,,,1053,,,0,1,B,,,,,
3195,2015,1,1,4,OO,6573,N468CA,PHX,SLC,950,,,,,108,,,507,,,1138,,,0,1,A,,,,,
3196,2015,1,1,4,OO,6588,N885AS,PHX,GJT,950,956,6,30,1026,95,99,65,438,1131,4,1125,1135,10,0,0,,,,,,
3198,2015,1,1,4,DL,1455,N689DL,ATL,LAX,951,950,-1,29,1019,313,318,274,1947,1153,15,1204,1208,4,0,0,,,,,,
3200,2015,1,1,4,EV,4947,N723EV,ATL,GSO,951,949,-2,19,1008,79,72,50,306,1058,3,1110,1101,-9,0,0,,,,,,
3201,2015,1,1,4,OO,5608,N919SW,LAX,SEA,951,938,-13,22,1000,179,180,146,954,1226,12,1250,1238,-12,0,0,,,,,,
3202,2015,1,1,4,UA,331,N403UA,ORD,SEA,952,1011,19,18,1029,278,260,233,1721,1222,9,1230,1231,1,0,0,,,,,,
3203,2015,1,1,4,UA,1663,N77520,SFO,ORD,952,946,-6,23,1009,256,255,222,1846,1551,10,1608,1601,-7,0,0,,,,,,
3205,2015,1,1,4,EV,5069,N933EV,ATL,EVV,952,943,-9,13,956,83,83,67,350,1003,3,1015,1006,-9,0,0,,,,,,
3206,2015,1,1,4,OO,6616,N897SK,PHX,ABQ,952,951,-1,34,1025,78,84,44,328,1109,6,1110,1115,5,0,0,,,,,,
3207,2015,1,1,4,EV,5211,N134EV,ATL,XNA,953,944,-9,17,1001,126,118,96,589,1037,5,1059,1042,-17,0,0,,,,,,
3208,2015,1,1,4,US,649,N174US,PHX,DFW,954,1033,39,18,1051,144,138,108,868,1339,12,1318,1351,33,0,0,,0,0,0,33,0
3209,2015,1,1,4,OO,6598,N889AS,PHX,TUS,954,952,-2,34,1026,54,65,26,110,1052,5,1048,1057,9,0,0,,,,,,
3210,2015,1,1,4,OO,6618,N886AS,PHX,DRO,954,945,-9,22,1007,85,81,54,351,1101,5,1119,1106,-13,0,0,,,,,,
3211,2015,1,1,4,OO,5315,N928SW,DEN,JMS,955,1213,138,13,1226,113,96,79,573,1445,4,1248,1449,121,0,0,,0,0,105,16,0
3212,2015,1,1,4,UA,203,N811UA,DEN,AUS,955,1006,11,32,1038,129,153,116,775,1334,5,1304,1339,35,0,0,,24,0,11,0,0
3214,2015,1,1,4,UA,648,N847UA,DEN,PIT,955,1020,25,18,1038,176,167,145,1290,1503,4,1451,1507,16,0,0,,0,0,13,3,0
3215,2015,1,1,4,UA,833,N835UA,DEN,CLE,955,1011,16,13,1024,170,144,126,1201,1430,5,1445,1435,-10,0,0,,,,,,
3216,2015,1,1,4,OO,5623,N956SW,DEN,MEM,955,1005,10,28,1033,140,141,109,872,1322,4,1315,1326,11,0,0,,,,,,
3217,2015,1,1,4,WN,833,N359SW,ATL,MSP,955,950,-5,14,1004,165,165,147,907,1131,4,1140,1135,-5,0,0,,,,,,
3223,2015,1,1,4,WN,3492,N732SW,LAX,PHX,955,1452,297,8,1500,75,70,57,370,1657,5,1210,1702,292,0,0,,0,0,292,0,0
3228,2015,1,1,4,WN,2366,N8643A,PHX,LAS,955,955,0,15,1010,65,71,45,255,955,11,1000,1006,6,0,0,,,,,,
3231,2015,1,1,4,WN,1820,N769SW,SFO,LAS,955,950,-5,10,1000,85,85,70,414,1110,5,1120,1115,-5,0,0,,,,,,
3233,2015,1,1,4,UA,1067,N54241,SFO,LAX,955,950,-5,21,1011,94,92,59,337,1110,12,1129,1122,-7,0,0,,,,,,
3234,2015,1,1,4,UA,1532,N407UA,DEN,BWI,955,1531,336,12,1543,200,174,157,1491,2020,5,1515,2025,310,0,0,,0,0,310,0,0
3236,2015,1,1,4,US,567,N524UW,PHX,MCO,955,1017,22,25,1042,249,239,210,1849,1612,4,1604,1616,12,0,0,,,,,,
3237,2015,1,1,4,US,568,N565UW,PHX,TPA,955,954,-1,19,1013,235,225,199,1788,1532,7,1550,1539,-11,0,0,,,,,,
3238,2015,1,1,4,US,590,N758US,PHX,MCI,955,955,0,34,1029,158,149,113,1044,1322,2,1333,1324,-9,0,0,,,,,,
3243,2015,1,1,4,AA,2315,N503AA,ORD,DFW,955,952,-3,13,1005,155,174,132,802,1217,29,1230,1246,16,0,0,,16,0,0,0,0
3250,2015,1,1,4,DL,1258,N955DN,ATL,JAX,955,952,-3,17,1009,67,63,42,270,1051,4,1102,1055,-7,0,0,,,,,,
3253,2015,1,1,4,EV,4723,N21144,DEN,LNK,955,1000,5,11,1011,82,69,55,423,1206,3,1217,1209,-8,0,0,,,,,,
3254,2015,1,1,4,EV,4860,N11184,DEN,LFT,955,1006,11,16,1022,164,154,134,978,1336,4,1339,1340,1,0,0,,,,,,
3256,2015,1,1,4,EV,6066,N14186,DEN,ISN,955,1103,68,11,1114,110,101,84,576,1338,6,1245,1344,59,0,0,,0,0,47,12,0
3257,2015,1,1,4,MQ,2872,N679MQ,ORD,DBQ,955,954,-1,12,1006,58,48,31,147,1037,5,1053,1042,-11,0,0,,,,,,
3258,2015,1,1,4,MQ,3256,N696MQ,ORD,FAR,955,952,-3,10,1002,108,107,94,557,1136,3,1143,1139,-4,0,0,,,,,,
3259,2015,1,1,4,MQ,3415,N941MQ,ORD,OMA,955,951,-4,14,1005,93,91,74,416,1119,3,1128,1122,-6,0,0,,,,,,
3261,2015,1,1,4,OO,5301,N934SW,DEN,MKE,955,1022,27,16,1038,143,126,105,896,1323,5,1318,1328,10,0,0,,,,,,
3262,2015,1,1,4,OO,4609,N820SK,LAX,LAS,955,949,-6,21,1010,76,73,43,236,1053,9,1111,1102,-9,0,0,,,,,,
3263,2015,1,1,4,OO,5570,N975SW,DEN,FCA,955,1008,13,13,1021,143,135,118,752,1219,4,1218,1223,5,0,0,,,,,,
3264,2015,1,1,4,OO,6564,N896SK,PHX,ELP,955,947,-8,25,1012,81,81,51,347,1103,5,1116,1108,-8,0,0,,,,,,
3265,2015,1,1,4,UA,1556,N73291,DEN,DCA,956,1002,6,15,1017,197,172,152,1476,1449,5,1513,1454,-19,0,0,,,,,,
3266,2015,1,1,4,B6,906,N267JB,ORD,JFK,956,1009,13,13,1022,123,110,90,740,1252,7,1259,1259,0,0,0,,,,,,
3267,2015,1,1,4,EV,4896,N916EV,ATL,CAE,956,951,-5,13,1004,61,47,31,192,1035,3,1057,1038,-19,0,0,,,,,,
3270,2015,1,1,4,UA,495,N455UA,DEN,IAD,957,1034,37,13,1047,197,169,152,1452,1519,4,1514,1523,9,0,0,,,,,,
3271,2015,1,1,4,UA,1221,N69813,DEN,BOS,957,1152,115,11,1203,228,204,187,1754,1710,6,1545,1716,91,0,0,,0,0,35,56,0
3272,2015,1,1,4,UA,1286,N37267,DEN,FLL,957,1005,8,25,1030,227,230,201,1703,1551,4,1544,1555,11,0,0,,,,,,
3274,2015,1,1,4,OO,5657,N961SW,DEN,MLI,958,1006,8,17,1023,120,112,91,752,1254,4,1258,1258,0,0,0,,,,,,
3276,2015,1,1,4,US,425,N181UW,PHX,JFK,958,957,-1,17,1014,292,274,232,2153,1606,25,1650,1631,-19,0,0,,,,,,
3277,2015,1,1,4,US,480,N649AW,PHX,IAH,958,956,-2,22,1018,159,152,122,1009,1320,8,1337,1328,-9,0,0,,,,,,
3279,2015,1,1,4,EV,5988,N17115,DEN,SDF,958,1009,11,17,1026,151,138,115,1024,1421,6,1429,1427,-2,0,0,,,,,,
3280,2015,1,1,4,OO,6515,N796SK,DEN,DFW,958,1024,26,18,1042,115,122,98,641,1320,6,1253,1326,33,0,0,,7,0,22,4,0
3281,2015,1,1,4,US,646,N654AW,PHX,BOS,959,1004,5,28,1032,292,264,231,2300,1623,5,1651,1628,-23,0,0,,,,,,
3286,2015,1,1,4,US,489,N653AW,PHX,PIT,959,955,-4,25,1020,239,216,186,1814,1526,5,1558,1531,-27,0,0,,,,,,
3287,2015,1,1,4,US,511,N767UW,PHX,OMA,959,949,-10,16,1005,160,133,114,1037,1259,3,1339,1302,-37,0,0,,,,,,
3288,2015,1,1,4,US,610,N560UW,PHX,ATL,959,951,-8,36,1027,219,229,175,1587,1522,18,1538,1540,2,0,0,,,,,,
3289,2015,1,1,4,DL,559,N124DE,ATL,SJU,959,958,-1,14,1012,215,193,171,1547,1403,8,1434,1411,-23,0,0,,,,,,
3296,2015,1,1,4,UA,268,N470UA,DEN,SFO,1000,1000,0,12,1012,172,138,120,967,1112,6,1152,1118,-34,0,0,,,,,,
3297,2015,1,1,4,UA,309,N413UA,SFO,IAD,1000,1000,0,20,1020,305,295,269,2419,1749,6,1805,1755,-10,0,0,,,,,,
3299,2015,1,1,4,US,1844,N287AY,PHX,PHL,1000,1002,2,36,1038,271,253,214,2075,1612,3,1631,1615,-16,0,0,,,,,,
3301,2015,1,1,4,UA,570,N667UA,IAH,SFO,1000,1154,114,17,1211,262,235,212,1635,1343,6,1222,1349,87,0,0,,0,0,87,0,0
3304,2015,1,1,4,VX,956,N633VA,SFO,SAN,1000,957,-3,21,1018,90,93,65,447,1123,7,1130,1130,0,0,0,,,,,,
3309,2015,1,1,4,WN,1155,N7751A,DEN,AUS,1000,1010,10,10,1020,125,132,117,775,1317,5,1305,1322,17,0,0,,7,0,10,0,0
3310,2015,1,1,4,WN,1691,N7714B,DEN,SDF,1000,1006,6,15,1021,145,134,113,1024,1414,6,1425,1420,-5,0,0,,,,,,
3311,2015,1,1,4,WN,922,N362SW,DEN,TUL,1000,1000,0,15,1015,90,92,73,541,1228,4,1230,1232,2,0,0,,,,,,
3315,2015,1,1,4,WN,938,N703SW,LAS,RNO,1000,958,-2,10,1008,80,69,55,345,1103,4,1120,1107,-13,0,0,,,,,,
3316,2015,1,1,4,WN,467,N404WN,LAX,HOU,1000,1001,1,7,1008,185,191,181,1390,1509,3,1505,1512,7,0,0,,,,,,
3317,2015,1,1,4,WN,1974,N908WN,PHX,SAN,1000,959,-1,16,1015,70,73,54,304,1009,3,1010,1012,2,0,0,,,,,,
3319,2015,1,1,4,UA,1437,N66803,ORD,SMF,1000,1021,21,19,1040,276,251,229,1781,1229,3,1236,1232,-4,0,0,,,,,,
3320,2015,1,1,4,UA,1534,N41140,ORD,EWR,1000,959,-1,17,1016,126,111,82,719,1238,12,1306,1250,-16,0,0,,,,,,
3321,2015,1,1,4,UA,1549,N36469,DEN,MCO,1000,1004,4,15,1019,209,204,181,1546,1520,8,1529,1528,-1,0,0,,,,,,
3322,2015,1,1,4,US,471,N197UW,LAS,PHX,1000,955,-5,12,1007,64,63,43,255,1150,8,1204,1158,-6,0,0,,,,,,
3328,2015,1,1,4,AA,1114,N3HCAA,DFW,LGA,1000,,,,,190,,,1389,,,1410,,,0,1,B,,,,,
3332,2015,1,1,4,AA,1684,N4XYAA,DFW,PSP,1000,958,-2,29,1027,185,187,154,1126,1101,4,1105,1105,0,0,0,,,,,,
3333,2015,1,1,4,AA,2377,N559AA,DFW,ICT,1000,,,,,75,,,328,,,1115,,,0,1,B,,,,,
3344,2015,1,1,4,DL,1190,N917DE,ATL,MIA,1000,1023,23,22,1045,122,110,84,594,1209,4,1202,1213,11,0,0,,,,,,
3348,2015,1,1,4,DL,2026,N910DN,ATL,FLL,1000,1000,0,18,1018,120,108,85,581,1143,5,1200,1148,-12,0,0,,,,,,
3353,2015,1,1,4,EV,5289,N176PQ,IAH,ATL,1000,955,-5,11,1006,112,100,83,689,1229,6,1252,1235,-17,0,0,,,,,,
3356,2015,1,1,4,EV,5942,N16147,PHX,DEN,1000,1013,13,22,1035,110,108,81,602,1156,5,1150,1201,11,0,0,,,,,,
3357,2015,1,1,4,F9,1246,N912FR,DFW,MEM,1000,1014,14,39,1053,80,106,61,432,1154,6,1120,1200,40,0,0,,36,0,0,4,0
3358,2015,1,1,4,HA,3,N393HA,LAX,HNL,1000,952,-8,12,1004,350,368,345,2556,1349,11,1350,1400,10,0,0,,,,,,
3360,2015,1,1,4,MQ,2792,N518MQ,DFW,GUC,1000,1014,14,50,1104,130,211,154,678,1238,7,1110,1245,95,0,0,,81,0,14,0,0
3361,2015,1,1,4,MQ,2813,N543MQ,ORD,ATL,1000,1008,8,13,1021,113,109,92,606,1253,4,1253,1257,4,0,0,,,,,,
3365,2015,1,1,4,MQ,3138,N509MQ,ORD,DTW,1000,957,-3,12,1009,68,65,41,235,1150,12,1208,1202,-6,0,0,,,,,,
3367,2015,1,1,4,OO,5346,N569SW,LAX,CLD,1000,1031,31,12,1043,45,39,23,86,1106,4,1045,1110,25,0,0,,0,0,0,25,0
3370,2015,1,1,4,OO,5561,N924SW,DEN,FAR,1000,1226,146,11,1237,118,99,83,627,1500,5,1258,1505,127,0,0,,0,0,0,127,0
3371,2015,1,1,4,OO,5529,N910SW,DEN,SGF,1000,1208,128,8,1216,105,97,81,637,1437,8,1245,1445,120,0,0,,0,0,4,116,0
3373,2015,1,1,4,OO,5546,N774SK,DEN,ASE,1000,1011,11,15,1026,49,44,26,125,1052,3,1049,1055,6,0,0,,,,,,
3374,2015,1,1,4,OO,6300,N562SW,LAX,PSP,1000,957,-3,18,1015,59,63,37,110,1052,8,1059,1100,1,0,0,,,,,,
3378,2015,1,1,4,EV,6104,N27152,IAH,ISN,1001,958,-3,13,1011,218,202,180,1330,1311,9,1339,1320,-19,0,0,,,,,,
3379,2015,1,1,4,OO,5535,N930EV,DEN,MSO,1001,,,,,133,,,679,,,1214,,,0,1,C,,,,,
3380,2015,1,1,4,DL,2014,N970AT,ATL,HSV,1002,1005,3,11,1016,62,47,31,151,947,5,1004,952,-12,0,0,,,,,,
3381,2015,1,1,4,DL,1798,N974DL,ATL,EWR,1002,958,-4,17,1015,136,123,101,746,1156,5,1218,1201,-17,0,0,,,,,,
3382,2015,1,1,4,OO,6205,N716SK,IAH,PSP,1002,1010,8,14,1024,208,212,186,1269,1130,12,1130,1142,12,0,0,,,,,,
3383,2015,1,1,4,UA,1607,N39416,DEN,PHL,1003,1014,11,17,1031,210,194,169,1558,1520,8,1533,1528,-5,0,0,,,,,,
3384,2015,1,1,4,EV,4351,N11187,DEN,XNA,1003,1018,15,22,1040,105,111,82,616,1302,7,1248,1309,21,0,0,,6,0,15,0,0
3385,2015,1,1,4,EV,4317,N14168,DEN,HSV,1003,1008,5,34,1042,149,160,120,1048,1342,6,1332,1348,16,0,0,,11,0,5,0,0
3389,2015,1,1,4,OO,5327,N986SW,DEN,MAF,1004,,,,,102,,,563,,,1246,,,0,1,C,,,,,
3390,2015,1,1,4,OO,6237,N917SW,DEN,FSD,1004,1031,27,25,1056,92,98,67,483,1303,6,1236,1309,33,0,0,,6,0,7,20,0
3394,2015,1,1,4,US,2045,N108UW,MSP,CLT,1005,1004,-1,13,1017,149,130,107,930,1304,10,1334,1314,-20,0,0,,,,,,
3400,2015,1,1,4,WN,2041,N8317M,LAS,DEN,1005,1046,41,12,1058,115,107,88,628,1326,7,1300,1333,33,0,0,,0,0,31,2,0
3404,2015,1,1,4,WN,2971,N288WN,PHX,ELP,1005,1004,-1,15,1019,65,66,47,347,1106,4,1110,1110,0,0,0,,,,,,
3405,2015,1,1,4,WN,885,N276WN,PHX,LIT,1005,1013,8,21,1034,150,153,129,1136,1343,3,1335,1346,11,0,0,,,,,,
3406,2015,1,1,4,WN,506,N212WN,PHX,RDU,1005,1014,9,22,1036,235,233,208,1891,1604,3,1600,1607,7,0,0,,,,,,
3407,2015,1,1,4,WN,788,N750SA,PHX,SAT,1005,1014,9,23,1037,120,132,104,843,1321,5,1305,1326,21,0,0,,12,0,0,9,0
3408,2015,1,1,4,WN,2279,N440LV,PHX,SDF,1005,1006,1,25,1031,190,188,159,1506,1510,4,1515,1514,-1,0,0,,,,,,
3410,2015,1,1,4,WN,2346,N353SW,SFO,LAX,1005,959,-6,18,1017,80,78,55,337,1112,5,1125,1117,-8,0,0,,,,,,
3415,2015,1,1,4,UA,1703,N35271,ORD,SFO,1005,1017,12,20,1037,287,263,238,1846,1235,5,1252,1240,-12,0,0,,,,,,
3416,2015,1,1,4,US,460,N640AW,PHX,IND,1005,959,-6,19,1018,208,179,154,1488,1452,6,1533,1458,-35,0,0,,,,,,
3417,2015,1,1,4,US,544,N582UW,LAX,PHX,1005,1011,6,23,1034,76,84,57,370,1231,4,1221,1235,14,0,0,,,,,,
3418,2015,1,1,4,US,617,N804AW,PHX,CMH,1005,1003,-2,25,1028,226,206,175,1670,1523,6,1551,1529,-22,0,0,,,,,,
3423,2015,1,1,4,AA,1473,N575AA,DFW,ATL,1005,1004,-1,36,1040,120,133,92,731,1312,5,1305,1317,12,0,0,,,,,,
3424,2015,1,1,4,AA,1169,N3LDAA,ORD,LAX,1005,1000,-5,15,1015,270,266,244,1744,1219,7,1235,1226,-9,0,0,,,,,,
3425,2015,1,1,4,AA,2210,N469AA,DFW,SAT,1005,,,,,70,,,247,,,1115,,,0,1,B,,,,,
3428,2015,1,1,4,DL,1100,N938DN,ATL,BOS,1005,1001,-4,17,1018,154,142,120,946,1218,5,1239,1223,-16,0,0,,,,,,
3429,2015,1,1,4,DL,1177,N965DN,ATL,RDU,1005,1003,-2,13,1016,84,71,54,356,1110,4,1129,1114,-15,0,0,,,,,,
3430,2015,1,1,4,DL,1991,N931DN,MSP,ATL,1005,1000,-5,15,1015,153,140,121,907,1316,4,1338,1320,-18,0,0,,,,,,
3432,2015,1,1,4,DL,2482,N370NB,ATL,OKC,1005,1004,-1,11,1015,150,136,121,761,1116,4,1135,1120,-15,0,0,,,,,,
3433,2015,1,1,4,DL,2628,N987DL,ATL,MTJ,1005,958,-7,11,1009,237,217,201,1352,1130,5,1202,1135,-27,0,0,,,,,,
3438,2015,1,1,4,MQ,2903,N607MQ,DFW,BTR,1005,,,,,78,,,383,,,1123,,,0,1,B,,,,,
3439,2015,1,1,4,MQ,3393,N918MQ,DFW,TXK,1005,,,,,53,,,181,,,1058,,,0,1,B,,,,,
3440,2015,1,1,4,MQ,3612,N857MQ,DFW,CLL,1005,,,,,48,,,164,,,1053,,,0,1,B,,,,,
3441,2015,1,1,4,MQ,3653,N825MQ,DFW,TLH,1005,,,,,118,,,767,,,1303,,,0,1,B,,,,,
3442,2015,1,1,4,OO,2591,N435SW,LAX,SJC,1005,1003,-2,13,1016,70,76,61,308,1117,2,1115,1119,4,0,0,,,,,,
3444,2015,1,1,4,OO,5571,N593ML,DEN,MOT,1005,1044,39,18,1102,118,108,85,604,1327,5,1303,1332,29,0,0,,0,0,16,13,0
3445,2015,1,1,4,OO,5639,N762SK,LAX,MSP,1005,1046,41,13,1059,218,208,189,1535,1608,6,1543,1614,31,0,0,,0,0,31,0,0
3446,2015,1,1,4,OO,4997,N752SK,DEN,GRR,1005,1030,25,18,1048,144,146,113,1015,1441,15,1429,1456,27,0,0,,2,0,4,21,0
3447,2015,1,1,4,DL,2452,N906DE,ATL,RIC,1006,1004,-2,15,1019,96,82,62,481,1121,5,1142,1126,-16,0,0,,,,,,
3449,2015,1,1,4,DL,1570,N966AT,ATL,STL,1006,1006,0,22,1028,111,103,78,484,1046,3,1057,1049,-8,0,0,,,,,,
3450,2015,1,1,4,EV,4323,N11181,DEN,TUL,1006,1011,5,14,1025,94,92,74,541,1239,4,1240,1243,3,0,0,,,,,,
3451,2015,1,1,4,UA,1020,N67815,DEN,IAH,1007,1032,25,12,1044,142,137,118,862,1342,7,1329,1349,20,0,0,,0,0,16,4,0
3455,2015,1,1,4,EV,6184,N12136,DEN,MSN,1008,1016,8,20,1036,129,139,94,826,1310,25,1317,1335,18,0,0,,10,0,8,0,0
3456,2015,1,1,4,OO,5594,N962SW,DEN,RAP,1008,1054,46,13,1107,70,62,44,300,1151,5,1118,1156,38,0,0,,0,0,13,25,0
3460,2015,1,1,4,F9,404,N951FR,LAX,DEN,1009,1056,47,9,1105,140,133,119,862,1404,5,1329,1409,40,0,0,,0,0,11,29,0
3465,2015,1,1,4,VX,232,N844VA,LAX,ORD,1010,1007,-3,7,1014,240,227,208,1744,1542,12,1610,1554,-16,0,0,,,,,,
3471,2015,1,1,4,WN,2505,N467WN,DEN,CMH,1010,1013,3,18,1031,160,151,127,1154,1438,6,1450,1444,-6,0,0,,,,,,
3472,2015,1,1,4,WN,474,N614SW,DEN,IND,1010,1010,0,16,1026,140,130,110,977,1416,4,1430,1420,-10,0,0,,,,,,
3473,2015,1,1,4,WN,376,N684WN,DEN,MCI,1010,1014,4,13,1027,90,84,68,533,1235,3,1240,1238,-2,0,0,,,,,,
3474,2015,1,1,4,WN,3559,N209WN,DEN,MKE,1010,1013,3,13,1026,135,126,108,896,1314,5,1325,1319,-6,0,0,,,,,,
3475,2015,1,1,4,WN,526,N742SW,DEN,MSY,1010,1011,1,16,1027,150,159,138,1062,1345,5,1340,1350,10,0,0,,,,,,
3477,2015,1,1,4,WN,4547,N354SW,LAS,OAK,1010,1021,11,9,1030,90,81,69,407,1139,3,1140,1142,2,0,0,,,,,,
3478,2015,1,1,4,WN,1080,N485WN,LAS,OKC,1010,1010,0,9,1019,140,133,120,986,1419,4,1430,1423,-7,0,0,,,,,,
3482,2015,1,1,4,WN,1952,N8640D,PHX,IND,1010,1012,2,21,1033,195,183,157,1488,1510,5,1525,1515,-10,0,0,,,,,,
3483,2015,1,1,4,WN,1328,N8649A,PHX,MCO,1010,1019,9,25,1044,235,247,215,1849,1619,7,1605,1626,21,0,0,,12,0,0,9,0
3490,2015,1,1,4,UA,1412,,ORD,PHL,1010,,,,,121,,,678,,,1311,,,0,1,A,,,,,
3491,2015,1,1,4,UA,1677,N14115,DEN,EWR,1010,1020,10,14,1034,221,193,168,1605,1522,11,1551,1533,-18,0,0,,,,,,
3492,2015,1,1,4,UA,1759,N38727,ORD,BOS,1010,1005,-5,14,1019,140,118,98,867,1257,6,1330,1303,-27,0,0,,,,,,
3493,2015,1,1,4,US,593,N163US,PHX,ORD,1010,1009,-1,24,1033,211,191,157,1440,1410,10,1441,1420,-21,0,0,,,,,,
3497,2015,1,1,4,AA,2246,N3DFAA,ORD,PBI,1010,1007,-3,9,1016,170,158,145,1144,1341,4,1400,1345,-15,0,0,,,,,,
3498,2015,1,1,4,AS,303,N797AS,SFO,SEA,1010,1010,0,16,1026,122,119,98,679,1204,5,1212,1209,-3,0,0,,,,,,
3506,2015,1,1,4,DL,1414,N829DN,LAX,SLC,1010,1010,0,18,1028,110,109,88,590,1256,3,1300,1259,-1,0,0,,,,,,
3508,2015,1,1,4,EV,2527,N880AS,DFW,MOB,1010,1022,12,43,1105,95,116,71,539,1216,2,1145,1218,33,0,0,,21,0,12,0,0
3510,2015,1,1,4,EV,2509,N876AS,DFW,GGG,1010,1010,0,31,1041,45,61,26,140,1107,4,1055,1111,16,0,0,,16,0,0,0,0
3511,2015,1,1,4,EV,4722,N15912,ORD,BUF,1010,1008,-2,16,1024,93,84,64,473,1228,4,1243,1232,-11,0,0,,,,,,
3513,2015,1,1,4,EV,5904,N13997,ORD,CMH,1010,1008,-2,20,1028,78,71,46,296,1214,5,1228,1219,-9,0,0,,,,,,
3514,2015,1,1,4,EV,5694,N834AS,ORD,SBN,1010,1003,-7,17,1020,48,42,23,84,1143,2,1158,1145,-13,0,0,,,,,,
3515,2015,1,1,4,F9,1068,N203FR,DEN,ORD,1010,1008,-2,15,1023,140,137,109,888,1312,13,1330,1325,-5,0,0,,,,,,
3516,2015,1,1,4,F9,734,N927FR,DEN,CVG,1010,1006,-4,12,1018,148,144,125,1069,1423,7,1438,1430,-8,0,0,,,,,,
3517,2015,1,1,4,F9,566,N928FR,DEN,MOT,1010,1002,-8,8,1010,109,103,88,604,1238,7,1259,1245,-14,0,0,,,,,,
3521,2015,1,1,4,OO,5306,N951SW,LAX,SBA,1010,1007,-3,21,1028,45,47,23,89,1051,3,1055,1054,-1,0,0,,,,,,
3523,2015,1,1,4,OO,4465,N609SK,ATL,ASE,1010,1005,-5,26,1031,227,230,198,1304,1149,6,1157,1155,-2,0,0,,,,,,
3525,2015,1,1,4,OO,5526,N764SK,DEN,BHM,1010,1120,70,19,1139,152,147,125,1083,1444,3,1342,1447,65,0,0,,0,0,57,8,0
3526,2015,1,1,4,OO,5503,N295SW,SFO,MRY,1010,1002,-8,22,1024,44,46,22,77,1046,2,1054,1048,-6,0,0,,,,,,
3535,2015,1,1,4,EV,5597,N752EV,ATL,LFT,1014,1013,-1,10,1023,111,104,89,503,1052,5,1105,1057,-8,0,0,,,,,,
3536,2015,1,1,4,OO,5225,N789SK,IAH,BFL,1014,1045,31,12,1057,234,205,188,1428,1205,5,1208,1210,2,0,0,,,,,,
3537,2015,1,1,4,UA,219,N779UA,ORD,HNL,1015,1011,-4,23,1034,554,555,519,4243,1513,13,1529,1526,-3,0,0,,,,,,
3538,2015,1,1,4,US,1766,N721UW,IAH,CLT,1015,1008,-7,19,1027,142,149,111,912,1318,19,1337,1337,0,0,0,,,,,,
3540,2015,1,1,4,UA,552,N831UA,IAH,ORD,1015,1017,2,22,1039,156,148,114,925,1233,12,1251,1245,-6,0,0,,,,,,
3541,2015,1,1,4,UA,690,N548UA,DEN,ORD,1015,1025,10,18,1043,146,132,104,888,1327,10,1341,1337,-4,0,0,,,,,,
3542,2015,1,1,4,VX,334,N838VA,LAX,FLL,1015,1012,-3,9,1021,285,287,265,2342,1746,13,1800,1759,-1,0,0,,,,,,
3543,2015,1,1,4,WN,716,N931WN,ATL,MKE,1015,1040,25,12,1052,125,115,98,669,1130,5,1120,1135,15,0,0,,0,0,15,0,0
3550,2015,1,1,4,WN,3488,N8623F,DEN,BNA,1015,1011,-4,17,1028,145,139,114,1014,1322,8,1340,1330,-10,0,0,,,,,,
3551,2015,1,1,4,WN,706,N8613K,DEN,BOS,1015,1012,-3,13,1025,230,200,181,1754,1526,6,1605,1532,-33,0,0,,,,,,
3552,2015,1,1,4,WN,757,N500WR,DEN,MCO,1015,1027,12,18,1045,205,208,184,1546,1549,6,1540,1555,15,0,0,,3,0,12,0,0
3553,2015,1,1,4,WN,678,N7752B,DEN,ONT,1015,1013,-2,13,1026,135,123,105,819,1111,5,1130,1116,-14,0,0,,,,,,
3554,2015,1,1,4,WN,944,N8630B,DEN,STL,1015,1015,0,17,1032,115,112,90,770,1302,5,1310,1307,-3,0,0,,,,,,
3555,2015,1,1,4,WN,442,N759GS,LAS,PHX,1015,1013,-2,14,1027,65,72,51,255,1218,7,1220,1225,5,0,0,,,,,,
3559,2015,1,1,4,WN,1667,N8326F,PHX,MSY,1015,1015,0,25,1040,170,180,150,1300,1410,5,1405,1415,10,0,0,,,,,,
3566,2015,1,1,4,UA,1230,N38417,IAH,MCO,1015,1022,7,17,1039,138,130,105,854,1324,8,1333,1332,-1,0,0,,,,,,
3567,2015,1,1,4,US,428,N546UW,DEN,CLT,1015,1011,-4,23,1034,186,175,144,1337,1458,8,1521,1506,-15,0,0,,,,,,
3569,2015,1,1,4,AA,120,N3GYAA,LAS,JFK,1015,1057,42,21,1118,300,277,242,2248,1820,14,1815,1834,19,0,0,,0,0,1,18,0
3570,2015,1,1,4,AA,112,N857AA,DEN,MIA,1015,1017,2,19,1036,224,229,199,1709,1555,11,1559,1606,7,0,0,,,,,,
3571,2015,1,1,4,AA,172,N791AA,LAX,JFK,1015,1007,-8,12,1019,330,298,275,2475,1754,11,1845,1805,-40,0,0,,,,,,
3573,2015,1,1,4,AA,1271,N3FYAA,DFW,SNA,1015,1109,54,24,1133,195,192,165,1205,1218,3,1130,1221,51,0,0,,0,0,51,0,0
3582,2015,1,1,4,DL,1172,N688DL,ATL,EGE,1015,1016,1,14,1030,222,202,184,1312,1134,4,1157,1138,-19,0,0,,,,,,
3583,2015,1,1,4,DL,2183,N904DL,ORD,ATL,1015,1035,20,14,1049,116,100,82,606,1311,4,1311,1315,4,0,0,,,,,,
3586,2015,1,1,4,DL,2625,N361NW,ATL,HDN,1015,1013,-2,15,1028,225,216,197,1340,1145,4,1200,1149,-11,0,0,,,,,,
3587,2015,1,1,4,DL,171,N934DN,PHX,MSP,1015,1021,6,25,1046,195,185,154,1276,1420,6,1430,1426,-4,0,0,,,,,,
3589,2015,1,1,4,EV,4251,N11121,DEN,CMH,1015,1021,6,20,1041,164,155,129,1154,1450,6,1459,1456,-3,0,0,,,,,,
3591,2015,1,1,4,EV,4574,N41104,IAH,CLT,1015,1013,-2,17,1030,143,143,116,912,1326,10,1338,1336,-2,0,0,,,,,,
3592,2015,1,1,4,EV,4717,N13553,IAH,CMH,1015,1011,-4,15,1026,154,139,119,986,1325,5,1349,1330,-19,0,0,,,,,,
3593,2015,1,1,4,EV,4732,N21197,IAH,DTW,1015,1014,-1,28,1042,169,169,131,1075,1353,10,1404,1403,-1,0,0,,,,,,
3594,2015,1,1,4,EV,4865,N12530,IAH,BTR,1015,1012,-3,13,1025,61,58,38,253,1103,7,1116,1110,-6,0,0,,,,,,
3600,2015,1,1,4,MQ,2758,N939MQ,DFW,ROW,1015,1026,11,17,1043,88,101,76,435,1059,8,1043,1107,24,0,0,,13,0,11,0,0
3601,2015,1,1,4,MQ,2784,N658MQ,ORD,BDL,1015,1015,0,17,1032,123,110,90,783,1302,3,1318,1305,-13,0,0,,,,,,
3604,2015,1,1,4,MQ,3624,N637MQ,ORD,CLE,1015,1016,1,22,1038,73,75,48,315,1226,5,1228,1231,3,0,0,,,,,,
3605,2015,1,1,4,NK,877,N529NK,ATL,FLL,1015,1029,14,8,1037,118,99,84,581,1201,7,1213,1208,-5,0,0,,,,,,
3607,2015,1,1,4,EV,5789,N16918,IAH,JAN,1015,1011,-4,8,1019,76,63,49,351,1108,6,1131,1114,-17,0,0,,,,,,
3608,2015,1,1,4,OO,5204,N953SW,DEN,DSM,1015,1041,26,20,1101,102,96,72,589,1313,4,1257,1317,20,0,0,,0,0,20,0,0
3609,2015,1,1,4,OO,5479,N941SW,ORD,MBS,1015,1005,-10,15,1020,66,59,40,222,1200,4,1221,1204,-17,0,0,,,,,,
3611,2015,1,1,4,UA,1444,N87507,IAH,LAX,1016,1021,5,17,1038,224,217,190,1379,1148,10,1200,1158,-2,0,0,,,,,,
3614,2015,1,1,4,NK,939,N614NK,IAH,DEN,1016,1047,31,12,1059,149,138,115,862,1154,11,1145,1205,20,0,0,,20,0,0,0,0
3616,2015,1,1,4,OO,4980,N795SK,ORD,MTJ,1016,1010,-6,12,1022,191,188,170,1081,1212,6,1227,1218,-9,0,0,,,,,,
3618,2015,1,1,4,UA,431,N810UA,IAH,DCA,1017,1014,-3,15,1029,176,165,146,1208,1355,4,1413,1359,-14,0,0,,,,,,
3622,2015,1,1,4,EV,4664,N13965,IAH,LIT,1017,1020,3,15,1035,83,74,53,374,1128,6,1140,1134,-6,0,0,,,,,,
3623,2015,1,1,4,OO,5431,N472CA,ORD,MKE,1017,1032,15,36,1108,48,71,19,67,1127,16,1105,1143,38,0,0,,23,0,15,0,0
3624,2015,1,1,4,UA,572,N410UA,IAH,TPA,1018,1016,-2,20,1036,124,123,100,787,1316,3,1322,1319,-3,0,0,,,,,,
3627,2015,1,1,4,EV,6099,N25134,DEN,SHV,1018,1023,5,26,1049,126,139,109,792,1338,4,1324,1342,18,0,0,,13,0,0,5,0
3635,2015,1,1,4,UA,202,N212UA,ORD,OGG,1020,1024,4,22,1046,555,539,510,4184,1516,7,1535,1523,-12,0,0,,,,,,
3640,2015,1,1,4,US,2091,N189UW,DFW,CLT,1020,1048,28,15,1103,141,125,103,936,1346,7,1341,1353,12,0,0,,,,,,
3641,2015,1,1,4,WN,1361,N243WN,ATL,SAT,1020,1023,3,16,1039,140,164,141,874,1200,7,1140,1207,27,0,0,,27,0,0,0,0
3648,2015,1,1,4,WN,510,N247WN,LAS,FNT,1020,1043,23,11,1054,225,209,193,1733,1707,5,1705,1712,7,0,0,,,,,,
3649,2015,1,1,4,WN,675,N956WN,LAS,TUS,1020,1029,9,9,1038,70,67,53,365,1231,5,1230,1236,6,0,0,,,,,,
3653,2015,1,1,4,WN,299,N557WN,PHX,LAX,1020,1017,-3,26,1043,80,95,60,370,1043,9,1040,1052,12,0,0,,,,,,
3660,2015,1,1,4,UA,1058,N33209,ORD,LAX,1020,1025,5,17,1042,273,255,233,1744,1235,5,1253,1240,-13,0,0,,,,,,
3661,2015,1,1,4,UA,1577,N33203,DEN,LGA,1020,1031,11,16,1047,222,205,181,1620,1548,8,1602,1556,-6,0,0,,,,,,
3663,2015,1,1,4,AA,176,N3EPAA,DFW,DCA,1020,1022,2,29,1051,160,163,127,1192,1358,7,1400,1405,5,0,0,,,,,,
3665,2015,1,1,4,AA,1511,N3EUAA,DFW,FLL,1020,,,,,160,,,1119,,,1400,,,0,1,B,,,,,
3669,2015,1,1,4,AA,2495,N482AA,DFW,RNO,1020,1014,-6,10,1024,210,194,179,1345,1123,5,1150,1128,-22,0,0,,,,,,
3671,2015,1,1,4,AA,1366,N3LCAA,DFW,TPA,1020,1014,-6,30,1044,135,146,114,929,1338,2,1335,1340,5,0,0,,,,,,
3672,2015,1,1,4,AA,1452,N3CHAA,ORD,DCA,1020,1013,-7,17,1030,105,93,71,612,1241,5,1305,1246,-19,0,0,,,,,,
3675,2015,1,1,4,EV,4377,N14953,ORD,JAX,1020,1015,-5,12,1027,143,127,110,864,1317,5,1343,1322,-21,0,0,,,,,,
3676,2015,1,1,4,EV,4587,N14143,IAH,CVG,1020,1018,-2,13,1031,137,123,105,871,1316,5,1337,1321,-16,0,0,,,,,,
3678,2015,1,1,4,EV,6152,N17196,IAH,CHS,1020,1030,10,15,1045,137,130,107,925,1332,8,1337,1340,3,0,0,,,,,,
3679,2015,1,1,4,F9,1054,N933FR,SFO,PHX,1020,1013,-7,18,1031,115,116,91,651,1302,7,1315,1309,-6,0,0,,,,,,
3680,2015,1,1,4,MQ,2836,N603MQ,ORD,IND,1020,1026,6,42,1108,58,75,30,177,1238,3,1218,1241,23,0,0,,17,0,1,5,0
3682,2015,1,1,4,MQ,3181,N520MQ,ORD,BUF,1020,1021,1,16,1037,83,79,61,473,1238,2,1243,1240,-3,0,0,,,,,,
3684,2015,1,1,4,NK,448,N611NK,DFW,RSW,1020,1037,17,11,1048,148,137,122,1017,1350,4,1348,1354,6,0,0,,,,,,
3686,2015,1,1,4,OO,2612,N863AS,LAX,SLC,1020,1021,1,21,1042,105,120,95,590,1317,4,1305,1321,16,0,0,,15,0,0,1,0
3687,2015,1,1,4,OO,2626,N862AS,LAX,SAN,1020,1017,-3,13,1030,50,44,25,109,1055,6,1110,1101,-9,0,0,,,,,,
3692,2015,1,1,4,UA,223,N487UA,IAH,DEN,1022,1021,-1,24,1045,158,146,113,862,1138,9,1200,1147,-13,0,0,,,,,,
3693,2015,1,1,4,EV,4112,N11155,IAH,TUL,1022,1023,1,27,1050,88,97,63,429,1153,7,1150,1200,10,0,0,,,,,,
3694,2015,1,1,4,EV,4490,N16571,IAH,GSP,1022,1022,0,13,1035,126,118,103,837,1318,2,1328,1320,-8,0,0,,,,,,
3695,2015,1,1,4,EV,4542,N13538,IAH,HSV,1022,1017,-5,14,1031,106,95,77,595,1148,4,1208,1152,-16,0,0,,,,,,
3696,2015,1,1,4,EV,4634,N16178,IAH,RDU,1022,1021,-1,28,1049,156,159,126,1042,1355,5,1358,1400,2,0,0,,,,,,
3697,2015,1,1,4,NK,469,N506NK,DFW,LAS,1022,1041,19,15,1056,180,167,146,1055,1122,6,1122,1128,6,0,0,,,,,,
3699,2015,1,1,4,EV,4192,N13995,IAH,BNA,1023,1021,-2,20,1041,112,108,81,657,1202,7,1215,1209,-6,0,0,,,,,,
3700,2015,1,1,4,EV,4307,N12528,IAH,GPT,1023,1020,-3,21,1041,75,76,52,376,1133,3,1138,1136,-2,0,0,,,,,,
3701,2015,1,1,4,UA,478,N830UA,LAX,ORD,1024,1028,4,9,1037,248,221,206,1744,1603,6,1632,1609,-23,0,0,,,,,,
3708,2015,1,1,4,WN,1517,N925WN,LAS,MSY,1025,1025,0,10,1035,200,193,179,1500,1534,4,1545,1538,-7,0,0,,,,,,
3709,2015,1,1,4,WN,369,N8312C,LAS,SMF,1025,1021,-4,12,1033,90,81,65,397,1138,4,1155,1142,-13,0,0,,,,,,
3711,2015,1,1,4,WN,4724,N8628A,PHX,TPA,1025,1034,9,15,1049,225,223,203,1788,1612,5,1610,1617,7,0,0,,,,,,
3715,2015,1,1,4,AA,64,N3HXAA,DFW,JFK,1025,1041,16,13,1054,200,187,169,1391,1443,5,1445,1448,3,0,0,,,,,,
3716,2015,1,1,4,AA,313,N549AA,DFW,DEN,1025,1023,-2,14,1037,125,116,93,641,1110,9,1130,1119,-11,0,0,,,,,,
3717,2015,1,1,4,AA,184,N3LCAA,DFW,SFO,1025,,,,,225,,,1464,,,1210,,,0,1,B,,,,,
3719,2015,1,1,4,AA,1255,N4XEAA,DFW,SJC,1025,,,,,225,,,1438,,,1210,,,0,1,B,,,,,
3720,2015,1,1,4,AA,1528,N475AA,DFW,LAS,1025,1047,22,13,1100,180,171,151,1055,1131,7,1125,1138,13,0,0,,,,,,
3726,2015,1,1,4,DL,1138,N912DL,ATL,IND,1025,1022,-3,13,1035,101,84,67,432,1142,4,1206,1146,-20,0,0,,,,,,
3727,2015,1,1,4,DL,2075,N952DN,ATL,MCI,1025,1023,-2,11,1034,138,119,105,692,1119,3,1143,1122,-21,0,0,,,,,,
3728,2015,1,1,4,EV,5343,N753EV,ATL,MYR,1025,1020,-5,15,1035,71,62,42,317,1117,5,1136,1122,-14,0,0,,,,,,
3729,2015,1,1,4,EV,5660,N14173,IAH,MSY,1025,1025,0,18,1043,72,68,45,305,1128,5,1137,1133,-4,0,0,,,,,,
3730,2015,1,1,4,EV,5978,N12921,ORD,IND,1025,1019,-6,15,1034,63,50,29,177,1203,6,1228,1209,-19,0,0,,,,,,
3731,2015,1,1,4,EV,6159,N17560,ORD,MCI,1025,1019,-6,14,1033,98,90,72,403,1145,4,1203,1149,-14,0,0,,,,,,
3732,2015,1,1,4,F9,111,N206FR,MSP,DEN,1025,1044,19,9,1053,129,109,93,680,1126,7,1134,1133,-1,0,0,,,,,,
3733,2015,1,1,4,F9,214,N935FR,DEN,AUS,1025,1018,-7,11,1029,119,138,118,775,1327,9,1324,1336,12,0,0,,,,,,
3736,2015,1,1,4,MQ,3075,N638MQ,ORD,GRB,1025,1017,-8,14,1031,58,50,33,173,1104,3,1123,1107,-16,0,0,,,,,,
3737,2015,1,1,4,MQ,3094,N508MQ,ORD,ELP,1025,1052,27,10,1102,198,215,202,1236,1324,3,1243,1327,44,0,0,,17,0,27,0,0
3739,2015,1,1,4,EV,5107,N878AS,ATL,GSP,1025,1021,-4,11,1032,54,44,31,153,1103,2,1119,1105,-14,0,0,,,,,,
3740,2015,1,1,4,OO,5295,N984CA,ORD,CMX,1025,1145,80,11,1156,83,80,66,359,1402,3,1248,1405,77,0,0,,0,0,0,16,61
3741,2015,1,1,4,OO,2629,N465SW,LAX,SAF,1025,1021,-4,14,1035,115,113,93,710,1308,6,1320,1314,-6,0,0,,,,,,
3744,2015,1,1,4,OO,6406,N905SW,SFO,EUG,1025,1016,-9,31,1047,95,108,72,451,1159,5,1200,1204,4,0,0,,,,,,
3745,2015,1,1,4,UA,206,N445UA,IAH,FLL,1026,1044,18,14,1058,145,131,114,965,1352,3,1351,1355,4,0,0,,,,,,
3746,2015,1,1,4,UA,1189,N27205,IAH,SAT,1026,1032,6,16,1048,64,66,41,191,1129,9,1130,1138,8,0,0,,,,,,
3749,2015,1,1,4,EV,5165,N186PQ,ATL,GRK,1026,1024,-2,18,1042,151,144,122,803,1144,4,1157,1148,-9,0,0,,,,,,
3754,2015,1,1,4,UA,1244,N14106,LAX,EWR,1028,1028,0,12,1040,313,300,261,2454,1801,27,1841,1828,-13,0,0,,,,,,
3755,2015,1,1,4,UA,1476,N69835,IAH,PHL,1028,1029,1,18,1047,195,189,167,1325,1434,4,1443,1438,-5,0,0,,,,,,
3756,2015,1,1,4,UA,1260,N16217,IAH,SJU,1029,1038,9,14,1052,255,242,223,2007,1635,5,1644,1640,-4,0,0,,,,,,
3759,2015,1,1,4,EV,5063,N837AS,ATL,FAY,1029,1022,-7,11,1033,73,64,51,331,1124,2,1142,1126,-16,0,0,,,,,,
3766,2015,1,1,4,UA,994,N477UA,SFO,EWR,1030,1032,2,13,1045,336,325,297,2565,1842,15,1906,1857,-9,0,0,,,,,,
3769,2015,1,1,4,WN,795,N968WN,ATL,PBI,1030,1026,-4,15,1041,110,104,83,545,1204,6,1220,1210,-10,0,0,,,,,,
3770,2015,1,1,4,WN,1926,N7745A,ATL,SJU,1030,1101,31,10,1111,215,193,178,1547,1509,5,1505,1514,9,0,0,,,,,,
3776,2015,1,1,4,WN,393,N236WN,DEN,LGA,1030,1058,28,11,1109,220,193,178,1620,1607,4,1610,1611,1,0,0,,,,,,
3777,2015,1,1,4,WN,972,N761RR,LAS,LAX,1030,1118,48,12,1130,65,60,40,236,1210,8,1135,1218,43,0,0,,0,0,12,31,0
3783,2015,1,1,4,WN,4563,N642WN,ATL,CMH,1030,1044,14,13,1057,100,85,68,447,1205,4,1210,1209,-1,0,0,,,,,,
3787,2015,1,1,4,UA,1167,N41135,DEN,LAX,1030,1033,3,14,1047,153,142,113,862,1140,15,1203,1155,-8,0,0,,,,,,
3788,2015,1,1,4,UA,1247,N14731,IAH,RSW,1030,1031,1,15,1046,132,126,108,861,1334,3,1342,1337,-5,0,0,,,,,,
3790,2015,1,1,4,UA,1558,N78001,IAH,EWR,1030,1041,11,16,1057,195,171,147,1400,1424,8,1445,1432,-13,0,0,,,,,,
3791,2015,1,1,4,AA,119,N383AA,DFW,OGG,1030,1035,5,14,1049,500,502,485,3711,1454,3,1450,1457,7,0,0,,,,,,
3792,2015,1,1,4,AA,43,N3BNAA,DFW,DTW,1030,,,,,150,,,986,,,1400,,,0,1,B,,,,,
3794,2015,1,1,4,AA,283,N5DJAA,LAX,HNL,1030,1025,-5,17,1042,365,390,358,2556,1440,15,1435,1455,20,0,0,,20,0,0,0,0
3795,2015,1,1,4,AA,1002,N475AA,DFW,IAH,1030,,,,,65,,,224,,,1135,,,0,1,B,,,,,
3797,2015,1,1,4,AA,2413,N357AA,LAX,DFW,1030,1301,151,13,1314,180,176,147,1235,1741,16,1530,1757,147,0,0,,0,0,26,121,0
3798,2015,1,1,4,AS,475,N548AS,LAX,SEA,1030,1023,-7,14,1037,164,153,133,954,1250,6,1314,1256,-18,0,0,,,,,,
3802,2015,1,1,4,B6,534,N821JB,SFO,BOS,1030,1033,3,17,1050,332,322,299,2704,1849,6,1902,1855,-7,0,0,,,,,,
3804,2015,1,1,4,DL,1095,N988DL,ATL,CLT,1030,1026,-4,13,1039,75,55,38,226,1117,4,1145,1121,-24,0,0,,,,,,
3806,2015,1,1,4,DL,1224,N981AT,ATL,BHM,1030,1026,-4,12,1038,56,43,29,134,1007,2,1026,1009,-17,0,0,,,,,,
3814,2015,1,1,4,MQ,3164,N847MQ,ORD,FSD,1030,1027,-3,17,1044,103,97,74,462,1158,6,1213,1204,-9,0,0,,,,,,
3816,2015,1,1,4,OO,5603,N964SW,PHX,SFO,1030,1023,-7,24,1047,129,126,95,651,1122,7,1139,1129,-10,0,0,,,,,,
3817,2015,1,1,4,OO,5177,N728SK,IAH,BZN,1030,1134,64,29,1203,209,212,178,1385,1401,5,1259,1406,67,0,0,,3,0,38,26,0
3818,2015,1,1,4,UA,1079,N69810,DEN,MIA,1031,1036,5,16,1052,248,215,196,1709,1608,3,1639,1611,-28,0,0,,,,,,
3819,2015,1,1,4,UA,779,N595UA,LAX,JFK,1032,1101,29,13,1114,318,291,265,2475,1839,13,1850,1852,2,0,0,,,,,,
3821,2015,1,1,4,EV,3920,N13964,IAH,DAL,1032,1027,-5,19,1046,67,64,40,216,1126,5,1139,1131,-8,0,0,,,,,,
3828,2015,1,1,4,OO,5184,N776SK,IAH,IND,1033,1031,-2,20,1051,136,124,98,844,1329,6,1349,1335,-14,0,0,,,,,,
3831,2015,1,1,4,VX,218,N840VA,SFO,AUS,1035,1026,-9,11,1037,205,211,194,1504,1551,6,1600,1557,-3,0,0,,,,,,
3832,2015,1,1,4,WN,119,N271LV,ATL,LGA,1035,1031,-4,11,1042,135,113,95,762,1217,7,1250,1224,-26,0,0,,,,,,
3841,2015,1,1,4,WN,4391,N452WN,LAS,SFO,1035,1049,14,9,1058,90,88,63,414,1201,16,1205,1217,12,0,0,,,,,,
3842,2015,1,1,4,WN,1722,N448WN,LAX,MKE,1035,1027,-8,7,1034,230,220,207,1756,1601,6,1625,1607,-18,0,0,,,,,,
3845,2015,1,1,4,WN,1768,N907WN,PHX,MKE,1035,1034,-1,14,1048,195,184,164,1460,1432,6,1450,1438,-12,0,0,,,,,,
3855,2015,1,1,4,AA,29,N568AA,DFW,ONT,1035,,,,,190,,,1188,,,1145,,,0,1,B,,,,,
3857,2015,1,1,4,AA,1265,N3GDAA,LAX,CMH,1035,1033,-2,13,1046,260,243,225,1995,1731,5,1755,1736,-19,0,0,,,,,,
3859,2015,1,1,4,AA,1375,N3AKAA,ORD,RSW,1035,1040,5,15,1055,160,165,144,1120,1419,6,1415,1425,10,0,0,,,,,,
3860,2015,1,1,4,AA,2356,N3MAAA,ORD,SFO,1035,1029,-6,14,1043,280,257,237,1846,1240,6,1315,1246,-29,0,0,,,,,,
3861,2015,1,1,4,AA,2425,N850AA,DFW,LAX,1035,1036,1,22,1058,200,204,173,1235,1151,9,1155,1200,5,0,0,,,,,,
3865,2015,1,1,4,DL,936,N903DE,ATL,OMA,1035,1033,-2,16,1049,155,150,129,821,1158,5,1210,1203,-7,0,0,,,,,,
3869,2015,1,1,4,DL,315,N136DL,ATL,DEN,1035,1033,-2,15,1048,213,196,172,1199,1140,9,1208,1149,-19,0,0,,,,,,
3871,2015,1,1,4,EV,5358,N861AS,ATL,ILM,1035,1036,1,15,1051,79,73,55,377,1146,3,1154,1149,-5,0,0,,,,,,
3872,2015,1,1,4,F9,1060,N201FR,PHX,ORD,1035,1045,10,20,1105,200,187,157,1440,1442,10,1455,1452,-3,0,0,,,,,,
3875,2015,1,1,4,F9,244,N924FR,DEN,IAH,1035,1033,-2,13,1046,134,158,124,862,1350,21,1349,1411,22,0,0,,22,0,0,0,0
3876,2015,1,1,4,MQ,2835,N906MQ,DFW,PNS,1035,,,,,98,,,604,,,1213,,,0,1,B,,,,,
3877,2015,1,1,4,MQ,2877,N675MQ,ORD,BNA,1035,1040,5,25,1105,83,90,60,409,1205,5,1158,1210,12,0,0,,,,,,
3878,2015,1,1,4,MQ,2757,N522MQ,ORD,ABQ,1035,1100,25,18,1118,178,203,179,1118,1317,6,1233,1323,50,0,0,,25,0,25,0,0
3879,2015,1,1,4,MQ,3274,N698MQ,ORD,CMI,1035,1030,-5,11,1041,48,40,25,135,1106,4,1123,1110,-13,0,0,,,,,,
3887,2015,1,1,4,EV,3965,N15983,ORD,SDF,1037,1029,-8,15,1044,82,66,45,287,1229,6,1259,1235,-24,0,0,,,,,,
3889,2015,1,1,4,EV,4199,N14179,IAH,CLE,1038,1035,-3,18,1053,167,152,126,1091,1359,8,1425,1407,-18,0,0,,,,,,
3890,2015,1,1,4,NK,927,N528NK,ORD,MCO,1038,1037,-1,11,1048,157,147,129,1005,1357,7,1415,1404,-11,0,0,,,,,,
3891,2015,1,1,4,DL,670,N607AT,ATL,SDF,1039,1037,-2,13,1050,81,77,59,321,1149,5,1200,1154,-6,0,0,,,,,,
3892,2015,1,1,4,US,1808,N549UW,ATL,CLT,1040,1036,-4,13,1049,75,66,40,226,1129,13,1155,1142,-13,0,0,,,,,,
3893,2015,1,1,4,VX,406,N835VA,LAX,JFK,1040,1101,21,9,1110,325,312,291,2475,1901,12,1905,1913,8,0,0,,,,,,
3898,2015,1,1,4,WN,629,N8318F,DEN,TPA,1040,1042,2,11,1053,195,190,174,1506,1547,5,1555,1552,-3,0,0,,,,,,
3900,2015,1,1,4,WN,355,N261WN,LAS,MAF,1040,1034,-6,9,1043,120,115,100,795,1423,6,1440,1429,-11,0,0,,,,,,
3909,2015,1,1,4,WN,1448,N257WN,PHX,MDW,1040,1036,-4,14,1050,200,182,162,1444,1432,6,1500,1438,-22,0,0,,,,,,
3914,2015,1,1,4,UA,1224,N27213,LAX,HNL,1040,1053,13,14,1107,361,357,338,2556,1445,5,1441,1450,9,0,0,,,,,,
3915,2015,1,1,4,UA,1474,N76508,SFO,DFW,1040,1041,1,17,1058,214,214,186,1464,1604,11,1614,1615,1,0,0,,,,,,
3916,2015,1,1,4,AA,380,N3HVAA,ORD,LGA,1040,1053,13,11,1104,120,98,84,733,1328,3,1340,1331,-9,0,0,,,,,,
3917,2015,1,1,4,AA,1289,N492AA,DFW,AUS,1040,1038,-2,21,1059,60,70,46,190,1145,3,1140,1148,8,0,0,,,,,,
3918,2015,1,1,4,AA,1620,N3LTAA,ORD,RDU,1040,1036,-4,10,1046,105,94,80,646,1306,4,1325,1310,-15,0,0,,,,,,
3919,2015,1,1,4,AS,627,N525AS,LAS,PDX,1040,1039,-1,16,1055,133,138,115,763,1250,7,1253,1257,4,0,0,,,,,,
3925,2015,1,1,4,DL,2267,N540US,ATL,SAN,1040,1039,-1,15,1054,293,295,276,1892,1230,4,1233,1234,1,0,0,,,,,,
3926,2015,1,1,4,DL,2565,N3764D,LAS,SLC,1040,1040,0,13,1053,78,77,61,368,1254,3,1258,1257,-1,0,0,,,,,,
3927,2015,1,1,4,DL,1680,N129DL,ATL,SFO,1040,1043,3,17,1100,330,302,277,2139,1237,8,1310,1245,-25,0,0,,,,,,
3933,2015,1,1,4,MQ,2954,N609MQ,DFW,GJT,1040,,,,,138,,,773,,,1158,,,0,1,B,,,,,
3934,2015,1,1,4,MQ,2989,N521MQ,DFW,LBB,1040,1107,27,17,1124,68,67,46,282,1210,4,1148,1214,26,0,0,,0,0,26,0,0
3935,2015,1,1,4,MQ,3241,N642MQ,DFW,ABI,1040,,,,,48,,,158,,,1128,,,0,1,B,,,,,
3937,2015,1,1,4,MQ,3460,N617MQ,ORD,DSM,1040,1037,-3,10,1047,73,65,52,299,1139,3,1153,1142,-11,0,0,,,,,,
3938,2015,1,1,4,MQ,3656,N649MQ,DFW,SJT,1040,,,,,58,,,229,,,1138,,,0,1,B,,,,,
3939,2015,1,1,4,OO,5646,N583SW,SFO,SBA,1040,1037,-3,31,1108,83,96,59,262,1207,6,1203,1213,10,0,0,,,,,,
3940,2015,1,1,4,OO,6283,N119SY,SFO,MCI,1040,1038,-2,57,1135,215,263,199,1499,1654,7,1615,1701,46,0,0,,46,0,0,0,0
3941,2015,1,1,4,OO,5260,N291SW,SFO,FAT,1040,1037,-3,16,1053,66,62,42,158,1135,4,1146,1139,-7,0,0,,,,,,
3942,2015,1,1,4,OO,2632,N709BR,ORD,MKE,1040,1039,-1,12,1051,50,41,22,67,1113,7,1130,1120,-10,0,0,,,,,,
3944,2015,1,1,4,OO,6380,N113SY,SFO,BOI,1040,1039,-1,25,1104,96,108,80,522,1324,3,1316,1327,11,0,0,,,,,,
3945,2015,1,1,4,OO,6327,N586SW,LAX,SAN,1040,1108,28,19,1127,55,55,31,109,1158,5,1135,1203,28,0,0,,0,0,28,0,0
3946,2015,1,1,4,OO,6415,N929SW,DEN,GTF,1040,1044,4,17,1101,120,108,86,624,1227,5,1240,1232,-8,0,0,,,,,,
3947,2015,1,1,4,UA,1192,N69804,DEN,TPA,1041,1048,7,11,1059,203,194,177,1506,1556,6,1604,1602,-2,0,0,,,,,,
3958,2015,1,1,4,UA,239,N431UA,SFO,ORD,1043,1326,163,21,1347,262,259,221,1846,1928,17,1705,1945,160,0,0,,0,0,160,0,0
3963,2015,1,1,4,EV,4415,N14117,IAH,SAV,1044,1043,-1,11,1054,129,117,99,851,1333,7,1353,1340,-13,0,0,,,,,,
3966,2015,1,1,4,UA,392,N549UA,SFO,LAS,1045,1044,-1,23,1107,96,97,69,414,1216,5,1221,1221,0,0,0,,,,,,
3968,2015,1,1,4,UA,435,N430UA,SFO,STL,1045,1046,1,15,1101,230,222,204,1735,1625,3,1635,1628,-7,0,0,,,,,,
3969,2015,1,1,4,UA,589,N806UA,ORD,IAH,1045,1043,-2,12,1055,177,179,153,925,1328,14,1342,1342,0,0,0,,,,,,
3970,2015,1,1,4,UA,662,N818UA,SFO,MSP,1045,1043,-2,13,1056,226,226,210,1589,1626,3,1631,1629,-2,0,0,,,,,,
3974,2015,1,1,4,WN,987,N220WN,LAS,ICT,1045,1042,-3,9,1051,145,139,119,986,1450,11,1510,1501,-9,0,0,,,,,,
3983,2015,1,1,4,US,479,N679AW,PHX,SMF,1045,1056,11,27,1123,121,121,91,647,1154,3,1146,1157,11,0,0,,,,,,
3984,2015,1,1,4,US,625,N760US,PHX,BOI,1045,1049,4,13,1102,129,122,106,735,1248,3,1254,1251,-3,0,0,,,,,,
3985,2015,1,1,4,AA,1292,N4XTAA,DFW,TUL,1045,,,,,60,,,237,,,1145,,,0,1,B,,,,,
3986,2015,1,1,4,AA,1471,N4UBAA,DEN,DFW,1045,1035,-10,14,1049,115,119,95,641,1324,10,1340,1334,-6,0,0,,,,,,
3987,2015,1,1,4,AA,1530,N3KWAA,ORD,SJC,1045,1103,18,10,1113,275,254,241,1829,1314,3,1320,1317,-3,0,0,,,,,,
3989,2015,1,1,4,AA,1662,N4WJAA,DFW,ABQ,1045,,,,,110,,,569,,,1135,,,0,1,B,,,,,
3990,2015,1,1,4,AA,1513,N008AA,ATL,DFW,1045,1043,-2,13,1056,150,145,115,731,1151,17,1215,1208,-7,0,0,,,,,,
3993,2015,1,1,4,DL,1075,N372DA,DEN,JFK,1045,1042,-3,13,1055,219,207,175,1626,1550,19,1624,1609,-15,0,0,,,,,,
3994,2015,1,1,4,DL,1286,N901DA,ATL,LGA,1045,1058,13,12,1110,131,118,97,762,1247,9,1256,1256,0,0,0,,,,,,
3995,2015,1,1,4,AA,1460,N3HGAA,PHX,DFW,1045,1044,-1,13,1057,135,126,105,868,1342,8,1400,1350,-10,0,0,,,,,,
3997,2015,1,1,4,DL,2310,N921DL,DFW,ATL,1045,1044,-1,39,1123,121,141,91,731,1354,11,1346,1405,19,0,0,,19,0,0,0,0
4001,2015,1,1,4,MQ,2931,N802MQ,ORD,BMI,1045,1120,35,10,1130,48,38,25,116,1155,3,1133,1158,25,0,0,,0,0,25,0,0
4002,2015,1,1,4,MQ,3242,N641MQ,ORD,OKC,1045,1111,26,11,1122,128,135,115,693,1317,9,1253,1326,33,0,0,,7,0,14,12,0
4005,2015,1,1,4,NK,730,N527NK,LAX,ORD,1045,1037,-8,7,1044,237,220,207,1744,1611,6,1642,1617,-25,0,0,,,,,,
4006,2015,1,1,4,OO,6368,N909SW,DEN,ICT,1045,,,,,81,,,420,,,1306,,,0,1,C,,,,,
4007,2015,1,1,4,OO,6240,N765SK,SFO,OKC,1045,1050,5,36,1126,195,220,177,1384,1623,7,1600,1630,30,0,0,,25,0,5,0,0
4009,2015,1,1,4,OO,6270,N965SW,SFO,RNO,1045,1034,-11,21,1055,59,70,43,192,1138,6,1144,1144,0,0,0,,,,,,
4010,2015,1,1,4,OO,4808,N825SK,PHX,SEA,1045,1041,-4,19,1100,192,184,157,1107,1237,8,1257,1245,-12,0,0,,,,,,
4013,2015,1,1,4,OO,4975,N786SK,SFO,TUS,1046,1043,-3,44,1127,121,146,99,751,1406,3,1347,1409,22,0,0,,22,0,0,0,0
4014,2015,1,1,4,UA,1751,N69818,ORD,MCO,1047,1041,-6,16,1057,162,156,131,1005,1408,9,1429,1417,-12,0,0,,,,,,
4021,2015,1,1,4,DL,2218,N547US,LAX,HNL,1048,1047,-1,13,1100,347,375,350,2556,1450,12,1435,1502,27,0,0,,27,0,0,0,0
4023,2015,1,1,4,OO,5309,N915SW,SFO,ONT,1048,1042,-6,20,1102,78,80,58,363,1200,2,1206,1202,-4,0,0,,,,,,
4024,2015,1,1,4,EV,5792,N13123,ATL,IAH,1048,1036,-12,17,1053,142,153,121,689,1154,15,1210,1209,-1,0,0,,,,,,
4027,2015,1,1,4,DL,1391,N919AT,ATL,HOU,1049,1047,-2,18,1105,147,128,106,696,1151,4,1216,1155,-21,0,0,,,,,,
4028,2015,1,1,4,DL,1640,N906DL,ATL,DTW,1049,1048,-1,16,1104,125,109,89,594,1233,4,1254,1237,-17,0,0,,,,,,
4029,2015,1,1,4,EV,5175,N713EV,ATL,CID,1049,1107,18,19,1126,133,137,107,694,1213,11,1202,1224,22,0,0,,4,0,18,0,0
4031,2015,1,1,4,OO,6249,N771SK,LAS,SFO,1049,1048,-1,17,1105,104,91,63,414,1208,11,1233,1219,-14,0,0,,,,,,
4032,2015,1,1,4,OO,6197,N702BR,SFO,BUR,1050,1045,-5,30,1115,72,82,49,326,1204,3,1202,1207,5,0,0,,,,,,
4033,2015,1,1,4,UA,322,N452UA,SFO,SEA,1050,1046,-4,24,1110,133,126,97,679,1247,5,1303,1252,-11,0,0,,,,,,
4035,2015,1,1,4,VX,112,N855VA,LAX,IAD,1050,1045,-5,9,1054,285,255,240,2288,1754,6,1835,1800,-35,0,0,,,,,,
4036,2015,1,1,4,WN,748,N900WN,ATL,PHX,1050,1050,0,16,1106,270,263,242,1587,1308,5,1320,1313,-7,0,0,,,,,,
4039,2015,1,1,4,WN,4482,N8329B,DEN,PHL,1050,1057,7,9,1106,210,186,171,1558,1557,6,1620,1603,-17,0,0,,,,,,
4043,2015,1,1,4,WN,2366,N8643A,LAS,SEA,1050,1102,12,12,1114,155,146,128,867,1322,6,1325,1328,3,0,0,,,,,,
4044,2015,1,1,4,WN,1094,N223WN,LAX,OAK,1050,1049,-1,6,1055,75,69,57,337,1152,6,1205,1158,-7,0,0,,,,,,
4052,2015,1,1,4,US,415,N678AW,PHX,SJC,1050,1056,6,14,1110,116,110,92,621,1142,4,1146,1146,0,0,0,,,,,,
4053,2015,1,1,4,US,493,N836AW,PHX,OAK,1050,1054,4,13,1107,122,112,94,646,1141,5,1152,1146,-6,0,0,,,,,,
4054,2015,1,1,4,US,531,N819AW,PHX,RNO,1050,1103,13,13,1116,112,104,86,601,1142,5,1142,1147,5,0,0,,,,,,
4055,2015,1,1,4,AA,23,N371AA,SFO,DFW,1050,1123,33,28,1151,210,217,178,1464,1649,11,1620,1700,40,0,0,,7,0,0,33,0
4056,2015,1,1,4,AA,302,N3CMAA,ORD,DEN,1050,1048,-2,14,1102,150,147,125,888,1207,8,1220,1215,-5,0,0,,,,,,
4057,2015,1,1,4,AA,1201,N566AA,ORD,AUS,1050,1048,-2,15,1103,170,176,156,978,1339,5,1340,1344,4,0,0,,,,,,
4058,2015,1,1,4,AA,1261,N581AA,DFW,TUS,1050,,,,,145,,,813,,,1215,,,0,1,B,,,,,
4059,2015,1,1,4,AA,1633,N586AA,DFW,MSP,1050,,,,,140,,,852,,,1310,,,0,1,B,,,,,
4060,2015,1,1,4,AA,1693,N3HHAA,ORD,MCO,1050,1044,-6,13,1057,150,145,127,1005,1404,5,1420,1409,-11,0,0,,,,,,
4061,2015,1,1,4,AA,2252,N3BPAA,DFW,SEA,1050,1049,-1,10,1059,260,233,215,1660,1234,8,1310,1242,-28,0,0,,,,,,
4063,2015,1,1,4,AS,619,N619AS,LAS,SEA,1050,1040,-10,16,1056,160,149,128,867,1304,5,1330,1309,-21,0,0,,,,,,
4064,2015,1,1,4,DL,837,N804NW,ATL,HNL,1050,1058,8,23,1121,615,605,573,4502,1554,9,1605,1603,-2,0,0,,,,,,
4065,2015,1,1,4,DL,1230,N125DL,ATL,MSP,1050,1049,-1,24,1113,165,161,133,907,1226,4,1235,1230,-5,0,0,,,,,,
4066,2015,1,1,4,DL,1240,N946DN,ATL,TUS,1050,1127,37,10,1137,258,233,219,1541,1316,4,1308,1320,12,0,0,,,,,,
4067,2015,1,1,4,DL,2136,N937DL,ATL,ELP,1050,1045,-5,18,1103,222,207,185,1282,1208,4,1232,1212,-20,0,0,,,,,,
4068,2015,1,1,4,DL,2281,N318US,ATL,MKE,1050,1049,-1,28,1117,125,130,96,669,1153,6,1155,1159,4,0,0,,,,,,
4069,2015,1,1,4,DL,2451,N957AT,ATL,MEM,1050,1048,-2,13,1101,90,78,62,332,1103,3,1120,1106,-14,0,0,,,,,,
4072,2015,1,1,4,DL,1772,N542US,ATL,PHX,1050,1050,0,28,1118,263,266,235,1587,1313,3,1313,1316,3,0,0,,,,,,
4073,2015,1,1,4,DL,1849,N127DL,ATL,SLC,1050,1049,-1,20,1109,262,245,220,1590,1249,5,1312,1254,-18,0,0,,,,,,
4075,2015,1,1,4,EV,5082,N153PQ,ATL,BMI,1050,1205,75,16,1221,105,99,80,533,1241,3,1135,1244,69,0,0,,0,0,69,0,0
4077,2015,1,1,4,EV,5691,N827AS,ORD,CLE,1050,1044,-6,10,1054,78,70,54,315,1248,6,1308,1254,-14,0,0,,,,,,
4079,2015,1,1,4,F9,358,N921FR,DEN,MKE,1050,1043,-7,30,1113,132,147,111,896,1404,6,1402,1410,8,0,0,,,,,,
4080,2015,1,1,4,MQ,2838,N626MQ,ORD,COU,1050,1058,8,15,1113,73,73,55,315,1208,3,1203,1211,8,0,0,,,,,,
4081,2015,1,1,4,MQ,3180,N694MQ,ORD,BIS,1050,1043,-7,18,1101,133,142,122,716,1303,2,1303,1305,2,0,0,,,,,,
4083,2015,1,1,4,MQ,3449,N827MQ,DFW,DRO,1050,,,,,123,,,674,,,1153,,,0,1,B,,,,,
4085,2015,1,1,4,OO,5365,N562SW,LAX,SBP,1050,1300,130,17,1317,59,56,36,156,1353,3,1149,1356,127,0,0,,0,0,127,0,0
4086,2015,1,1,4,OO,2619,N492SW,LAX,SMF,1050,1040,-10,9,1049,85,82,62,373,1151,11,1215,1202,-13,0,0,,,,,,
4088,2015,1,1,4,OO,6471,N980SW,SFO,ABQ,1050,1102,12,32,1134,141,159,122,896,1436,5,1411,1441,30,0,0,,18,0,0,12,0
4089,2015,1,1,4,OO,6497,N916SW,DEN,LIT,1050,,,,,125,,,771,,,1355,,,0,1,C,,,,,
4095,2015,1,1,4,DL,1555,N818DA,ATL,LAX,1052,1052,0,28,1120,308,311,274,1947,1254,9,1300,1303,3,0,0,,,,,,
4096,2015,1,1,4,EV,5163,N709EV,ATL,TUL,1052,1052,0,15,1107,130,130,111,674,1158,4,1202,1202,0,0,0,,,,,,
4100,2015,1,1,4,EV,4730,N14916,ORD,DAY,1053,1044,-9,12,1056,68,54,37,240,1233,5,1301,1238,-23,0,0,,,,,,
4103,2015,1,1,4,UA,1278,N27239,SFO,ATL,1054,1114,20,25,1139,281,283,253,2139,1852,5,1835,1857,22,0,0,,22,0,0,0,0
4104,2015,1,1,4,UA,1451,N18223,SFO,ORD,1054,1106,12,19,1125,259,263,231,1846,1716,13,1713,1729,16,0,0,,12,0,0,4,0
4107,2015,1,1,4,UA,324,N516UA,LAX,IAD,1055,1107,12,12,1119,287,256,241,2288,1820,3,1842,1823,-19,0,0,,,,,,
4109,2015,1,1,4,US,2023,N587UW,ORD,PHX,1055,1057,2,12,1109,225,225,209,1440,1338,4,1340,1342,2,0,0,,,,,,
4110,2015,1,1,4,UA,760,N588UA,SFO,JFK,1055,1104,9,18,1122,330,345,317,2586,1939,10,1925,1949,24,0,0,,24,0,0,0,0
4115,2015,1,1,4,WN,383,N624SW,LAS,SJC,1055,1054,-1,10,1104,85,71,57,386,1201,4,1220,1205,-15,0,0,,,,,,
4116,2015,1,1,4,WN,1009,N655WN,LAX,SFO,1055,1104,9,8,1112,75,70,56,337,1208,6,1210,1214,4,0,0,,,,,,
4119,2015,1,1,4,WN,1133,N627SW,PHX,LAS,1055,1131,36,19,1150,65,70,45,255,1135,6,1100,1141,41,0,0,,5,0,13,23,0
4127,2015,1,1,4,UA,1169,N87531,LAX,IAH,1055,1106,11,10,1116,191,180,163,1379,1559,7,1606,1606,0,0,0,,,,,,
4128,2015,1,1,4,UA,1461,N75426,SFO,IAH,1055,1112,17,19,1131,230,225,198,1635,1649,8,1645,1657,12,0,0,,,,,,
4130,2015,1,1,4,AA,123,N368AA,DFW,HNL,1055,1339,164,19,1358,510,520,490,3784,1808,11,1525,1819,174,0,0,,10,0,164,0,0
4134,2015,1,1,4,AA,1524,N4YBAA,LAS,DFW,1055,1053,-2,18,1111,160,171,133,1055,1524,20,1535,1544,9,0,0,,,,,,
4136,2015,1,1,4,AA,2278,N5FHAA,DFW,MIA,1055,1117,22,15,1132,160,157,132,1121,1444,10,1435,1454,19,0,0,,0,0,0,19,0
4143,2015,1,1,4,DL,812,N937AT,ATL,ORD,1055,1054,-1,17,1111,130,117,94,606,1145,6,1205,1151,-14,0,0,,,,,,
4144,2015,1,1,4,DL,1239,N993DL,ATL,DFW,1055,1051,-4,21,1112,154,144,114,731,1206,9,1229,1215,-14,0,0,,,,,,
4145,2015,1,1,4,AA,1448,N3HKAA,DFW,BOS,1055,,,,,205,,,1562,,,1520,,,0,1,B,,,,,
4148,2015,1,1,4,DL,1790,N997DL,ATL,SAT,1055,1050,-5,25,1115,171,163,133,874,1228,5,1246,1233,-13,0,0,,,,,,
4152,2015,1,1,4,EV,4599,N16170,IAH,HOB,1055,,,,,102,,,501,,,1137,,,0,1,C,,,,,
4153,2015,1,1,4,EV,5489,N922EV,ATL,GNV,1055,1049,-6,13,1102,74,61,45,300,1147,3,1209,1150,-19,0,0,,,,,,
4154,2015,1,1,4,EV,6073,N12172,DEN,BNA,1055,1104,9,8,1112,150,127,113,1014,1405,6,1425,1411,-14,0,0,,,,,,
4156,2015,1,1,4,MQ,2790,N690MQ,DFW,HSV,1055,,,,,98,,,603,,,1233,,,0,1,B,,,,,
4157,2015,1,1,4,MQ,2996,N928MQ,DFW,VPS,1055,,,,,108,,,641,,,1243,,,0,1,B,,,,,
4159,2015,1,1,4,MQ,3263,N900MQ,DFW,ACT,1055,,,,,33,,,89,,,1128,,,0,1,B,,,,,
4160,2015,1,1,4,MQ,3373,N856MQ,DFW,LEX,1055,,,,,123,,,785,,,1358,,,0,1,B,,,,,
4166,2015,1,1,4,OO,4966,N793SK,SFO,SUN,1055,1109,14,44,1153,113,141,94,587,1427,3,1348,1430,42,0,0,,28,0,14,0,0
4169,2015,1,1,4,OO,4452,N613QX,LAX,OAK,1055,1120,25,22,1142,88,82,55,337,1237,5,1223,1242,19,0,0,,0,0,19,0,0
4171,2015,1,1,4,OO,5436,N908SW,ORD,SPI,1055,1119,24,16,1135,60,52,32,174,1207,4,1155,1211,16,0,0,,0,0,16,0,0
4172,2015,1,1,4,OO,6502,N121SY,SFO,SAT,1055,1109,14,33,1142,214,215,179,1482,1641,3,1629,1644,15,0,0,,1,0,14,0,0
4174,2015,1,1,4,UA,500,N844UA,SFO,PDX,1056,1054,-2,19,1113,112,108,85,550,1238,4,1248,1242,-6,0,0,,,,,,
4175,2015,1,1,4,UA,948,N466UA,DEN,IAD,1056,1138,42,10,1148,193,160,147,1452,1615,3,1609,1618,9,0,0,,,,,,
4176,2015,1,1,4,EV,5067,N857AS,ATL,JAN,1056,1056,0,20,1116,87,82,59,341,1115,3,1123,1118,-5,0,0,,,,,,
4177,2015,1,1,4,EV,5503,N919EV,ATL,AGS,1056,1052,-4,12,1104,48,44,29,143,1133,3,1144,1136,-8,0,0,,,,,,
4184,2015,1,1,4,UA,753,N814UA,SFO,AUS,1059,1059,0,33,1132,213,225,188,1504,1640,4,1632,1644,12,0,0,,,,,,
4188,2015,1,1,4,UA,387,N854UA,ORD,LGA,1100,1056,-4,11,1107,128,103,88,733,1335,4,1408,1339,-29,0,0,,,,,,
4189,2015,1,1,4,US,720,N519UW,PHX,CLT,1100,1226,86,27,1253,234,225,185,1773,1758,13,1654,1811,77,0,0,,0,0,10,67,0
4193,2015,1,1,4,UA,471,N456UA,SFO,SAN,1100,1054,-6,23,1117,91,93,67,447,1224,3,1231,1227,-4,0,0,,,,,,
4201,2015,1,1,4,WN,763,N7715E,DEN,SAT,1100,1058,-2,12,1110,125,130,114,794,1404,4,1405,1408,3,0,0,,,,,,
4205,2015,1,1,4,WN,4141,N924WN,MSP,MDW,1100,1103,3,9,1112,95,69,56,349,1208,4,1235,1212,-23,0,0,,,,,,
4217,2015,1,1,4,UA,1248,N74856,LAX,ORD,1100,1056,-4,12,1108,245,232,202,1744,1630,18,1705,1648,-17,0,0,,,,,,
4218,2015,1,1,4,UA,1485,N37420,LAS,CLE,1100,1058,-2,16,1114,237,208,188,1824,1722,4,1757,1726,-31,0,0,,,,,,
4220,2015,1,1,4,US,403,N660AW,SFO,PHL,1100,1057,-3,24,1121,318,321,293,2521,1914,4,1918,1918,0,0,0,,,,,,
4222,2015,1,1,4,AA,204,N5DXAA,LAS,MIA,1100,1054,-6,15,1109,278,287,239,2174,1808,33,1838,1841,3,0,0,,,,,,
4223,2015,1,1,4,AA,1120,N3ADAA,DFW,LGA,1100,1058,-2,10,1108,190,171,155,1389,1443,6,1510,1449,-21,0,0,,,,,,
4229,2015,1,1,4,AA,2319,N520AA,ORD,DFW,1100,1105,5,14,1119,155,165,137,802,1336,14,1335,1350,15,0,0,,15,0,0,0,0
4230,2015,1,1,4,AA,2456,N4XHAA,DFW,SAT,1100,,,,,65,,,247,,,1205,,,0,1,B,,,,,
4234,2015,1,1,4,AA,2464,N571AA,DFW,BNA,1100,,,,,100,,,631,,,1240,,,0,1,B,,,,,
4235,2015,1,1,4,B6,224,N937JB,LAX,JFK,1100,1054,-6,12,1106,318,323,302,2475,1908,9,1918,1917,-1,0,0,,,,,,
4239,2015,1,1,4,DL,1353,N927DA,ATL,PNS,1100,1056,-4,19,1115,83,68,45,271,1100,4,1123,1104,-19,0,0,,,,,,
4243,2015,1,1,4,DL,2127,N617DL,ATL,FLL,1100,1057,-3,16,1113,115,103,81,581,1234,6,1255,1240,-15,0,0,,,,,,
4244,2015,1,1,4,DL,2389,N802DN,SFO,DTW,1100,1503,243,17,1520,279,277,250,2079,2230,10,1839,2240,241,0,0,,0,0,241,0,0
4247,2015,1,1,4,DL,150,N692DL,ATL,DCA,1100,1058,-2,10,1108,104,88,73,547,1221,5,1244,1226,-18,0,0,,,,,,
4248,2015,1,1,4,B6,2079,N562JB,LAS,LGB,1100,1058,-2,14,1112,64,57,39,231,1151,4,1204,1155,-9,0,0,,,,,,
4249,2015,1,1,4,DL,1562,N377DA,ATL,BZN,1100,1100,0,22,1122,265,260,234,1640,1316,4,1325,1320,-5,0,0,,,,,,
4252,2015,1,1,4,DL,1844,N930DL,DFW,DTW,1100,1100,0,31,1131,155,158,119,986,1430,8,1435,1438,3,0,0,,,,,,
4255,2015,1,1,4,EV,2557,N879AS,DFW,BRO,1100,,,,,90,,,482,,,1230,,,0,1,A,,,,,
4257,2015,1,1,4,EV,4872,N850AS,ATL,AVL,1100,1103,3,26,1129,53,59,30,164,1159,3,1153,1202,9,0,0,,,,,,
4258,2015,1,1,4,EV,5169,N166PQ,IAH,DTW,1100,1050,-10,12,1102,164,154,135,1075,1417,7,1444,1424,-20,0,0,,,,,,
4260,2015,1,1,4,MQ,2837,N523MQ,DFW,CRP,1100,1055,-5,18,1113,73,88,65,354,1218,5,1213,1223,10,0,0,,,,,,
4261,2015,1,1,4,MQ,2783,N670MQ,ORD,SDF,1100,1112,12,15,1127,73,66,44,287,1311,7,1313,1318,5,0,0,,,,,,
4262,2015,1,1,4,MQ,2925,N643MQ,ORD,MHK,1100,1100,0,11,1111,98,89,76,501,1227,2,1238,1229,-9,0,0,,,,,,
4264,2015,1,1,4,MQ,3285,N651MQ,DFW,GRK,1100,1121,21,36,1157,48,81,39,134,1236,6,1148,1242,54,0,0,,33,0,21,0,0
4266,2015,1,1,4,MQ,3448,N656MQ,ORD,CHA,1100,1059,-1,15,1114,93,95,74,501,1328,6,1333,1334,1,0,0,,,,,,
4272,2015,1,1,4,OO,6604,N821AS,PHX,YUM,1100,1056,-4,17,1113,59,61,39,160,1152,5,1159,1157,-2,0,0,,,,,,
4275,2015,1,1,4,DL,1402,N810DN,ATL,LAS,1102,1101,-1,25,1126,283,280,250,1747,1236,5,1245,1241,-4,0,0,,,,,,
4276,2015,1,1,4,DL,2445,N541US,ATL,PBI,1102,1107,5,20,1127,113,100,76,545,1243,4,1255,1247,-8,0,0,,,,,,
4279,2015,1,1,4,UA,247,N453UA,IAH,MIA,1103,1111,8,16,1127,141,132,110,964,1417,6,1424,1423,-1,0,0,,,,,,
4282,2015,1,1,4,UA,731,N476UA,LAX,SFO,1104,1119,15,25,1144,95,87,58,337,1242,4,1239,1246,7,0,0,,,,,,
4285,2015,1,1,4,EV,6183,N16183,DEN,LBB,1104,1326,142,13,1339,87,90,72,456,1551,5,1331,1556,145,0,0,,3,0,3,12,127
4287,2015,1,1,4,OO,5219,N746SK,IAH,JAC,1104,1103,-1,26,1129,192,192,161,1265,1310,5,1316,1315,-1,0,0,,,,,,
4289,2015,1,1,4,UA,769,N801UA,SFO,LAX,1105,1101,-4,23,1124,93,98,52,337,1216,23,1238,1239,1,0,0,,,,,,
4294,2015,1,1,4,WN,896,N8627B,LAS,BWI,1105,1103,-2,10,1113,265,250,233,2106,1806,7,1830,1813,-17,0,0,,,,,,
4302,2015,1,1,4,UA,1108,N37281,DEN,BIL,1105,1211,66,12,1223,93,78,61,455,1324,5,1238,1329,51,0,0,,0,0,51,0,0
4303,2015,1,1,4,UA,1128,N68821,DEN,PDX,1105,1121,16,14,1135,171,152,133,991,1248,5,1256,1253,-3,0,0,,,,,,
4305,2015,1,1,4,AA,324,N4YMAA,DFW,MCO,1105,,,,,145,,,985,,,1430,,,0,1,B,,,,,
4306,2015,1,1,4,AA,271,N5DHAA,LAX,OGG,1105,1101,-4,13,1114,352,364,326,2486,1440,25,1457,1505,8,0,0,,,,,,
4307,2015,1,1,4,AA,1041,N3DEAA,DFW,CLT,1105,,,,,135,,,936,,,1420,,,0,1,B,,,,,
4317,2015,1,1,4,DL,1052,N928DL,ATL,JAX,1105,1102,-3,14,1116,70,65,41,270,1157,10,1215,1207,-8,0,0,,,,,,
4318,2015,1,1,4,DL,1210,N591NW,ATL,SEA,1105,1102,-3,29,1131,339,331,293,2182,1324,9,1344,1333,-11,0,0,,,,,,
4322,2015,1,1,4,EV,4518,N48901,ORD,CLT,1105,1115,10,11,1126,115,99,78,599,1344,10,1400,1354,-6,0,0,,,,,,
4323,2015,1,1,4,EV,6071,N18101,DEN,SLC,1105,1124,19,13,1137,95,74,55,391,1232,6,1240,1238,-2,0,0,,,,,,
4324,2015,1,1,4,F9,1069,N227FR,ATL,ORD,1105,1212,67,16,1228,120,124,98,606,1306,10,1205,1316,71,0,0,,4,0,6,61,0
4326,2015,1,1,4,MQ,2862,N684MQ,ORD,TOL,1105,1100,-5,17,1117,63,51,31,213,1248,3,1308,1251,-17,0,0,,,,,,
4328,2015,1,1,4,MQ,2904,N611MQ,DFW,CVG,1105,,,,,123,,,812,,,1408,,,0,1,B,,,,,
4329,2015,1,1,4,MQ,3011,N685MQ,DFW,JAN,1105,1115,10,36,1151,73,96,56,408,1247,4,1218,1251,33,0,0,,23,0,10,0,0
4331,2015,1,1,4,MQ,3318,N676MQ,DFW,LFT,1105,,,,,73,,,351,,,1218,,,0,1,B,,,,,
4332,2015,1,1,4,NK,219,N504NK,ORD,ATL,1105,1103,-2,10,1113,110,103,87,606,1340,6,1355,1346,-9,0,0,,,,,,
4333,2015,1,1,4,OO,5293,N594SW,DEN,SGU,1105,1126,21,34,1200,104,103,66,517,1306,3,1249,1309,20,0,0,,0,0,0,20,0
4336,2015,1,1,4,OO,5390,N576SW,DEN,GCC,1105,,,,,99,,,313,,,1244,,,0,1,C,,,,,
4338,2015,1,1,4,OO,5554,N472CA,DEN,SJC,1105,,,,,163,,,948,,,1248,,,0,1,C,,,,,
4339,2015,1,1,4,OO,5595,N784SK,DEN,COS,1105,1139,34,13,1152,41,42,21,73,1213,8,1146,1221,35,0,0,,1,0,25,9,0
4340,2015,1,1,4,OO,6620,N875AS,PHX,BFL,1105,1058,-7,21,1119,93,91,66,425,1125,4,1138,1129,-9,0,0,,,,,,
4341,2015,1,1,4,OO,6499,N903SW,DEN,CPR,1105,1117,12,12,1129,64,50,34,230,1203,4,1209,1207,-2,0,0,,,,,,
4342,2015,1,1,4,DL,1462,N962DN,ATL,MSY,1106,1101,-5,28,1129,102,105,71,425,1140,6,1148,1146,-2,0,0,,,,,,
4347,2015,1,1,4,DL,2173,N957DL,ATL,MIA,1107,1107,0,11,1118,121,105,83,594,1241,11,1308,1252,-16,0,0,,,,,,
4351,2015,1,1,4,OO,5166,N978SW,DEN,FAT,1107,1115,8,16,1131,147,119,98,844,1209,5,1234,1214,-20,0,0,,,,,,
4352,2015,1,1,4,UA,282,N821UA,DEN,EWR,1108,1114,6,12,1126,219,195,175,1605,1621,8,1647,1629,-18,0,0,,,,,,
4359,2015,1,1,4,NK,847,N601NK,ORD,DEN,1109,1136,27,12,1148,162,157,131,888,1259,14,1251,1313,22,0,0,,22,0,0,0,0
4360,2015,1,1,4,OO,5163,N767SK,DEN,SUN,1109,1231,82,29,1300,108,108,75,557,1415,4,1257,1419,82,0,0,,0,0,75,7,0
4362,2015,1,1,4,VX,330,N634VA,SFO,LAX,1110,1102,-8,17,1119,80,77,55,337,1214,5,1230,1219,-11,0,0,,,,,,
4364,2015,1,1,4,WN,2018,N7704B,LAS,BUR,1110,1127,17,8,1135,65,50,40,223,1215,2,1215,1217,2,0,0,,,,,,
4365,2015,1,1,4,WN,330,N798SW,LAS,SMF,1110,1106,-4,13,1119,90,82,64,397,1223,5,1240,1228,-12,0,0,,,,,,
4366,2015,1,1,4,WN,2796,N498WN,LAX,MDW,1110,1110,0,10,1120,230,225,210,1750,1650,5,1700,1655,-5,0,0,,,,,,
4367,2015,1,1,4,WN,863,N928WN,LAX,SAT,1110,1117,7,8,1125,165,157,146,1211,1551,3,1555,1554,-1,0,0,,,,,,
4369,2015,1,1,4,WN,340,N460WN,MSP,DEN,1110,1109,-1,15,1124,135,124,101,680,1205,8,1225,1213,-12,0,0,,,,,,
4370,2015,1,1,4,WN,1754,N933WN,ATL,DCA,1110,1107,-3,19,1126,105,103,80,547,1246,4,1255,1250,-5,0,0,,,,,,
4371,2015,1,1,4,WN,4304,N415WN,PHX,EWR,1110,1112,2,18,1130,285,276,224,2133,1714,34,1755,1748,-7,0,0,,,,,,
4375,2015,1,1,4,WN,2481,N8305E,PHX,BNA,1110,1113,3,15,1128,195,177,156,1449,1504,6,1525,1510,-15,0,0,,,,,,
4376,2015,1,1,4,UA,1531,N57864,SFO,BOS,1110,1606,296,18,1624,338,306,282,2704,6,6,1948,12,264,0,0,,0,0,0,264,0
4377,2015,1,1,4,US,457,N585UW,PHX,SLC,1110,1123,13,20,1143,99,100,74,507,1257,6,1249,1303,14,0,0,,,,,,
4378,2015,1,1,4,US,561,N539UW,PHX,LAS,1110,1105,-5,15,1120,73,66,44,255,1104,7,1123,1111,-12,0,0,,,,,,
4379,2015,1,1,4,US,565,N838AW,DFW,PHL,1110,1112,2,21,1133,182,178,150,1303,1503,7,1512,1510,-2,0,0,,,,,,
4380,2015,1,1,4,AA,35,N3ALAA,DFW,HDN,1110,1109,-1,11,1120,145,178,111,769,1211,56,1235,1307,32,0,0,,32,0,0,0,0
4381,2015,1,1,4,AA,1054,N3LKAA,ORD,SEA,1110,1112,2,17,1129,275,269,247,1721,1336,5,1345,1341,-4,0,0,,,,,,
4388,2015,1,1,4,DL,1412,N893AT,ATL,BNA,1110,1107,-3,18,1125,72,62,39,214,1104,5,1122,1109,-13,0,0,,,,,,
4389,2015,1,1,4,DL,1495,N982DL,ATL,BWI,1110,1107,-3,12,1119,110,95,76,577,1235,7,1300,1242,-18,0,0,,,,,,
4390,2015,1,1,4,EV,2523,N908EV,DFW,SHV,1110,1212,62,13,1225,50,49,31,190,1256,5,1200,1301,61,0,0,,0,0,61,0,0
4397,2015,1,1,4,OO,5480,N982SW,DEN,BFL,1110,1112,2,16,1128,152,130,109,845,1217,5,1242,1222,-20,0,0,,,,,,
4400,2015,1,1,4,OO,5417,N947SW,DEN,HYS,1110,1100,-10,10,1110,77,64,47,298,1257,7,1327,1304,-23,0,0,,,,,,
4401,2015,1,1,4,OO,6473,N909SW,DEN,EUG,1110,1219,69,12,1231,180,142,126,996,1337,4,1310,1341,31,0,0,,0,0,31,0,0
4403,2015,1,1,4,OO,6532,N932SW,DEN,BUR,1110,1113,3,17,1130,154,135,113,850,1223,5,1244,1228,-16,0,0,,,,,,
4404,2015,1,1,4,OO,6561,N907SW,PHX,SBA,1110,1109,-1,22,1131,99,101,75,455,1146,4,1149,1150,1,0,0,,,,,,
4412,2015,1,1,4,DL,1734,N919DE,MSP,DTW,1112,1106,-6,15,1121,104,88,65,528,1326,8,1356,1334,-22,0,0,,,,,,
4418,2015,1,1,4,UA,320,N478UA,PHX,IAH,1114,1117,3,21,1138,154,151,123,1009,1441,7,1448,1448,0,0,0,,,,,,
4420,2015,1,1,4,UA,1074,N13718,DEN,SNA,1114,1215,61,15,1230,150,125,105,846,1315,5,1244,1320,36,0,0,,0,0,36,0,0
4423,2015,1,1,4,OO,7426,N453SW,MSP,INL,1114,1109,-5,15,1124,76,72,52,255,1216,5,1230,1221,-9,0,0,,,,,,
4424,2015,1,1,4,US,647,N664AW,PHX,ONT,1115,1119,4,27,1146,79,86,53,325,1139,6,1134,1145,11,0,0,,,,,,
4425,2015,1,1,4,US,674,N820AW,PHX,GEG,1115,1110,-5,17,1127,168,157,137,1020,1244,3,1303,1247,-16,0,0,,,,,,
4426,2015,1,1,4,US,796,N542UW,LAX,PHL,1115,1117,2,23,1140,304,288,260,2402,1900,5,1919,1905,-14,0,0,,,,,,
4429,2015,1,1,4,US,1954,N156UW,SFO,CLT,1115,1109,-6,31,1140,293,313,267,2296,1907,15,1908,1922,14,0,0,,,,,,
4432,2015,1,1,4,VX,1205,N642VA,ORD,SFO,1115,1113,-2,13,1126,280,275,254,1846,1340,8,1355,1348,-7,0,0,,,,,,
4433,2015,1,1,4,VX,905,N529VA,LAS,SFO,1115,1111,-4,16,1127,95,84,62,414,1229,6,1250,1235,-15,0,0,,,,,,
4436,2015,1,1,4,WN,837,N948WN,LAS,PHX,1115,1112,-3,12,1124,65,58,43,255,1307,3,1320,1310,-10,0,0,,,,,,
4437,2015,1,1,4,WN,460,N7746C,LAS,SAN,1115,1116,1,12,1128,65,58,43,258,1211,3,1220,1214,-6,0,0,,,,,,
4438,2015,1,1,4,WN,3177,N697SW,LAX,DEN,1115,1114,-1,10,1124,140,138,122,862,1426,6,1435,1432,-3,0,0,,,,,,
4439,2015,1,1,4,WN,48,N557WN,LAX,ELP,1115,1132,17,6,1138,105,100,90,715,1408,4,1400,1412,12,0,0,,,,,,
4442,2015,1,1,4,WN,621,N762SW,ATL,BWI,1115,1116,1,15,1131,110,94,76,577,1247,3,1305,1250,-15,0,0,,,,,,
4443,2015,1,1,4,WN,4855,N941WN,SFO,MKE,1115,1108,-7,21,1129,240,265,238,1845,1727,6,1715,1733,18,0,0,,18,0,0,0,0
4445,2015,1,1,4,UA,1043,N76503,DEN,ORD,1115,1142,27,13,1155,148,136,109,888,1444,14,1443,1458,15,0,0,,0,0,15,0,0
4446,2015,1,1,4,UA,1142,N69816,DEN,LAS,1115,1145,30,10,1155,118,95,79,628,1214,6,1213,1220,7,0,0,,,,,,
4447,2015,1,1,4,UA,1150,N64809,DEN,GEG,1115,1228,73,12,1240,147,130,115,836,1335,3,1242,1338,56,0,0,,0,0,56,0,0
4449,2015,1,1,4,US,481,N165US,DEN,PHL,1115,1118,3,12,1130,210,188,171,1558,1621,5,1645,1626,-19,0,0,,,,,,
4450,2015,1,1,4,US,495,N652AW,PHX,LAX,1115,1113,-2,26,1139,94,120,59,370,1138,35,1149,1213,24,0,0,,24,0,0,0,0
4451,2015,1,1,4,US,582,N823AW,PHX,MKE,1115,1107,-8,22,1129,198,188,162,1460,1511,4,1533,1515,-18,0,0,,,,,,
4452,2015,1,1,4,AA,12,N792AA,LAX,JFK,1115,1114,-1,19,1133,335,321,287,2475,1920,15,1950,1935,-15,0,0,,,,,,
4454,2015,1,1,4,AA,1030,N595AA,DFW,JAX,1115,1110,-5,14,1124,130,128,108,918,1412,6,1425,1418,-7,0,0,,,,,,
4466,2015,1,1,4,DL,665,N824DN,MSP,MCO,1115,1124,9,4,1128,192,164,152,1310,1500,8,1527,1508,-19,0,0,,,,,,
4467,2015,1,1,4,DL,959,N928DN,MSP,MCI,1115,1114,-1,9,1123,90,74,60,393,1223,5,1245,1228,-17,0,0,,,,,,
4468,2015,1,1,4,DL,1200,N939DN,ATL,BOS,1115,1115,0,17,1132,152,144,121,946,1333,6,1347,1339,-8,0,0,,,,,,
4469,2015,1,1,4,DL,2343,N335NB,MSP,STL,1115,1111,-4,6,1117,90,69,61,448,1218,2,1245,1220,-25,0,0,,,,,,
4472,2015,1,1,4,DL,1496,N912DN,MSP,LGA,1115,1112,-3,11,1123,158,135,119,1020,1422,5,1453,1427,-26,0,0,,,,,,
4473,2015,1,1,4,DL,1602,N680DA,LAS,ATL,1115,1116,1,15,1131,223,211,191,1747,1742,5,1758,1747,-11,0,0,,,,,,
4475,2015,1,1,4,DL,1806,N594NW,LAX,DTW,1115,1113,-2,15,1128,266,248,226,1979,1814,7,1841,1821,-20,0,0,,,,,,
4478,2015,1,1,4,HA,33,N385HA,LAX,OGG,1115,1117,2,11,1128,345,362,329,2486,1457,22,1500,1519,19,0,0,,0,0,19,0,0
4479,2015,1,1,4,MQ,3043,N644MQ,ORD,FNT,1115,1109,-6,11,1120,63,51,37,223,1257,3,1318,1300,-18,0,0,,,,,,
4480,2015,1,1,4,MQ,3012,N527MQ,ORD,MSP,1115,1133,18,9,1142,83,75,60,334,1242,6,1238,1248,10,0,0,,,,,,
4482,2015,1,1,4,NK,695,N531NK,LAS,OAK,1115,1137,22,12,1149,91,79,62,407,1251,5,1246,1256,10,0,0,,,,,,
4484,2015,1,1,4,UA,591,N494UA,LAS,IAH,1116,1124,8,13,1137,180,167,148,1222,1605,6,1616,1611,-5,0,0,,,,,,
4486,2015,1,1,4,DL,1561,N965DL,ATL,PHL,1116,1110,-6,19,1129,123,118,95,666,1304,4,1319,1308,-11,0,0,,,,,,
4492,2015,1,1,4,UA,1073,N35407,DEN,SMF,1117,1201,44,14,1215,157,128,109,909,1304,5,1254,1309,15,0,0,,0,0,9,6,0
4493,2015,1,1,4,UA,1424,N38458,DEN,SAN,1117,1215,58,12,1227,144,124,109,853,1316,3,1241,1319,38,0,0,,0,0,28,10,0
4500,2015,1,1,4,UA,1220,N63820,DEN,SEA,1119,1255,96,12,1307,181,151,131,1024,1418,8,1320,1426,66,0,0,,0,0,47,19,0
4507,2015,1,1,4,OO,6489,N750SK,IAH,OMA,1119,1122,3,15,1137,130,119,100,781,1317,4,1329,1321,-8,0,0,,,,,,
4517,2015,1,1,4,UA,421,N479UA,DEN,EGE,1120,1132,12,18,1150,53,52,30,120,1220,4,1213,1224,11,0,0,,,,,,
4518,2015,1,1,4,UA,523,N492UA,DEN,PHX,1120,1228,68,11,1239,114,104,89,602,1408,4,1314,1412,58,0,0,,0,0,23,35,0
4520,2015,1,1,4,WN,658,N8621A,DEN,PHX,1120,1141,21,10,1151,115,103,89,602,1320,4,1315,1324,9,0,0,,,,,,
4523,2015,1,1,4,WN,255,N357SW,ATL,DTW,1120,1118,-2,13,1131,120,112,91,594,1302,8,1320,1310,-10,0,0,,,,,,
4524,2015,1,1,4,WN,469,N8606C,PHX,PHL,1120,1121,1,19,1140,270,255,231,2075,1731,5,1750,1736,-14,0,0,,,,,,
4531,2015,1,1,4,UA,1126,N73251,DEN,ANC,1120,1216,56,13,1229,357,331,314,2405,1543,4,1517,1547,30,0,0,,0,0,30,0,0
4532,2015,1,1,4,UA,1491,N76254,DEN,IAD,1120,1227,67,10,1237,194,168,154,1452,1711,4,1634,1715,41,0,0,,0,0,41,0,0
4533,2015,1,1,4,US,407,N177US,MSP,PHX,1120,1117,-3,33,1150,211,221,184,1276,1354,4,1351,1358,7,0,0,,,,,,
4534,2015,1,1,4,US,433,N601AW,PHX,SFO,1120,1148,28,36,1224,131,136,94,651,1258,6,1231,1304,33,0,0,,5,0,28,0,0
4537,2015,1,1,4,US,621,N185UW,PHX,SNA,1120,1127,7,32,1159,85,93,57,338,1156,4,1145,1200,15,0,0,,8,0,7,0,0
4538,2015,1,1,4,US,623,N575UW,PHX,SAN,1120,1118,-2,17,1135,79,78,55,304,1130,6,1139,1136,-3,0,0,,,,,,
4547,2015,1,1,4,DL,2193,N556NW,MSP,SEA,1120,1150,30,16,1206,228,209,188,1399,1314,5,1308,1319,11,0,0,,,,,,
4552,2015,1,1,4,EV,5183,N853AS,ATL,MGM,1120,1122,2,12,1134,52,44,29,147,1103,3,1112,1106,-6,0,0,,,,,,
4555,2015,1,1,4,MQ,2999,N633MQ,ORD,CVG,1120,1127,7,14,1141,73,58,40,265,1321,4,1333,1325,-8,0,0,,,,,,
4561,2015,1,1,4,NK,470,N534NK,LAS,DFW,1120,1116,-4,9,1125,157,178,156,1055,1601,13,1557,1614,17,0,0,,17,0,0,0,0
4562,2015,1,1,4,NK,319,N613NK,MSP,RSW,1120,1129,9,31,1200,200,204,170,1416,1550,3,1540,1553,13,0,0,,,,,,
4565,2015,1,1,4,OO,7371,N439SW,MSP,BJI,1120,1115,-5,11,1126,74,58,41,199,1207,6,1234,1213,-21,0,0,,,,,,
4571,2015,1,1,4,EV,3273,N11119,DEN,SAF,1122,,,,,68,,,303,,,1230,,,0,1,C,,,,,
4574,2015,1,1,4,EV,6171,N17159,DEN,GUC,1122,1120,-2,14,1134,56,,,152,1630,5,1218,1635,,1,0,,,,,,
4575,2015,1,1,4,OO,6534,N960SW,DEN,IDA,1122,1202,40,15,1217,106,81,63,458,1320,3,1308,1323,15,0,0,,0,0,15,0,0
4578,2015,1,1,4,UA,296,N424UA,DEN,RNO,1124,1234,70,10,1244,140,112,97,804,1321,5,1244,1326,42,0,0,,0,0,42,0,0
4579,2015,1,1,4,UA,649,N834UA,DEN,JAC,1124,1138,14,11,1149,90,72,57,406,1246,4,1254,1250,-4,0,0,,,,,,
4580,2015,1,1,4,DL,1646,N583NW,PHX,ATL,1124,1125,1,43,1208,213,221,168,1587,1656,10,1657,1706,9,0,0,,,,,,
4581,2015,1,1,4,EV,4148,N14558,IAH,MAF,1124,,,,,94,,,429,,,1258,,,0,1,C,,,,,
4584,2015,1,1,4,NK,144,N618NK,ATL,DFW,1124,,,,,148,,,731,,,1252,,,0,1,B,,,,,
4587,2015,1,1,4,UA,300,N211UA,SFO,HNL,1125,1140,15,14,1154,324,327,298,2398,1452,15,1449,1507,18,0,0,,18,0,0,0,0
4590,2015,1,1,4,UA,544,N451UA,IAH,DEN,1125,1138,13,16,1154,150,133,113,862,1247,4,1255,1251,-4,0,0,,,,,,
4592,2015,1,1,4,OO,5624,N745SK,DEN,PSC,1125,1158,33,12,1210,150,128,111,852,1301,5,1255,1306,11,0,0,,,,,,
4593,2015,1,1,4,VX,204,N843VA,SFO,ORD,1125,1122,-3,24,1146,255,267,230,1846,1736,13,1740,1749,9,0,0,,,,,,
4594,2015,1,1,4,VX,927,N852VA,LAX,SFO,1125,1124,-1,10,1134,80,69,55,337,1229,4,1245,1233,-12,0,0,,,,,,
4602,2015,1,1,4,WN,238,N7747C,LAX,LAS,1125,1136,11,7,1143,60,59,44,236,1227,8,1225,1235,10,0,0,,,,,,
4605,2015,1,1,4,WN,4195,N436WN,MSP,ATL,1125,1123,-2,10,1133,150,136,121,907,1434,5,1455,1439,-16,0,0,,,,,,
4614,2015,1,1,4,UA,1121,N39423,LAS,ORD,1125,1136,11,15,1151,223,205,175,1514,1646,15,1708,1701,-7,0,0,,,,,,
4615,2015,1,1,4,UA,1718,N39450,DEN,LAX,1125,1158,33,16,1214,153,141,112,862,1306,13,1258,1319,21,0,0,,0,0,21,0,0
4617,2015,1,1,4,US,408,N521UW,PHX,PDX,1125,1128,3,25,1153,175,175,146,1009,1319,4,1320,1323,3,0,0,,,,,,
4618,2015,1,1,4,US,435,N658AW,PHX,SEA,1125,1121,-4,20,1141,192,193,151,1107,1312,22,1337,1334,-3,0,0,,,,,,
4622,2015,1,1,4,AA,1314,N3DJAA,LAX,IND,1125,1132,7,17,1149,240,228,207,1814,1816,4,1825,1820,-5,0,0,,,,,,
4624,2015,1,1,4,AA,2249,N4XKAA,IAH,DFW,1125,1232,67,15,1247,75,67,39,224,1326,13,1240,1339,59,0,0,,0,0,0,59,0
4627,2015,1,1,4,DL,818,N334NW,MSP,BOS,1125,1119,-6,9,1128,163,133,117,1124,1425,7,1508,1432,-36,0,0,,,,,,
4628,2015,1,1,4,DL,1387,N664DN,ATL,SJU,1125,1124,-1,13,1137,208,195,172,1547,1529,10,1553,1539,-14,0,0,,,,,,
4630,2015,1,1,4,DL,160,N338NW,DEN,MSP,1125,1129,4,12,1141,117,103,88,680,1409,3,1422,1412,-10,0,0,,,,,,
4631,2015,1,1,4,DL,1559,N587NW,MSP,LAX,1125,1123,-2,28,1151,237,230,187,1535,1258,15,1322,1313,-9,0,0,,,,,,
4632,2015,1,1,4,DL,1803,N921DN,ATL,RDU,1125,1122,-3,12,1134,83,69,54,356,1228,3,1248,1231,-17,0,0,,,,,,
4634,2015,1,1,4,EV,3953,N15572,IAH,ELP,1125,1133,8,10,1143,123,118,104,667,1227,4,1228,1231,3,0,0,,,,,,
4635,2015,1,1,4,EV,4128,N13988,IAH,MFE,1125,1125,0,21,1146,79,90,57,316,1243,12,1244,1255,11,0,0,,,,,,
4636,2015,1,1,4,EV,4169,N11547,IAH,ABQ,1125,1122,-3,24,1146,138,,,744,1615,15,1243,1630,,1,0,,,,,,
4637,2015,1,1,4,EV,4470,N26549,IAH,MOB,1125,1122,-3,9,1131,83,69,57,427,1228,3,1248,1231,-17,0,0,,,,,,
4639,2015,1,1,4,EV,4654,N29515,IAH,HRL,1125,1206,41,11,1217,75,,,295,,,1240,,,1,0,,,,,,
4640,2015,1,1,4,MQ,2901,N623MQ,ORD,CMH,1125,1232,67,11,1243,73,66,47,296,1430,8,1338,1438,60,0,0,,0,0,52,8,0
4641,2015,1,1,4,MQ,3036,N616MQ,DFW,XNA,1125,,,,,63,,,280,,,1228,,,0,1,B,,,,,
4642,2015,1,1,4,MQ,3414,N509MQ,DFW,AMA,1125,,,,,68,,,312,,,1233,,,0,1,B,,,,,
4647,2015,1,1,4,OO,6262,N753SK,DEN,PSP,1125,1147,22,15,1202,136,118,98,776,1240,5,1241,1245,4,0,0,,,,,,
4649,2015,1,1,4,OO,7420,N446SW,MSP,IMT,1125,1112,-13,10,1122,75,52,37,257,1159,5,1240,1204,-36,0,0,,,,,,
4650,2015,1,1,4,OO,4556,N161PQ,MSP,BNA,1125,1415,170,25,1440,130,126,94,695,1614,7,1335,1621,166,0,0,,0,0,0,166,0
4651,2015,1,1,4,OO,4699,N461SW,MSP,RAP,1125,1119,-6,14,1133,110,105,84,489,1157,7,1215,1204,-11,0,0,,,,,,
4654,2015,1,1,4,UA,1171,N77066,DEN,SFO,1127,1213,46,12,1225,167,132,114,967,1319,6,1314,1325,11,0,0,,,,,,
4655,2015,1,1,4,UA,1642,N78866,DEN,IAH,1127,1159,32,21,1220,140,148,120,862,1520,7,1447,1527,40,0,0,,8,0,21,11,0
4657,2015,1,1,4,EV,4496,N14543,IAH,CRP,1127,1132,5,10,1142,62,58,44,201,1226,4,1229,1230,1,0,0,,,,,,
4659,2015,1,1,4,UA,214,N411UA,IAH,LAS,1128,1127,-1,14,1141,207,189,170,1222,1231,5,1255,1236,-19,0,0,,,,,,
4661,2015,1,1,4,DL,2259,N3766,MSP,SLC,1128,1130,2,15,1145,167,156,133,991,1258,8,1315,1306,-9,0,0,,,,,,
4663,2015,1,1,4,EV,4888,N600QX,ATL,TLH,1128,1122,-6,13,1135,65,57,37,223,1212,7,1233,1219,-14,0,0,,,,,,
4664,2015,1,1,4,UA,865,N472UA,ORD,LAX,1129,1127,-2,19,1146,276,255,229,1744,1335,7,1405,1342,-23,0,0,,,,,,
4666,2015,1,1,4,EV,4472,N12163,IAH,SLC,1129,1130,1,28,1158,207,194,160,1195,1338,6,1356,1344,-12,0,0,,,,,,
4668,2015,1,1,4,NK,561,N510NK,DEN,LAS,1129,1126,-3,12,1138,115,94,77,628,1155,5,1224,1200,-24,0,0,,,,,,
4670,2015,1,1,4,UA,267,N819UA,SFO,PHL,1130,1148,18,21,1209,323,313,288,2521,1957,4,1953,2001,8,0,0,,,,,,
4671,2015,1,1,4,UA,328,N210UA,DEN,HNL,1130,1210,40,18,1228,440,431,398,3365,1606,15,1550,1621,31,0,0,,0,0,31,0,0
4672,2015,1,1,4,US,684,N902AW,PHX,LIH,1130,1123,-7,21,1144,417,427,401,2979,1525,5,1527,1530,3,0,0,,,,,,
4673,2015,1,1,4,US,706,N572UW,LAS,CLT,1130,1125,-5,16,1141,251,228,203,1916,1804,9,1841,1813,-28,0,0,,,,,,
4674,2015,1,1,4,US,726,N756US,LAX,PIT,1130,1141,11,46,1227,269,282,231,2136,1918,5,1859,1923,24,0,0,,13,0,11,0,0
4686,2015,1,1,4,UA,720,N526UA,SFO,DEN,1130,1246,76,13,1259,150,153,133,967,1612,7,1500,1619,79,0,0,,3,0,0,76,0
4699,2015,1,1,4,WN,3058,N361SW,SFO,SAN,1130,1130,0,25,1155,90,99,67,447,1302,7,1300,1309,9,0,0,,,,,,
4703,2015,1,1,4,WN,2516,N284WN,PHX,CLE,1130,1132,2,25,1157,230,213,182,1737,1659,6,1720,1705,-15,0,0,,,,,,
4704,2015,1,1,4,UA,1621,N67134,IAH,EWR,1130,1142,12,11,1153,212,177,157,1400,1530,9,1602,1539,-23,0,0,,,,,,
4705,2015,1,1,4,UA,1683,N33103,DEN,OGG,1130,1317,107,23,1340,453,444,417,3302,1737,4,1603,1741,98,0,0,,0,0,98,0,0
4706,2015,1,1,4,US,607,N672AW,LAS,PHL,1130,1130,0,18,1148,277,263,235,2176,1843,10,1907,1853,-14,0,0,,,,,,
4708,2015,1,1,4,AA,178,N3CCAA,DFW,DCA,1130,1241,71,9,1250,160,137,124,1192,1554,4,1510,1558,48,0,0,,0,0,30,18,0
4709,2015,1,1,4,AA,369,N5CDAA,DFW,SAN,1130,1142,12,20,1202,185,193,168,1171,1250,5,1235,1255,20,0,0,,8,0,12,0,0
4711,2015,1,1,4,AA,332,N484AA,DFW,RDU,1130,1126,-4,12,1138,150,134,119,1061,1437,3,1500,1440,-20,0,0,,,,,,
4713,2015,1,1,4,AA,224,N856AA,LAS,LAX,1130,1127,-3,20,1147,70,69,41,236,1228,8,1240,1236,-4,0,0,,,,,,
4719,2015,1,1,4,AA,2488,N3BJAA,DFW,EWR,1130,,,,,185,,,1372,,,1535,,,0,1,B,,,,,
4724,2015,1,1,4,DL,588,N323NB,DEN,SLC,1130,1123,-7,12,1135,87,69,53,391,1228,4,1257,1232,-25,0,0,,,,,,
4725,2015,1,1,4,DL,1975,N822DN,MSP,ATL,1130,1146,16,11,1157,151,129,114,907,1451,4,1501,1455,-6,0,0,,,,,,
4726,2015,1,1,4,DL,2089,N302NB,MSP,SNA,1130,1126,-4,18,1144,237,227,203,1522,1307,6,1327,1313,-14,0,0,,,,,,
4727,2015,1,1,4,DL,2108,N936DN,MSP,DEN,1130,1125,-5,11,1136,133,113,94,680,1210,8,1243,1218,-25,0,0,,,,,,
4728,2015,1,1,4,DL,101,N826DN,LAX,ATL,1130,1154,24,22,1216,250,242,217,1947,1853,3,1840,1856,16,0,0,,0,0,16,0,0
4730,2015,1,1,4,DL,1693,N896AT,ORD,ATL,1130,1134,4,19,1153,119,109,83,606,1416,7,1429,1423,-6,0,0,,,,,,
4731,2015,1,1,4,EV,2500,N906EV,DFW,LAW,1130,,,,,45,,,140,,,1215,,,0,1,A,,,,,
4732,2015,1,1,4,EV,4917,N744EV,MSP,IAH,1130,1126,-4,46,1212,180,219,168,1034,1500,5,1430,1505,35,0,0,,35,0,0,0,0
4733,2015,1,1,4,EV,5050,N614QX,MSP,AUS,1130,1129,-1,33,1202,176,203,164,1042,1446,6,1426,1452,26,0,0,,26,0,0,0,0
4734,2015,1,1,4,F9,718,N219FR,DEN,DCA,1130,1122,-8,12,1134,189,175,158,1476,1612,5,1639,1617,-22,0,0,,,,,,
4736,2015,1,1,4,MQ,2802,N649MQ,DFW,SGF,1130,,,,,73,,,364,,,1243,,,0,1,B,,,,,
4742,2015,1,1,4,OO,4794,N632SK,LAX,PHX,1130,1139,9,13,1152,88,73,56,370,1348,4,1358,1352,-6,0,0,,,,,,
4743,2015,1,1,4,OO,4742,N821SK,MSP,GRB,1130,1139,9,18,1157,71,70,44,252,1241,8,1241,1249,8,0,0,,,,,,
4748,2015,1,1,4,UA,1257,N14231,IAH,SFO,1131,1130,-1,10,1140,262,229,213,1635,1313,6,1353,1319,-34,0,0,,,,,,
4749,2015,1,1,4,UA,1732,N36280,IAH,SEA,1131,1140,9,12,1152,289,263,242,1874,1354,9,1420,1403,-17,0,0,,,,,,
4752,2015,1,1,4,B6,1563,N504JB,ORD,SJU,1131,1129,-2,14,1143,275,250,232,2072,1735,4,1806,1739,-27,0,0,,,,,,
4754,2015,1,1,4,OO,5518,N946SW,DEN,ONT,1131,1128,-3,24,1152,144,138,109,819,1241,5,1255,1246,-9,0,0,,,,,,
4756,2015,1,1,4,UA,1273,N57869,IAH,LAX,1132,1200,28,16,1216,223,209,183,1379,1319,10,1315,1329,14,0,0,,,,,,
4760,2015,1,1,4,OO,5160,N712SK,IAH,SAT,1132,1642,310,16,1658,65,62,42,191,1740,4,1237,1744,307,0,0,,0,0,43,264,0
4766,2015,1,1,4,EV,4503,N14514,IAH,BRO,1134,1129,-5,20,1149,76,,,308,,,1250,,,0,1,B,,,,,
4769,2015,1,1,4,US,663,N909AW,PHX,KOA,1135,1129,-6,34,1203,401,414,377,2860,1520,3,1516,1523,7,0,0,,,,,,
4774,2015,1,1,4,US,1853,N554UW,PHX,LAS,1135,1129,-6,16,1145,75,69,43,255,1128,10,1150,1138,-12,0,0,,,,,,
4775,2015,1,1,4,WN,414,N7815L,ATL,RDU,1135,1128,-7,12,1140,80,75,56,356,1236,7,1255,1243,-12,0,0,,,,,,
4782,2015,1,1,4,WN,1019,N792SW,LAS,LAX,1135,1147,12,11,1158,70,62,41,236,1239,10,1245,1249,4,0,0,,,,,,
4789,2015,1,1,4,WN,2509,N372SW,SFO,LAX,1135,1134,-1,26,1200,80,89,54,337,1254,9,1255,1303,8,0,0,,,,,,
4794,2015,1,1,4,WN,322,N7703A,PHX,DEN,1135,1149,14,18,1207,105,101,76,602,1323,7,1320,1330,10,0,0,,,,,,
4796,2015,1,1,4,UA,1702,N13110,DEN,KOA,1135,1206,31,18,1224,460,436,414,3329,1618,4,1615,1622,7,0,0,,,,,,
4797,2015,1,1,4,AA,370,N555AA,DFW,BWI,1135,,,,,165,,,1217,,,1520,,,0,1,B,,,,,
4798,2015,1,1,4,AA,1138,N3BHAA,DFW,LGA,1135,1142,7,17,1159,190,179,156,1389,1535,6,1545,1541,-4,0,0,,,,,,
4800,2015,1,1,4,AA,1307,N3HFAA,LAX,BNA,1135,1140,5,35,1215,230,247,205,1797,1740,7,1725,1747,22,0,0,,22,0,0,0,0
4801,2015,1,1,4,AA,1328,N575AA,DFW,OKC,1135,,,,,55,,,175,,,1230,,,0,1,B,,,,,
4802,2015,1,1,4,AA,1554,N3DEAA,DFW,SNA,1135,1130,-5,13,1143,195,187,166,1205,1229,8,1250,1237,-13,0,0,,,,,,
4808,2015,1,1,4,DL,1146,N334NB,MSP,ORD,1135,1130,-5,10,1140,84,74,55,334,1235,9,1259,1244,-15,0,0,,,,,,
4809,2015,1,1,4,DL,1151,N917DN,MSP,SFO,1135,1134,-1,14,1148,253,215,192,1589,1300,9,1348,1309,-39,0,0,,,,,,
4814,2015,1,1,4,EV,2545,N906EV,DFW,TYS,1135,1133,-2,16,1149,115,109,88,772,1417,5,1430,1422,-8,0,0,,,,,,
4817,2015,1,1,4,MQ,2879,N5PBMQ,DFW,MAF,1135,,,,,68,,,309,,,1243,,,0,1,B,,,,,
4819,2015,1,1,4,MQ,3058,N692MQ,ORD,BWI,1135,,,,,108,,,622,,,1423,,,0,1,A,,,,,
4820,2015,1,1,4,MQ,3316,N515MQ,DFW,CID,1135,1139,4,13,1152,108,100,78,685,1310,9,1323,1319,-4,0,0,,,,,,
4821,2015,1,1,4,MQ,3475,N648MQ,ORD,CID,1135,1128,-7,12,1140,63,55,37,196,1217,6,1238,1223,-15,0,0,,,,,,
4822,2015,1,1,4,OO,2577,N466SW,LAX,EUG,1135,1131,-4,14,1145,135,128,110,748,1335,4,1350,1339,-11,0,0,,,,,,
4823,2015,1,1,4,OO,7416,N779CA,MSP,RHI,1135,1132,-3,10,1142,65,61,45,190,1227,6,1240,1233,-7,0,0,,,,,,
4825,2015,1,1,4,OO,4564,N631SK,LAX,SAN,1135,1131,-4,11,1142,57,38,25,109,1207,2,1232,1209,-23,0,0,,,,,,
4829,2015,1,1,4,UA,426,N848UA,IAH,LGA,1136,1138,2,17,1155,206,188,167,1416,1542,4,1602,1546,-16,0,0,,,,,,
4830,2015,1,1,4,OO,5652,N471CA,SFO,PSP,1137,1147,10,19,1206,87,89,64,421,1310,6,1304,1316,12,0,0,,,,,,
4834,2015,1,1,4,UA,1506,N14214,SFO,ORD,1138,1142,4,22,1204,261,262,227,1846,1751,13,1759,1804,5,0,0,,,,,,
4840,2015,1,1,4,DL,2091,N964DL,ATL,TPA,1139,1140,1,10,1150,86,75,61,406,1251,4,1305,1255,-10,0,0,,,,,,
4842,2015,1,1,4,UA,211,N805UA,IAH,GUC,1140,1135,-5,11,1146,168,164,149,886,1315,4,1328,1319,-9,0,0,,,,,,
4847,2015,1,1,4,UA,574,N490UA,SFO,IAD,1140,1136,-4,29,1205,309,302,268,2419,1933,5,1949,1938,-11,0,0,,,,,,
4848,2015,1,1,4,VX,714,N524VA,SFO,DAL,1140,1149,9,16,1205,200,205,184,1476,1709,5,1700,1714,14,0,0,,,,,,
4849,2015,1,1,4,VX,783,N525VA,LAX,SEA,1140,1139,-1,11,1150,160,154,139,954,1409,4,1420,1413,-7,0,0,,,,,,
4850,2015,1,1,4,WN,428,N913WN,ATL,LAS,1140,1226,46,12,1238,280,267,252,1747,1350,3,1320,1353,33,0,0,,0,0,33,0,0
4855,2015,1,1,4,WN,727,N7726A,DEN,EWR,1140,1145,5,11,1156,220,196,177,1605,1653,8,1720,1701,-19,0,0,,,,,,
4857,2015,1,1,4,WN,1133,N627SW,LAS,SLC,1140,1221,41,19,1240,80,85,61,368,1441,5,1400,1446,46,0,0,,5,0,0,41,0
4866,2015,1,1,4,WN,3450,N709SW,PHX,LAS,1140,1217,37,27,1244,65,84,51,255,1235,6,1145,1241,56,0,0,,19,0,12,25,0
4868,2015,1,1,4,WN,653,N969WN,SFO,DEN,1140,1200,20,12,1212,150,148,130,967,1522,6,1510,1528,18,0,0,,0,0,18,0,0
4872,2015,1,1,4,US,413,N571UW,ATL,PHX,1140,1145,5,12,1157,250,244,229,1587,1346,3,1350,1349,-1,0,0,,,,,,
4873,2015,1,1,4,US,432,N908AW,PHX,OGG,1140,1136,-4,30,1206,400,419,386,2845,1532,3,1520,1535,15,0,0,,15,0,0,0,0
4874,2015,1,1,4,AA,316,N557AA,DFW,DEN,1140,1146,6,29,1215,120,120,87,641,1242,4,1240,1246,6,0,0,,,,,,
4875,2015,1,1,4,AA,322,N3MBAA,ORD,DCA,1140,1138,-2,13,1151,100,93,73,612,1404,7,1420,1411,-9,0,0,,,,,,
4876,2015,1,1,4,AA,976,N4XLAA,DFW,IAH,1140,1144,4,16,1200,65,76,47,224,1247,13,1245,1300,15,0,0,,15,0,0,0,0
4877,2015,1,1,4,AA,1218,N597AA,MSP,DFW,1140,1333,113,18,1351,160,177,137,852,1608,22,1420,1630,130,0,0,,17,0,113,0,0
4878,2015,1,1,4,AA,1495,N5EKAA,DFW,EGE,1140,1253,73,16,1309,140,124,103,721,1352,5,1300,1357,57,0,0,,0,0,0,57,0
4880,2015,1,1,4,AA,1627,N4XHAA,DFW,FAT,1140,1139,-1,15,1154,210,194,175,1313,1249,4,1310,1253,-17,0,0,,,,,,
4881,2015,1,1,4,AA,1657,N3FFAA,ORD,LAX,1140,1141,1,11,1152,265,238,221,1744,1333,6,1405,1339,-26,0,0,,,,,,
4886,2015,1,1,4,DL,411,N194DN,LAX,JFK,1140,1139,-1,26,1205,320,315,276,2475,1941,13,2000,1954,-6,0,0,,,,,,
4888,2015,1,1,4,DL,2170,N378DA,LAX,SLC,1140,1146,6,17,1203,110,107,86,590,1429,4,1430,1433,3,0,0,,,,,,
4894,2015,1,1,4,MQ,2950,N699MQ,ORD,RST,1140,1138,-2,12,1150,73,63,48,268,1238,3,1253,1241,-12,0,0,,,,,,
4895,2015,1,1,4,MQ,3114,N687MQ,ORD,DTW,1140,1157,17,14,1211,73,65,43,235,1354,8,1353,1402,9,0,0,,,,,,
4899,2015,1,1,4,OO,2598,N868CA,LAX,TUS,1140,1133,-7,15,1148,85,88,69,451,1357,4,1405,1401,-4,0,0,,,,,,
4901,2015,1,1,4,OO,7399,N432SW,MSP,HIB,1140,1215,35,12,1227,63,47,31,174,1258,4,1243,1302,19,0,0,,0,0,19,0,0
4902,2015,1,1,4,OO,5643,N967SW,DEN,MFR,1140,1145,5,31,1216,173,164,128,964,1324,5,1333,1329,-4,0,0,,,,,,
4903,2015,1,1,4,OO,6338,N584SW,LAX,SAN,1140,1139,-1,14,1153,54,53,35,109,1228,4,1234,1232,-2,0,0,,,,,,
4904,2015,1,1,4,OO,7363,N429SW,MSP,ABR,1140,1135,-5,15,1150,83,80,59,257,1249,6,1303,1255,-8,0,0,,,,,,
4906,2015,1,1,4,UA,1082,N16701,ATL,EWR,1141,1138,-3,10,1148,142,117,98,746,1326,9,1403,1335,-28,0,0,,,,,,
4907,2015,1,1,4,OO,5369,N973SW,ORD,STC,1141,1252,71,19,1311,87,92,69,394,1420,4,1308,1424,76,0,0,,5,0,0,71,0
4916,2015,1,1,4,US,692,N200UU,PHX,HNL,1145,1147,2,31,1218,407,455,411,2917,1609,13,1532,1622,50,0,0,,48,0,0,2,0
4917,2015,1,1,4,US,704,N569UW,LAX,CLT,1145,1141,-4,20,1201,270,260,231,2125,1852,9,1915,1901,-14,0,0,,,,,,
4930,2015,1,1,4,WN,1141,N8608N,DEN,LAS,1145,1153,8,13,1206,115,103,83,628,1229,7,1240,1236,-4,0,0,,,,,,
4931,2015,1,1,4,WN,953,N8602F,LAS,HOU,1145,1148,3,11,1159,180,165,150,1235,1629,4,1645,1633,-12,0,0,,,,,,
4932,2015,1,1,4,WN,1060,N491WN,LAX,SLC,1145,1211,26,8,1219,105,103,91,590,1450,4,1430,1454,24,0,0,,0,0,24,0,0
4939,2015,1,1,4,WN,573,N390SW,PHX,LAX,1145,1152,7,21,1213,85,86,59,370,1212,6,1210,1218,8,0,0,,,,,,
4940,2015,1,1,4,WN,1766,N376SW,PHX,ONT,1145,1153,8,22,1215,75,76,51,325,1206,3,1200,1209,9,0,0,,,,,,
4941,2015,1,1,4,WN,126,N256WN,PHX,SAN,1145,1153,8,30,1223,70,90,56,304,1219,4,1155,1223,28,0,0,,20,0,1,7,0
4942,2015,1,1,4,WN,685,N435WN,PHX,SFO,1145,1232,47,24,1256,125,125,95,651,1331,6,1250,1337,47,0,0,,0,0,22,25,0
4943,2015,1,1,4,WN,267,N784SW,PHX,SMF,1145,1157,12,30,1227,125,128,94,647,1301,4,1250,1305,15,0,0,,3,0,12,0,0
4947,2015,1,1,4,WN,3413,N277WN,PHX,BUR,1145,1153,8,28,1221,90,94,64,369,1225,2,1215,1227,12,0,0,,,,,,
4948,2015,1,1,4,UA,1219,N14107,DEN,LIH,1145,1223,38,11,1234,468,448,429,3414,1643,8,1633,1651,18,0,0,,0,0,18,0,0
4950,2015,1,1,4,UA,1501,N37298,IAH,HDN,1145,1152,7,13,1205,176,197,136,985,1321,48,1341,1409,28,0,0,,21,0,7,0,0
4951,2015,1,1,4,UA,1548,N16234,IAH,MTJ,1145,1244,59,11,1255,167,146,131,927,1406,4,1332,1410,38,0,0,,0,0,38,0,0
4952,2015,1,1,4,US,450,N602AW,LAS,PHX,1145,1141,-4,14,1155,68,64,45,255,1340,5,1353,1345,-8,0,0,,,,,,
4953,2015,1,1,4,AA,126,N4XGAA,DFW,PHX,1145,1209,24,29,1238,160,186,144,868,1402,13,1325,1415,50,0,0,,26,0,24,0,0
4954,2015,1,1,4,AA,74,N505AA,DFW,CLE,1145,,,,,150,,,1021,,,1515,,,0,1,B,,,,,
4956,2015,1,1,4,AA,1212,N010AA,DFW,SDF,1145,,,,,115,,,733,,,1440,,,0,1,B,,,,,
4957,2015,1,1,4,AA,1080,N005AA,ORD,EGE,1145,,,,,170,,,1007,,,1335,,,0,1,A,,,,,
4959,2015,1,1,4,AA,2305,N4YFAA,DFW,ORD,1145,,,,,130,,,802,,,1355,,,0,1,B,,,,,
4961,2015,1,1,4,AA,2419,N855AA,LAX,DFW,1145,1214,29,24,1238,185,194,150,1235,1708,20,1650,1728,38,0,0,,9,0,0,29,0
4967,2015,1,1,4,DL,831,N359NW,IAH,SLC,1145,1140,-5,12,1152,206,169,152,1195,1324,5,1411,1329,-42,0,0,,,,,,
4974,2015,1,1,4,DL,2134,N914DN,MSP,PHX,1145,1145,0,19,1204,206,210,186,1276,1410,5,1411,1415,4,0,0,,,,,,
4978,2015,1,1,4,DL,1782,N915DE,ATL,LGA,1145,1145,0,11,1156,133,129,96,762,1332,22,1358,1354,-4,0,0,,,,,,
4982,2015,1,1,4,MQ,3045,N942MQ,ORD,TUL,1145,1145,0,11,1156,118,120,107,585,1343,2,1343,1345,2,0,0,,,,,,
4984,2015,1,1,4,MQ,3343,N612MQ,DFW,FAR,1145,,,,,158,,,968,,,1423,,,0,1,B,,,,,
4988,2015,1,1,4,OO,6266,N732SK,IAH,TUS,1145,1141,-4,18,1159,160,166,144,936,1323,4,1325,1327,2,0,0,,,,,,
4994,2015,1,1,4,UA,364,N816UA,PHX,SFO,1147,1156,9,26,1222,127,135,92,651,1254,17,1254,1311,17,0,0,,8,0,8,1,0
4996,2015,1,1,4,UA,270,N843UA,DEN,BOI,1148,1150,2,10,1200,124,104,91,649,1331,3,1352,1334,-18,0,0,,,,,,
4997,2015,1,1,4,UA,1439,N37252,IAH,SAN,1148,1149,1,15,1204,212,199,181,1303,1305,3,1320,1308,-12,0,0,,,,,,
4999,2015,1,1,4,UA,1085,N24702,IAH,EGE,1149,1152,3,14,1206,182,151,133,934,1319,4,1351,1323,-28,0,0,,,,,,
5000,2015,1,1,4,UA,1415,N32404,IAH,PHX,1149,1149,0,22,1211,181,178,150,1009,1341,6,1350,1347,-3,0,0,,,,,,
5009,2015,1,1,4,UA,428,N219UA,IAH,IAD,1150,1222,32,16,1238,173,164,141,1190,1559,7,1543,1606,23,0,0,,0,0,23,0,0
5014,2015,1,1,4,WN,710,N715SW,DEN,BUR,1150,1153,3,14,1207,145,133,116,850,1303,3,1315,1306,-9,0,0,,,,,,
5015,2015,1,1,4,WN,881,N468WN,DEN,OAK,1150,1155,5,13,1208,160,134,116,957,1304,5,1330,1309,-21,0,0,,,,,,
5016,2015,1,1,4,WN,134,N473WN,DEN,SFO,1150,1200,10,12,1212,170,134,117,967,1309,5,1340,1314,-26,0,0,,,,,,
5017,2015,1,1,4,WN,3744,N270WN,DEN,SJC,1150,1156,6,14,1210,160,138,121,948,1311,3,1330,1314,-16,0,0,,,,,,
5018,2015,1,1,4,WN,1707,N451WN,DEN,SNA,1150,1155,5,10,1205,145,124,110,846,1255,4,1315,1259,-16,0,0,,,,,,
5022,2015,1,1,4,WN,1820,N769SW,LAS,SNA,1150,1150,0,13,1203,65,52,37,226,1240,2,1255,1242,-13,0,0,,,,,,
5023,2015,1,1,4,WN,2717,N383SW,LAX,DAL,1150,1203,13,11,1214,170,194,163,1246,1657,20,1640,1717,37,0,0,,24,0,6,7,0
5026,2015,1,1,4,WN,3919,N475WN,PHX,OMA,1150,1150,0,20,1210,145,147,122,1037,1512,5,1515,1517,2,0,0,,,,,,
5027,2015,1,1,4,WN,771,N474WN,PHX,SJC,1150,1152,2,19,1211,120,117,94,621,1245,4,1250,1249,-1,0,0,,,,,,
5028,2015,1,1,4,WN,4206,N356SW,PHX,SLC,1150,1151,1,23,1214,95,104,77,507,1331,4,1325,1335,10,0,0,,,,,,
5029,2015,1,1,4,WN,1182,N8615E,PHX,SNA,1150,1154,4,25,1219,80,85,54,338,1213,6,1210,1219,9,0,0,,,,,,
5036,2015,1,1,4,UA,1489,N36207,LAX,EWR,1150,1149,-1,17,1206,310,295,266,2454,1932,12,2000,1944,-16,0,0,,,,,,
5038,2015,1,1,4,AA,131,N3LFAA,LAX,MCO,1150,1201,11,31,1232,275,294,258,2218,1950,5,1925,1955,30,0,0,,19,0,11,0,0
5039,2015,1,1,4,AA,156,N590AA,LAX,STL,1150,1146,-4,23,1209,215,206,181,1592,1710,2,1725,1712,-13,0,0,,,,,,
5040,2015,1,1,4,AA,194,N006AA,DFW,ATL,1150,,,,,115,,,731,,,1445,,,0,1,B,,,,,
5041,2015,1,1,4,AA,150,N4YPAA,DFW,MSY,1150,,,,,80,,,447,,,1310,,,0,1,B,,,,,
5042,2015,1,1,4,AA,186,N3FHAA,ORD,BOS,1150,1145,-5,10,1155,125,106,92,867,1427,4,1455,1431,-24,0,0,,,,,,
5043,2015,1,1,4,AA,221,N3CPAA,DFW,SFO,1150,1155,5,18,1213,225,215,193,1464,1326,4,1335,1330,-5,0,0,,,,,,
5045,2015,1,1,4,AA,1023,N520AA,DFW,AUS,1150,,,,,60,,,190,,,1250,,,0,1,B,,,,,
5047,2015,1,1,4,AA,1489,N487AA,DFW,MEM,1150,,,,,80,,,432,,,1310,,,0,1,B,,,,,
5048,2015,1,1,4,AA,1636,N3HDAA,DFW,RSW,1150,1201,11,41,1242,145,170,124,1017,1546,5,1515,1551,36,0,0,,25,0,11,0,0
5049,2015,1,1,4,AA,2293,N5DUAA,SFO,DFW,1150,1204,14,22,1226,210,212,180,1464,1726,10,1720,1736,16,0,0,,8,0,0,8,0
5051,2015,1,1,4,AA,2491,N454AA,DFW,SLC,1150,1146,-4,32,1218,165,187,134,989,1332,21,1335,1353,18,0,0,,18,0,0,0,0
5053,2015,1,1,4,DL,700,N946DL,MSP,CLT,1150,1149,-1,16,1205,145,135,108,930,1453,11,1515,1504,-11,0,0,,,,,,
5062,2015,1,1,4,MQ,3004,N933MQ,ORD,MSN,1150,1143,-7,10,1153,53,42,27,108,1220,5,1243,1225,-18,0,0,,,,,,
5069,2015,1,1,4,OO,6522,N948SW,LAX,PHX,1150,1149,-1,23,1212,84,84,57,370,1409,4,1414,1413,-1,0,0,,,,,,
5079,2015,1,1,4,US,1803,N173US,PHX,PHL,1155,1159,4,30,1229,260,245,210,2075,1759,5,1815,1804,-11,0,0,,,,,,
5084,2015,1,1,4,WN,4278,N228WN,DEN,GEG,1155,1153,-2,14,1207,145,132,115,836,1302,3,1320,1305,-15,0,0,,,,,,
5085,2015,1,1,4,WN,606,N8647A,DEN,LAX,1155,1158,3,19,1217,155,140,111,862,1308,10,1330,1318,-12,0,0,,,,,,
5086,2015,1,1,4,WN,537,N799SW,DEN,PDX,1155,1158,3,17,1215,170,157,136,991,1331,4,1345,1335,-10,0,0,,,,,,
5087,2015,1,1,4,WN,4729,N8320J,DEN,SAN,1155,1200,5,11,1211,145,126,106,853,1257,9,1320,1306,-14,0,0,,,,,,
5088,2015,1,1,4,WN,492,N232WN,DEN,SLC,1155,1156,1,13,1209,90,74,57,391,1306,4,1325,1310,-15,0,0,,,,,,
5089,2015,1,1,4,WN,1587,N8309C,DEN,SMF,1155,1159,4,15,1214,155,130,111,909,1305,4,1330,1309,-21,0,0,,,,,,
5092,2015,1,1,4,WN,529,N371SW,LAS,DAL,1155,1156,1,18,1214,160,159,138,1067,1632,3,1635,1635,0,0,0,,,,,,
5093,2015,1,1,4,WN,3851,N446WN,LAS,OAK,1155,1213,18,14,1227,90,80,60,407,1327,6,1325,1333,8,0,0,,,,,,
5094,2015,1,1,4,WN,317,N222WN,LAS,RNO,1155,1155,0,14,1209,80,75,56,345,1305,5,1315,1310,-5,0,0,,,,,,
5095,2015,1,1,4,WN,2779,N353SW,LAX,SFO,1155,1155,0,9,1204,75,67,54,337,1258,4,1310,1302,-8,0,0,,,,,,
5098,2015,1,1,4,WN,4999,N734SA,PHX,HOU,1155,1203,8,34,1237,145,167,128,1020,1545,5,1520,1550,30,0,0,,22,0,5,3,0
5100,2015,1,1,4,WN,1579,N429WN,SFO,LAS,1155,1154,-1,13,1207,85,92,70,414,1317,9,1320,1326,6,0,0,,,,,,
5104,2015,1,1,4,UA,1566,N18220,ORD,IAH,1155,1205,10,12,1217,173,178,152,925,1449,14,1448,1503,15,0,0,,5,0,10,0,0
5105,2015,1,1,4,UA,1763,N67827,ORD,SEA,1155,1157,2,14,1211,278,264,242,1721,1413,8,1433,1421,-12,0,0,,,,,,
5106,2015,1,1,4,AA,314,N585AA,ATL,DFW,1155,1210,15,16,1226,150,149,117,731,1323,16,1325,1339,14,0,0,,,,,,
5108,2015,1,1,4,AA,1192,N3LJAA,LAX,ORD,1155,1152,-3,39,1231,245,256,202,1744,1753,15,1800,1808,8,0,0,,,,,,
5109,2015,1,1,4,AA,1418,N473AA,DFW,IAD,1155,,,,,160,,,1172,,,1535,,,0,1,B,,,,,
5117,2015,1,1,4,B6,494,N665JB,DEN,BOS,1155,1228,33,12,1240,224,193,177,1754,1737,4,1739,1741,2,0,0,,,,,,
5118,2015,1,1,4,DL,723,N957DN,ATL,SRQ,1155,1152,-3,15,1207,91,84,65,444,1312,4,1326,1316,-10,0,0,,,,,,
5120,2015,1,1,4,DL,1097,N317US,LAX,RDU,1155,1151,-4,33,1224,284,277,241,2239,1925,3,1939,1928,-11,0,0,,,,,,
5123,2015,1,1,4,AA,931,N359AA,SFO,MIA,1155,1253,58,14,1307,321,308,290,2585,2057,4,2016,2101,45,0,0,,0,0,44,1,0
5124,2015,1,1,4,DL,2369,N801DZ,ATL,MCO,1155,1154,-1,14,1208,86,85,62,404,1310,9,1321,1319,-2,0,0,,,,,,
5126,2015,1,1,4,DL,2638,N707TW,LAS,DTW,1155,1150,-5,28,1218,233,230,195,1749,1833,7,1848,1840,-8,0,0,,,,,,
5130,2015,1,1,4,EV,4589,N13992,ORD,JAN,1155,1201,6,10,1211,128,127,113,677,1404,4,1403,1408,5,0,0,,,,,,
5132,2015,1,1,4,EV,5919,N15574,ORD,GRB,1155,1355,120,16,1411,56,54,34,173,1445,4,1251,1449,118,0,0,,0,0,108,10,0
5133,2015,1,1,4,EV,5925,N10156,ORD,FSD,1155,1151,-4,18,1209,102,111,80,462,1329,13,1337,1342,5,0,0,,,,,,
5134,2015,1,1,4,EV,6149,N14562,ORD,MLI,1155,1151,-4,15,1206,54,49,30,139,1236,4,1249,1240,-9,0,0,,,,,,
5135,2015,1,1,4,MQ,2839,N5PBMQ,MSP,ORD,1155,1158,3,21,1219,90,77,50,334,1309,6,1325,1315,-10,0,0,,,,,,
5136,2015,1,1,4,MQ,2814,N923MQ,DFW,MKE,1155,1152,-3,24,1216,133,147,111,853,1407,12,1408,1419,11,0,0,,,,,,
5140,2015,1,1,4,MQ,3456,N503MQ,ORD,DSM,1155,1151,-4,11,1202,68,64,49,299,1251,4,1303,1255,-8,0,0,,,,,,
5141,2015,1,1,4,OO,5454,N292SW,SFO,SMF,1155,1321,86,19,1340,47,46,23,86,1403,4,1242,1407,85,0,0,,0,0,85,0,0
5142,2015,1,1,4,OO,2646,N498CA,ORD,ICT,1155,1150,-5,14,1204,110,134,115,588,1359,5,1345,1404,19,0,0,,19,0,0,0,0
5143,2015,1,1,4,OO,6238,N566SW,SFO,ACV,1155,1154,-1,17,1211,81,79,59,250,1310,3,1316,1313,-3,0,0,,,,,,
5145,2015,1,1,4,OO,5161,N117SY,ORD,SAT,1155,1307,72,14,1321,191,193,174,1041,1615,5,1506,1620,74,0,0,,2,0,71,1,0
5146,2015,1,1,4,OO,5199,N127SY,SFO,SLC,1155,1209,14,13,1222,112,109,86,599,1448,10,1447,1458,11,0,0,,,,,,
5147,2015,1,1,4,OO,5477,N578SW,LAX,CLD,1155,1156,1,17,1213,45,45,25,86,1238,3,1240,1241,1,0,0,,,,,,
5148,2015,1,1,4,EV,4670,N31131,ORD,OMA,1156,1153,-3,15,1208,98,92,73,416,1321,4,1334,1325,-9,0,0,,,,,,
5150,2015,1,1,4,OO,5487,N730SK,IAH,ASE,1156,1207,11,11,1218,172,150,136,913,1334,3,1348,1337,-11,0,0,,,,,,
5153,2015,1,1,4,EV,6188,N23139,ORD,ATW,1157,1151,-6,16,1207,56,57,37,160,1244,4,1253,1248,-5,0,0,,,,,,
5154,2015,1,1,4,F9,742,N202FR,PHX,DEN,1157,1255,58,14,1309,106,100,79,602,1428,7,1343,1435,52,0,0,,0,0,0,52,0
5155,2015,1,1,4,OO,5364,N652BR,ORD,MKE,1157,1152,-5,18,1210,48,42,19,67,1229,5,1245,1234,-11,0,0,,,,,,
5158,2015,1,1,4,EV,3956,N11535,ORD,RAP,1158,1157,-1,15,1212,147,146,126,779,1318,5,1325,1323,-2,0,0,,,,,,
5162,2015,1,1,4,UA,1268,N17244,PHX,ORD,1159,1159,0,29,1228,206,192,158,1440,1606,5,1625,1611,-14,0,0,,,,,,
5163,2015,1,1,4,US,614,N194UW,SFO,PHX,1159,1151,-8,18,1209,111,118,95,651,1444,5,1450,1449,-1,0,0,,,,,,
5165,2015,1,1,4,DL,2658,N3747D,LAS,JFK,1159,1153,-6,19,1212,290,284,254,2248,1926,11,1949,1937,-12,0,0,,,,,,
5167,2015,1,1,4,UA,312,N446UA,LAX,ORD,1200,1201,1,21,1222,253,236,201,1744,1743,14,1813,1757,-16,0,0,,,,,,
5174,2015,1,1,4,UA,631,N656UA,ORD,EWR,1200,1200,0,25,1225,134,121,83,719,1448,13,1514,1501,-13,0,0,,,,,,
5176,2015,1,1,4,VX,878,N526VA,LAX,DAL,1200,1201,1,11,1212,180,174,157,1246,1649,6,1700,1655,-5,0,0,,,,,,
5183,2015,1,1,4,WN,740,N790SW,LAS,MDW,1200,1156,-4,17,1213,210,202,179,1521,1712,6,1730,1718,-12,0,0,,,,,,
5190,2015,1,1,4,WN,1902,N8311Q,PHX,OAK,1200,1154,-6,31,1225,125,131,95,646,1300,5,1305,1305,0,0,0,,,,,,
5204,2015,1,1,4,AS,643,N409AS,PHX,SEA,1200,1203,3,38,1241,180,196,153,1107,1414,5,1400,1419,19,0,0,,19,0,0,0,0
5205,2015,1,1,4,AS,677,N607AS,DEN,SEA,1200,1214,14,22,1236,174,161,134,1024,1350,5,1354,1355,1,0,0,,,,,,
5207,2015,1,1,4,B6,416,N944JB,SFO,JFK,1200,1206,6,15,1221,330,347,322,2586,2043,10,2030,2053,23,0,0,,17,0,6,0,0
5211,2015,1,1,4,DL,1163,N389DA,ORD,DTW,1200,1218,18,15,1233,82,66,47,235,1420,4,1422,1424,2,0,0,,,,,,
5214,2015,1,1,4,AA,1462,N852AA,DFW,MIA,1200,1219,19,19,1238,161,160,133,1121,1551,8,1541,1559,18,0,0,,0,0,18,0,0
5219,2015,1,1,4,DL,2446,N674DL,ATL,FLL,1200,1156,-4,25,1221,115,110,81,581,1342,4,1355,1346,-9,0,0,,,,,,
5222,2015,1,1,4,DL,1558,N327NW,LAX,TPA,1200,1155,-5,25,1220,263,273,245,2158,1925,3,1923,1928,5,0,0,,,,,,
5223,2015,1,1,4,DL,1672,N905DL,DFW,ATL,1200,1159,-1,12,1211,120,124,105,731,1456,7,1500,1503,3,0,0,,,,,,
5232,2015,1,1,4,MQ,3623,N905MQ,DFW,TYR,1200,,,,,43,,,102,,,1243,,,0,1,B,,,,,
5244,2015,1,1,4,OO,5605,N787SK,DEN,ASE,1201,1242,41,27,1309,49,61,30,125,1339,4,1250,1343,53,0,0,,12,0,41,0,0
5255,2015,1,1,4,US,758,N547UW,ORD,PHL,1205,1204,-1,11,1215,116,101,87,678,1442,3,1501,1445,-16,0,0,,,,,,
5256,2015,1,1,4,US,853,N827AW,IAH,CLT,1205,1203,-2,26,1229,138,144,110,912,1519,8,1523,1527,4,0,0,,,,,,
5270,2015,1,1,4,WN,2521,N279WN,LAS,SAN,1205,1221,16,17,1238,65,63,43,258,1321,3,1310,1324,14,0,0,,,,,,
5271,2015,1,1,4,WN,1124,N8325D,LAX,BNA,1205,1203,-2,14,1217,230,226,206,1797,1743,6,1755,1749,-6,0,0,,,,,,
5272,2015,1,1,4,WN,1107,N621SW,LAX,PHX,1205,1226,21,16,1242,75,77,58,370,1440,3,1420,1443,23,0,0,,2,0,14,7,0
5285,2015,1,1,4,UA,1181,N75854,SFO,IAH,1205,1205,0,25,1230,227,250,200,1635,1750,25,1752,1815,23,0,0,,23,0,0,0,0
5286,2015,1,1,4,UA,1723,N57855,ORD,SFO,1205,1251,46,17,1308,282,280,256,1846,1524,7,1447,1531,44,0,0,,0,0,44,0,0
5288,2015,1,1,4,US,510,N809AW,DFW,PHX,1205,1350,105,36,1426,159,180,137,868,1543,7,1344,1550,126,0,0,,21,0,85,20,0
5290,2015,1,1,4,AA,278,N3BYAA,ORD,PHX,1205,1230,25,15,1245,235,227,205,1440,1510,7,1500,1517,17,0,0,,0,0,17,0,0
5296,2015,1,1,4,DL,1087,N936DL,ATL,DAB,1205,1202,-3,12,1214,77,68,51,366,1305,5,1322,1310,-12,0,0,,,,,,
5299,2015,1,1,4,DL,1316,N6705Y,DEN,ATL,1205,1200,-5,18,1218,165,161,138,1199,1636,5,1650,1641,-9,0,0,,,,,,
5300,2015,1,1,4,DL,1333,N815DN,ATL,SLC,1205,1202,-3,13,1215,260,232,215,1590,1350,4,1425,1354,-31,0,0,,,,,,
5301,2015,1,1,4,DL,1955,N910DE,ATL,CVG,1205,1201,-4,15,1216,86,84,64,373,1320,5,1331,1325,-6,0,0,,,,,,
5302,2015,1,1,4,DL,2059,N915AT,ATL,GRR,1205,1157,-8,16,1213,115,114,93,640,1346,5,1400,1351,-9,0,0,,,,,,
5304,2015,1,1,4,DL,2141,N905DE,ATL,ORF,1205,1202,-3,18,1220,94,89,68,516,1328,3,1339,1331,-8,0,0,,,,,,
5307,2015,1,1,4,DL,2457,N303DQ,ATL,RSW,1205,1202,-3,13,1215,102,87,70,515,1325,4,1347,1329,-18,0,0,,,,,,
5309,2015,1,1,4,DL,2529,N929DL,ATL,CLE,1205,1200,-5,14,1214,109,95,76,554,1330,5,1354,1335,-19,0,0,,,,,,
5311,2015,1,1,4,DL,329,N372NW,ATL,MSP,1205,1204,-1,13,1217,159,155,132,907,1329,10,1344,1339,-5,0,0,,,,,,
5312,2015,1,1,4,DL,1613,N935DN,ATL,IND,1205,1205,0,15,1220,94,88,67,432,1327,6,1339,1333,-6,0,0,,,,,,
5314,2015,1,1,4,DL,1916,N555NW,ATL,DEN,1205,1203,-2,17,1220,205,204,178,1199,1318,9,1330,1327,-3,0,0,,,,,,
5318,2015,1,1,4,EV,6008,N12166,ORD,FAR,1205,1200,-5,13,1213,119,120,97,557,1350,10,1404,1400,-4,0,0,,,,,,
5320,2015,1,1,4,MQ,3119,N619MQ,ORD,FWA,1205,1200,-5,13,1213,48,44,27,157,1340,4,1353,1344,-9,0,0,,,,,,
5326,2015,1,1,4,OO,5238,N766SK,ORD,ASE,1205,1319,74,26,1345,181,184,155,1013,1520,3,1406,1523,77,0,0,,3,0,44,30,0
5327,2015,1,1,4,UA,1630,N38403,ORD,PDX,1206,1214,8,13,1227,279,256,239,1739,1426,4,1445,1430,-15,0,0,,,,,,
5330,2015,1,1,4,DL,2573,N397DA,ATL,MDW,1206,1204,-2,23,1227,118,119,91,591,1258,5,1304,1303,-1,0,0,,,,,,
5333,2015,1,1,4,UA,706,N475UA,SFO,LAX,1207,1158,-9,19,1217,93,93,59,337,1316,15,1340,1331,-9,0,0,,,,,,
5335,2015,1,1,4,UA,1659,N69834,IAH,MCO,1207,1209,2,13,1222,131,128,104,854,1506,11,1518,1517,-1,0,0,,,,,,
5336,2015,1,1,4,UA,1746,N76505,SFO,LAS,1207,1225,18,17,1242,97,101,73,414,1355,11,1344,1406,22,0,0,,4,0,18,0,0
5339,2015,1,1,4,EV,5243,N980EV,ATL,SGF,1207,1202,-5,14,1216,117,122,104,563,1300,4,1304,1304,0,0,0,,,,,,
5340,2015,1,1,4,UA,329,N828UA,PHX,EWR,1208,1257,49,8,1305,282,238,218,2133,1843,12,1850,1855,5,0,0,,,,,,
5345,2015,1,1,4,DL,755,N302DQ,ATL,CMH,1209,1207,-2,18,1225,93,87,66,447,1331,3,1342,1334,-8,0,0,,,,,,
5349,2015,1,1,4,EV,5399,N884AS,ATL,ROA,1209,1203,-6,18,1221,79,80,58,357,1319,4,1328,1323,-5,0,0,,,,,,
5353,2015,1,1,4,US,1738,N176UW,DFW,CLT,1210,1205,-5,16,1221,139,146,119,936,1520,11,1529,1531,2,0,0,,,,,,
5356,2015,1,1,4,WN,496,N710SW,LAS,SAT,1210,1217,7,17,1234,150,154,134,1069,1648,3,1640,1651,11,0,0,,,,,,
5357,2015,1,1,4,WN,547,N258WN,LAX,HOU,1210,1249,39,6,1255,185,183,173,1390,1748,4,1715,1752,37,0,0,,0,0,25,12,0
5358,2015,1,1,4,WN,2027,N609SW,LAX,SMF,1210,1249,39,6,1255,80,73,63,373,1358,4,1330,1402,32,0,0,,0,0,14,18,0
5360,2015,1,1,4,WN,833,N359SW,MSP,PHX,1210,1218,8,12,1230,210,204,187,1276,1437,5,1440,1442,2,0,0,,,,,,
5365,2015,1,1,4,WN,1688,N934WN,SFO,SNA,1210,1203,-7,20,1223,85,90,65,372,1328,5,1335,1333,-2,0,0,,,,,,
5369,2015,1,1,4,AA,157,N201AA,DFW,PDX,1210,1205,-5,15,1220,250,231,214,1616,1354,2,1420,1356,-24,0,0,,,,,,
5370,2015,1,1,4,AA,313,N549AA,DEN,DFW,1210,1205,-5,18,1223,115,146,97,641,1500,31,1505,1531,26,0,0,,26,0,0,0,0
5371,2015,1,1,4,AA,1044,N389AA,ORD,MIA,1210,1203,-7,15,1218,186,168,147,1197,1545,6,1616,1551,-25,0,0,,,,,,
5373,2015,1,1,4,AA,1392,N480AA,DFW,SAT,1210,1219,9,12,1231,70,71,55,247,1326,4,1320,1330,10,0,0,,,,,,
5375,2015,1,1,4,AA,1528,N475AA,LAS,DFW,1210,1222,12,23,1245,160,165,132,1055,1657,10,1650,1707,17,0,0,,5,0,4,8,0
5376,2015,1,1,4,AA,1542,N403AA,DFW,PHL,1210,1202,-8,13,1215,185,169,152,1303,1547,4,1615,1551,-24,0,0,,,,,,
5378,2015,1,1,4,AA,1505,N548AA,DFW,PSP,1210,1218,8,13,1231,185,182,164,1126,1315,5,1315,1320,5,0,0,,,,,,
5384,2015,1,1,4,DL,1466,N530US,ATL,SAT,1210,1209,-1,15,1224,162,151,131,874,1335,5,1352,1340,-12,0,0,,,,,,
5386,2015,1,1,4,DL,2399,N920AT,ATL,RIC,1210,1208,-2,15,1223,90,84,63,481,1326,6,1340,1332,-8,0,0,,,,,,
5391,2015,1,1,4,EV,2569,N909EV,DFW,LIT,1210,1159,-11,20,1219,65,65,42,304,1301,3,1315,1304,-11,0,0,,,,,,
5393,2015,1,1,4,EV,4999,N859AS,ATL,MOB,1210,1210,0,19,1229,74,74,53,302,1222,2,1224,1224,0,0,0,,,,,,
5394,2015,1,1,4,EV,5020,N695CA,ATL,BTR,1210,1209,-1,24,1233,98,103,75,448,1248,4,1248,1252,4,0,0,,,,,,
5397,2015,1,1,4,EV,5344,N686BR,ATL,TRI,1210,1205,-5,17,1222,63,62,41,227,1303,4,1313,1307,-6,0,0,,,,,,
5400,2015,1,1,4,MQ,3627,N507MQ,ORD,LIT,1210,1212,2,18,1230,103,109,85,552,1355,6,1353,1401,8,0,0,,,,,,
5406,2015,1,1,4,UA,1046,N37413,LAS,SFO,1211,1223,12,18,1241,96,89,64,414,1345,7,1347,1352,5,0,0,,,,,,
5412,2015,1,1,4,DL,1218,N986DL,ATL,JFK,1212,1215,3,11,1226,137,119,101,760,1407,7,1429,1414,-15,0,0,,,,,,
5413,2015,1,1,4,DL,2213,N969AT,ATL,MLB,1212,1210,-2,13,1223,91,79,62,442,1325,4,1343,1329,-14,0,0,,,,,,
5421,2015,1,1,4,EV,5030,N871AS,ATL,GNV,1214,1242,28,9,1251,72,61,48,300,1339,4,1326,1343,17,0,0,,0,0,0,17,0
5422,2015,1,1,4,OO,6192,N918SW,DEN,SBA,1214,1332,78,21,1353,158,142,116,916,1449,5,1352,1454,62,0,0,,0,0,0,62,0
5423,2015,1,1,4,OO,4609,N820SK,LAS,LAX,1214,1211,-3,20,1231,71,65,40,236,1311,5,1325,1316,-9,0,0,,,,,,
5425,2015,1,1,4,US,2070,N915US,ORD,CLT,1215,1215,0,17,1232,113,97,72,599,1444,8,1508,1452,-16,0,0,,,,,,
5426,2015,1,1,4,US,2072,N187US,DEN,CLT,1215,1623,248,14,1637,184,170,148,1337,2105,8,1719,2113,234,0,0,,0,0,234,0,0
5432,2015,1,1,4,WN,366,N7811F,LAX,LAS,1215,1216,1,7,1223,65,58,46,236,1309,5,1320,1314,-6,0,0,,,,,,
5433,2015,1,1,4,WN,972,N761RR,LAX,TUS,1215,1307,52,13,1320,80,80,64,451,1524,3,1435,1527,52,0,0,,0,0,9,43,0
5440,2015,1,1,4,AA,7,N398AA,DFW,OGG,1215,1513,178,24,1537,500,517,490,3711,1947,3,1635,1950,195,0,0,,17,0,178,0,0
5442,2015,1,1,4,AA,1132,N582AA,PHX,DFW,1215,1206,-9,39,1245,140,164,108,868,1533,17,1535,1550,15,0,0,,15,0,0,0,0
5447,2015,1,1,4,AA,2224,N490AA,LAS,ORD,1215,1205,-10,37,1242,225,229,183,1514,1745,9,1800,1754,-6,0,0,,,,,,
5448,2015,1,1,4,AA,2378,N3CBAA,SFO,LAX,1215,1211,-4,16,1227,80,87,55,337,1322,16,1335,1338,3,0,0,,,,,,
5451,2015,1,1,4,DL,629,N375DA,ATL,DTW,1215,1216,1,17,1233,121,113,92,594,1405,4,1416,1409,-7,0,0,,,,,,
5455,2015,1,1,4,DL,2010,N918DE,ATL,DFW,1215,1213,-2,18,1231,155,136,112,731,1323,6,1350,1329,-21,0,0,,,,,,
5462,2015,1,1,4,EV,5245,N927EV,ATL,AEX,1215,1211,-4,21,1232,108,106,82,500,1254,3,1303,1257,-6,0,0,,,,,,
5464,2015,1,1,4,MQ,2842,N823MQ,ORD,AZO,1215,1209,-6,10,1219,48,39,22,122,1341,7,1403,1348,-15,0,0,,,,,,
5465,2015,1,1,4,MQ,2767,N679MQ,ORD,ROC,1215,1246,31,19,1305,93,88,65,528,1510,4,1448,1514,26,0,0,,0,0,11,15,0
5467,2015,1,1,4,MQ,3368,N655MQ,ORD,PIT,1215,1218,3,15,1233,83,79,57,413,1430,7,1438,1437,-1,0,0,,,,,,
5469,2015,1,1,4,MQ,3604,N939MQ,DFW,LAW,1215,,,,,48,,,140,,,1303,,,0,1,B,,,,,
5470,2015,1,1,4,MQ,3670,N673MQ,ORD,CMH,1215,1225,10,11,1236,73,69,46,296,1422,12,1428,1434,6,0,0,,,,,,
5471,2015,1,1,4,OO,2588,N693BR,LAX,RNO,1215,1210,-5,16,1226,85,88,66,391,1332,6,1340,1338,-2,0,0,,,,,,
5478,2015,1,1,4,UA,864,N823UA,SFO,EWR,1216,1214,-2,25,1239,335,324,290,2565,2029,9,2051,2038,-13,0,0,,,,,,
5479,2015,1,1,4,DL,514,N914DE,ATL,BDL,1216,1216,0,12,1228,138,125,109,859,1417,4,1434,1421,-13,0,0,,,,,,
5480,2015,1,1,4,DL,1228,N953AT,ATL,JAN,1216,1213,-3,14,1227,83,71,54,341,1221,3,1239,1224,-15,0,0,,,,,,
5483,2015,1,1,4,EV,4933,N882AS,ATL,ILM,1216,1213,-3,11,1224,78,67,54,377,1318,2,1334,1320,-14,0,0,,,,,,
5486,2015,1,1,4,EV,4710,N17185,DFW,IAH,1217,1213,-4,41,1254,72,103,44,224,1338,18,1329,1356,27,0,0,,27,0,0,0,0
5487,2015,1,1,4,EV,5425,N870AS,ATL,CRW,1217,1227,10,16,1243,78,73,55,363,1338,2,1335,1340,5,0,0,,,,,,
5492,2015,1,1,4,EV,5019,N181PQ,ATL,CAE,1218,1230,12,17,1247,59,52,32,192,1319,3,1317,1322,5,0,0,,,,,,
5495,2015,1,1,4,EV,4982,N758EV,ATL,GPT,1219,1213,-6,22,1235,81,90,62,352,1237,6,1240,1243,3,0,0,,,,,,
5500,2015,1,1,4,VX,910,N361VA,SFO,LAS,1220,1223,3,9,1232,90,93,72,414,1344,12,1350,1356,6,0,0,,,,,,
5502,2015,1,1,4,WN,125,N358SW,DEN,GRR,1220,1240,20,17,1257,150,140,117,1015,1654,6,1650,1700,10,0,0,,,,,,
5506,2015,1,1,4,WN,2432,N7749B,LAS,BUR,1220,1225,5,19,1244,65,65,43,223,1327,3,1325,1330,5,0,0,,,,,,
5507,2015,1,1,4,WN,3450,N709SW,LAS,SFO,1220,1320,60,10,1330,90,77,62,414,1432,5,1350,1437,47,0,0,,0,0,3,44,0
5519,2015,1,1,4,US,448,N536UW,DEN,PHX,1220,1218,-2,14,1232,109,102,85,602,1357,3,1409,1400,-9,0,0,,,,,,
5521,2015,1,1,4,AA,4,N799AA,LAX,JFK,1220,1214,-6,23,1237,330,319,284,2475,2021,12,2050,2033,-17,0,0,,,,,,
5526,2015,1,1,4,AA,2302,N4XEAA,DFW,MCO,1220,1218,-2,18,1236,145,148,126,985,1542,4,1545,1546,1,0,0,,,,,,
5527,2015,1,1,4,AA,2321,N200AA,ORD,DFW,1220,1223,3,13,1236,155,171,135,802,1451,23,1455,1514,19,0,0,,19,0,0,0,0
5528,2015,1,1,4,AA,2433,N3ERAA,DFW,LAX,1220,1221,1,23,1244,200,195,167,1235,1331,5,1340,1336,-4,0,0,,,,,,
5537,2015,1,1,4,DL,1315,N635DL,ATL,PBI,1220,1232,12,10,1242,110,91,77,545,1359,4,1410,1403,-7,0,0,,,,,,
5538,2015,1,1,4,DL,1581,N376NW,LAX,CVG,1220,1225,5,18,1243,245,234,210,1900,1913,6,1925,1919,-6,0,0,,,,,,
5539,2015,1,1,4,DL,1655,N1612T,ATL,LAX,1220,1321,61,13,1334,309,292,272,1947,1506,7,1429,1513,44,0,0,,0,0,44,0,0
5546,2015,1,1,4,MQ,2900,N628MQ,DFW,RAP,1220,1234,14,21,1255,143,136,111,835,1346,4,1343,1350,7,0,0,,,,,,
5547,2015,1,1,4,MQ,3125,N653MQ,DFW,GRI,1220,,,,,103,,,561,,,1403,,,0,1,B,,,,,
5550,2015,1,1,4,NK,388,N506NK,LAS,DTW,1220,1219,-1,17,1236,234,228,202,1749,1858,9,1914,1907,-7,0,0,,,,,,
5552,2015,1,1,4,OO,4563,N910EV,ATL,SBN,1220,1216,-4,18,1234,110,109,87,566,1401,4,1410,1405,-5,0,0,,,,,,
5553,2015,1,1,4,OO,4987,N108SY,ORD,MCI,1220,1317,57,16,1333,101,93,72,403,1445,5,1401,1450,49,0,0,,0,0,49,0,0
5559,2015,1,1,4,UA,1123,N76523,IAH,SNA,1222,1220,-2,12,1232,220,204,186,1346,1338,6,1402,1344,-18,0,0,,,,,,
5564,2015,1,1,4,UA,521,N405UA,ORD,LAX,1223,1219,-4,37,1256,277,276,217,1744,1433,22,1500,1455,-5,0,0,,,,,,
5569,2015,1,1,4,EV,4336,N11199,DEN,TUS,1223,1218,-5,18,1236,125,123,98,639,1414,7,1428,1421,-7,0,0,,,,,,
5570,2015,1,1,4,NK,364,N508NK,DFW,MSY,1223,1222,-1,9,1231,83,81,67,447,1338,5,1346,1343,-3,0,0,,,,,,
5576,2015,1,1,4,WN,2144,N466WN,ATL,MCO,1225,1221,-4,12,1233,85,82,63,404,1336,7,1350,1343,-7,0,0,,,,,,
5581,2015,1,1,4,WN,395,N289CT,DEN,HOU,1225,1223,-2,10,1233,135,142,129,883,1542,3,1540,1545,5,0,0,,,,,,
5593,2015,1,1,4,AA,52,N3LMAA,LAX,DCA,1225,1222,-3,18,1240,290,279,253,2311,1953,8,2015,2001,-14,0,0,,,,,,
5594,2015,1,1,4,AA,374,N3ARAA,ORD,LGA,1225,1221,-4,13,1234,120,106,91,733,1505,2,1525,1507,-18,0,0,,,,,,
5595,2015,1,1,4,AA,348,N3ENAA,DFW,FLL,1225,1222,-3,17,1239,160,158,134,1119,1553,7,1605,1600,-5,0,0,,,,,,
5596,2015,1,1,4,AA,1002,N559AA,IAH,DFW,1225,1224,-1,11,1235,75,65,37,224,1312,17,1340,1329,-11,0,0,,,,,,
5597,2015,1,1,4,AA,1288,N568AA,DFW,SAN,1225,1227,2,19,1246,190,190,169,1171,1335,2,1335,1337,2,0,0,,,,,,
5603,2015,1,1,4,AA,1435,N3LVAA,SFO,ORD,1225,1227,2,16,1243,255,251,225,1846,1828,10,1840,1838,-2,0,0,,,,,,
5608,2015,1,1,4,DL,2444,N926AT,IAH,ATL,1225,1219,-6,9,1228,120,112,85,689,1453,18,1525,1511,-14,0,0,,,,,,
5610,2015,1,1,4,DL,1754,N814DN,LAX,ATL,1225,1232,7,14,1246,252,238,216,1947,1922,8,1937,1930,-7,0,0,,,,,,
5615,2015,1,1,4,F9,247,N929FR,IAH,DEN,1225,1229,4,16,1245,148,134,113,862,1338,5,1353,1343,-10,0,0,,,,,,
5633,2015,1,1,4,B6,488,N793JB,LAX,BOS,1226,1224,-2,12,1236,319,294,275,2611,2011,7,2045,2018,-27,0,0,,,,,,
5636,2015,1,1,4,OO,5600,N701BR,SFO,MFR,1226,1218,-8,20,1238,82,77,52,329,1330,5,1348,1335,-13,0,0,,,,,,
5637,2015,1,1,4,OO,5244,N763SK,SFO,JAC,1227,1219,-8,22,1241,130,134,108,737,1529,4,1537,1533,-4,0,0,,,,,,
5649,2015,1,1,4,UA,456,N833UA,LAX,SFO,1230,1225,-5,20,1245,81,78,55,337,1340,3,1351,1343,-8,0,0,,,,,,
5650,2015,1,1,4,WN,808,N201LV,ATL,LAX,1230,1243,13,14,1257,310,314,278,1947,1435,22,1440,1457,17,0,0,,4,0,13,0,0
5657,2015,1,1,4,WN,3157,N7709A,PHX,RNO,1230,1225,-5,27,1252,115,119,87,601,1319,5,1325,1324,-1,0,0,,,,,,
5660,2015,1,1,4,UA,1067,N68801,LAX,MSY,1230,1231,1,14,1245,221,219,192,1670,1757,13,1811,1810,-1,0,0,,,,,,
5661,2015,1,1,4,UA,1083,N54241,LAX,ORD,1230,1225,-5,15,1240,250,236,206,1744,1806,15,1840,1821,-19,0,0,,,,,,
5662,2015,1,1,4,UA,1210,N37437,LAX,DEN,1230,1258,28,15,1313,138,142,120,862,1613,7,1548,1620,32,0,0,,4,0,28,0,0
5664,2015,1,1,4,AA,166,N565AA,DFW,STL,1230,1226,-4,34,1300,95,104,68,550,1408,2,1405,1410,5,0,0,,,,,,
5665,2015,1,1,4,AA,1098,N473AA,DFW,SMF,1230,1231,1,17,1248,230,207,185,1431,1353,5,1420,1358,-22,0,0,,,,,,
5666,2015,1,1,4,AA,1140,N3GUAA,DFW,LGA,1230,1247,17,11,1258,195,171,157,1389,1635,3,1645,1638,-7,0,0,,,,,,
5668,2015,1,1,4,AA,1179,N3JUAA,IAH,MIA,1230,1227,-3,15,1242,145,135,114,964,1536,6,1555,1542,-13,0,0,,,,,,
5670,2015,1,1,4,AA,1512,N4WTAA,DFW,TPA,1230,1240,10,14,1254,135,134,116,929,1550,4,1545,1554,9,0,0,,,,,,
5672,2015,1,1,4,AA,2311,N3DGAA,DFW,SEA,1230,1250,20,13,1303,265,234,216,1660,1439,5,1455,1444,-11,0,0,,,,,,
5678,2015,1,1,4,DL,2305,N525US,SFO,MSP,1230,1224,-6,12,1236,221,218,201,1589,1757,5,1811,1802,-9,0,0,,,,,,
5679,2015,1,1,4,DL,1761,N958DN,ATL,PHL,1230,1228,-2,18,1246,123,120,98,666,1424,4,1433,1428,-5,0,0,,,,,,
5680,2015,1,1,4,DL,1837,N908DA,ATL,AUS,1230,1225,-5,14,1239,155,154,122,813,1341,18,1405,1359,-6,0,0,,,,,,
5681,2015,1,1,4,B6,178,N625JB,LAS,BOS,1230,1230,0,19,1249,296,269,246,2381,1955,4,2026,1959,-27,0,0,,,,,,
5682,2015,1,1,4,EV,2503,N905EV,DFW,BTR,1230,,,,,75,,,383,,,1345,,,0,1,A,,,,,
5683,2015,1,1,4,EV,2516,N877AS,DFW,CRP,1230,1223,-7,17,1240,75,88,68,354,1348,3,1345,1351,6,0,0,,,,,,
5688,2015,1,1,4,EV,5426,N712EV,ATL,VPS,1230,1228,-2,19,1247,74,67,44,250,1231,4,1244,1235,-9,0,0,,,,,,
5691,2015,1,1,4,MQ,3146,N604MQ,DFW,GCK,1230,1246,16,11,1257,83,77,62,404,1359,4,1353,1403,10,0,0,,,,,,
5692,2015,1,1,4,MQ,3412,N854MQ,ORD,TYS,1230,1221,-9,14,1235,88,97,61,475,1436,22,1458,1458,0,0,0,,,,,,
5694,2015,1,1,4,NK,362,N517NK,IAH,ATL,1230,1253,23,10,1303,113,112,91,689,1534,11,1523,1545,22,0,0,,22,0,0,0,0
5695,2015,1,1,4,OO,6199,N954SW,DEN,CID,1230,1301,31,14,1315,110,103,84,692,1539,5,1520,1544,24,0,0,,0,0,6,18,0
5700,2015,1,1,4,UA,1168,N87512,DEN,MSY,1231,1314,43,10,1324,156,144,130,1062,1634,4,1607,1638,31,0,0,,0,0,27,4,0
5702,2015,1,1,4,UA,1271,N75432,DEN,ORD,1231,1239,8,11,1250,148,128,105,888,1535,12,1559,1547,-12,0,0,,,,,,
5705,2015,1,1,4,UA,1087,N21723,ORD,SAN,1232,1234,2,13,1247,270,274,257,1723,1504,4,1502,1508,6,0,0,,,,,,
5706,2015,1,1,4,UA,1596,,DEN,BOS,1232,,,,,228,,,1754,,,1820,,,0,1,A,,,,,
5712,2015,1,1,4,OO,4826,N823SK,PHX,LAX,1233,1226,-7,22,1248,92,87,59,370,1247,6,1305,1253,-12,0,0,,,,,,
5713,2015,1,1,4,UA,1226,N68823,ORD,DEN,1234,1242,8,16,1258,166,167,140,888,1418,11,1420,1429,9,0,0,,,,,,
5724,2015,1,1,4,WN,389,N641SW,LAS,MCI,1235,1235,0,15,1250,165,160,140,1139,1710,5,1720,1715,-5,0,0,,,,,,
5725,2015,1,1,4,WN,3214,N7713A,LAS,PDX,1235,1452,137,17,1509,140,134,114,763,1703,3,1455,1706,131,0,0,,0,0,131,0,0
5726,2015,1,1,4,WN,380,N290WN,LAX,SJC,1235,1237,2,9,1246,65,64,51,308,1337,4,1340,1341,1,0,0,,,,,,
5730,2015,1,1,4,WN,4391,N452WN,SFO,STL,1235,1301,26,11,1312,230,228,212,1735,1844,5,1825,1849,24,0,0,,0,0,13,11,0
5736,2015,1,1,4,AA,159,N3JHAA,ORD,SAN,1235,1229,-6,10,1239,260,250,237,1723,1436,3,1455,1439,-16,0,0,,,,,,
5737,2015,1,1,4,AA,170,N854AA,LAX,LAS,1235,1437,122,17,1454,75,71,45,236,1539,9,1350,1548,118,0,0,,0,0,0,118,0
5738,2015,1,1,4,AA,1124,N3GAAA,DFW,BOS,1235,1237,2,20,1257,205,200,172,1562,1649,8,1700,1657,-3,0,0,,,,,,
5740,2015,1,1,4,AA,1239,N4YSAA,DFW,LAS,1235,1305,30,13,1318,180,172,154,1055,1352,5,1335,1357,22,0,0,,0,0,21,1,0
5752,2015,1,1,4,EV,4271,N11119,DEN,MOT,1235,1231,-4,15,1246,112,108,86,604,1512,7,1527,1519,-8,0,0,,,,,,
5757,2015,1,1,4,F9,555,N206FR,DEN,SAN,1235,1228,-7,14,1242,138,126,106,853,1328,6,1353,1334,-19,0,0,,,,,,
5758,2015,1,1,4,F9,745,N934FR,DEN,PHX,1235,1249,14,10,1259,105,107,93,602,1432,4,1420,1436,16,0,0,,16,0,0,0,0
5761,2015,1,1,4,MQ,3228,N610MQ,ORD,LSE,1235,1230,-5,14,1244,73,61,45,215,1329,2,1348,1331,-17,0,0,,,,,,
5762,2015,1,1,4,MQ,3356,N514MQ,ORD,MEM,1235,1232,-3,10,1242,103,87,74,491,1356,3,1418,1359,-19,0,0,,,,,,
5765,2015,1,1,4,NK,939,N614NK,DEN,PHX,1235,1306,31,12,1318,106,105,90,602,1448,3,1421,1451,30,0,0,,30,0,0,0,0
5771,2015,1,1,4,OO,6323,N569SW,LAX,SMX,1235,1250,15,13,1303,55,49,32,134,1335,4,1330,1339,9,0,0,,,,,,
5774,2015,1,1,4,UA,484,N409UA,DEN,IAH,1236,1243,7,12,1255,139,134,116,862,1551,6,1555,1557,2,0,0,,,,,,
5777,2015,1,1,4,OO,6224,N760SK,DEN,DFW,1236,1342,66,14,1356,114,118,92,641,1628,12,1530,1640,70,0,0,,4,0,66,0,0
5779,2015,1,1,4,OO,7374,N8923A,MSP,BRD,1236,1236,0,17,1253,58,51,30,114,1323,4,1334,1327,-7,0,0,,,,,,
5780,2015,1,1,4,NK,906,N632NK,PHX,DEN,1237,1303,26,12,1315,104,96,80,602,1435,4,1421,1439,18,0,0,,18,0,0,0,0
5781,2015,1,1,4,OO,6264,N567SW,SFO,FAT,1237,1256,19,14,1310,61,51,35,158,1345,2,1338,1347,9,0,0,,,,,,
5782,2015,1,1,4,OO,5502,N738SK,DEN,OMA,1237,1506,149,19,1525,85,80,57,472,1722,4,1502,1726,144,0,0,,0,0,0,144,0
5788,2015,1,1,4,NK,394,N530NK,LAS,PHL,1239,1231,-8,15,1246,275,266,238,2176,1944,13,2014,1957,-17,0,0,,,,,,
5791,2015,1,1,4,OO,5658,N494CA,DEN,COS,1240,1254,14,19,1313,42,51,24,73,1337,8,1322,1345,23,0,0,,9,0,10,4,0
5794,2015,1,1,4,WN,3739,N780SW,ATL,SAN,1240,1236,-4,12,1248,305,288,273,1892,1421,3,1445,1424,-21,0,0,,,,,,
5802,2015,1,1,4,WN,1122,N947WN,DEN,OKC,1240,1241,1,7,1248,85,78,68,495,1456,3,1505,1459,-6,0,0,,,,,,
5804,2015,1,1,4,WN,573,N390SW,LAX,DEN,1240,1301,21,14,1315,135,148,127,862,1622,7,1555,1629,34,0,0,,13,0,13,8,0
5808,2015,1,1,4,WN,884,N8625A,PHX,DEN,1240,1254,14,10,1304,115,94,79,602,1423,5,1435,1428,-7,0,0,,,,,,
5809,2015,1,1,4,WN,3918,N364SW,PHX,MSP,1240,1251,11,10,1301,185,166,150,1276,1631,6,1645,1637,-8,0,0,,,,,,
5816,2015,1,1,4,US,473,N539UW,LAS,PHX,1240,1236,-4,15,1251,67,67,47,255,1438,5,1447,1443,-4,0,0,,,,,,
5818,2015,1,1,4,AA,294,N4YDAA,DFW,ORF,1240,1255,15,14,1309,165,153,136,1212,1625,3,1625,1628,3,0,0,,,,,,
5820,2015,1,1,4,DL,393,N937AT,ORD,ATL,1240,1241,1,11,1252,120,101,85,606,1517,5,1540,1522,-18,0,0,,,,,,
5821,2015,1,1,4,DL,2191,N940DN,ATL,TPA,1240,1236,-4,14,1250,85,79,61,406,1351,4,1405,1355,-10,0,0,,,,,,
5826,2015,1,1,4,EV,5146,N133EV,ATL,HPN,1240,1235,-5,14,1249,131,124,106,780,1435,4,1451,1439,-12,0,0,,,,,,
5827,2015,1,1,4,EV,5995,N16151,ORD,LNK,1240,1244,4,17,1301,105,104,84,466,1425,3,1425,1428,3,0,0,,,,,,
5829,2015,1,1,4,MQ,2964,N646MQ,DFW,GRR,1240,1241,1,48,1329,138,165,111,931,1620,6,1558,1626,28,0,0,,28,0,0,0,0
5830,2015,1,1,4,MQ,2988,N836MQ,DFW,COU,1240,,,,,88,,,489,,,1408,,,0,1,B,,,,,
5832,2015,1,1,4,MQ,3584,N928MQ,DFW,SPS,1240,,,,,48,,,113,,,1328,,,0,1,B,,,,,
5834,2015,1,1,4,OO,4485,N554CA,DFW,SLC,1240,1239,-1,14,1253,170,148,130,989,1403,4,1430,1407,-23,0,0,,,,,,
5835,2015,1,1,4,OO,4535,N693CA,LAX,LAS,1240,1237,-3,15,1252,74,71,42,236,1334,14,1354,1348,-6,0,0,,,,,,
5838,2015,1,1,4,OO,6394,N824AS,DEN,DSM,1241,1319,38,17,1336,98,95,72,589,1548,6,1519,1554,35,0,0,,0,0,0,35,0
5839,2015,1,1,4,UA,719,N855UA,ORD,DFW,1242,1408,86,13,1421,160,150,130,802,1631,7,1522,1638,76,0,0,,0,0,76,0,0
5840,2015,1,1,4,UA,1234,N14250,DEN,MCO,1242,1355,73,14,1409,207,204,184,1546,1913,6,1809,1919,70,0,0,,0,0,25,45,0
5842,2015,1,1,4,DL,1423,N332NW,ATL,STL,1242,1240,-2,13,1253,107,96,80,484,1313,3,1329,1316,-13,0,0,,,,,,
5845,2015,1,1,4,OO,6421,N507CA,SFO,BUR,1242,1232,-10,12,1244,72,70,54,326,1338,4,1354,1342,-12,0,0,,,,,,
5846,2015,1,1,4,OO,5459,N295SW,SFO,RDD,1243,1239,-4,11,1250,67,59,45,199,1335,3,1350,1338,-12,0,0,,,,,,
5851,2015,1,1,4,UA,754,N434UA,DEN,LGA,1245,1314,29,12,1326,224,187,170,1620,1816,5,1829,1821,-8,0,0,,,,,,
5857,2015,1,1,4,WN,699,N635SW,DEN,DTW,1245,1306,21,13,1319,160,143,126,1123,1725,4,1725,1729,4,0,0,,,,,,
5859,2015,1,1,4,WN,954,N918WN,LAS,DEN,1245,1326,41,13,1339,115,106,87,628,1606,6,1540,1612,32,0,0,,0,0,27,5,0
5865,2015,1,1,4,WN,1425,N916WN,ATL,BDL,1245,1246,1,9,1255,135,121,109,859,1444,3,1500,1447,-13,0,0,,,,,,
5866,2015,1,1,4,WN,3492,N286WN,PHX,OKC,1245,1334,49,16,1350,125,118,99,833,1629,3,1550,1632,42,0,0,,0,0,0,42,0
5872,2015,1,1,4,US,562,N652AW,LAX,PHX,1245,1259,14,18,1317,81,83,56,370,1513,9,1506,1522,16,0,0,,2,0,6,8,0
5873,2015,1,1,4,AA,16,N783AA,SFO,JFK,1245,1316,31,18,1334,330,333,305,2586,2139,10,2115,2149,34,0,0,,3,0,0,31,0
5874,2015,1,1,4,AA,202,N3LHAA,LAX,BOS,1245,1245,0,15,1300,315,296,275,2611,2035,6,2100,2041,-19,0,0,,,,,,
5875,2015,1,1,4,AA,1596,N3DLAA,DFW,SNA,1245,1256,11,9,1305,195,177,164,1205,1349,4,1400,1353,-7,0,0,,,,,,
5876,2015,1,1,4,AA,2304,N499AA,DFW,TUS,1245,1246,1,16,1302,145,147,127,813,1409,4,1410,1413,3,0,0,,,,,,
5877,2015,1,1,4,AA,2361,N3FAAA,ORD,DCA,1245,1239,-6,9,1248,100,98,80,612,1508,9,1525,1517,-8,0,0,,,,,,
5879,2015,1,1,4,AA,2423,N491AA,DFW,CMH,1245,1241,-4,10,1251,140,121,106,926,1537,5,1605,1542,-23,0,0,,,,,,
5884,2015,1,1,4,B6,324,N929JB,LAX,JFK,1245,1240,-5,13,1253,317,322,297,2475,2050,12,2102,2102,0,0,0,,,,,,
5890,2015,1,1,4,DL,1486,N995DL,ATL,LGA,1245,1242,-3,12,1254,134,125,105,762,1439,8,1459,1447,-12,0,0,,,,,,
5891,2015,1,1,4,DL,1771,N927AT,ATL,MEM,1245,1243,-2,12,1255,84,73,57,332,1252,4,1309,1256,-13,0,0,,,,,,
5896,2015,1,1,4,F9,370,N905FR,DEN,PHF,1245,1237,-8,13,1250,192,179,161,1533,1731,5,1757,1736,-21,0,0,,,,,,
5900,2015,1,1,4,MQ,3130,N647MQ,DFW,JAN,1245,1311,26,21,1332,73,86,62,408,1434,3,1358,1437,39,0,0,,13,0,26,0,0
5901,2015,1,1,4,MQ,3132,N853MQ,ORD,DTW,1245,1247,2,15,1302,73,70,46,235,1448,9,1458,1457,-1,0,0,,,,,,
5908,2015,1,1,4,OO,5386,N290SW,SFO,SBP,1245,1242,-3,13,1255,69,62,45,190,1340,4,1354,1344,-10,0,0,,,,,,
5911,2015,1,1,4,OO,4999,N770SK,LAX,HDN,1245,1244,-1,17,1301,133,128,107,763,1548,4,1558,1552,-6,0,0,,,,,,
5916,2015,1,1,4,OO,5513,N702SK,LAX,ICT,1247,1324,37,14,1338,168,195,144,1203,1802,37,1735,1839,64,0,0,,27,0,37,0,0
5917,2015,1,1,4,UA,497,N476UA,SFO,SAN,1248,1334,46,16,1350,92,88,69,447,1459,3,1420,1502,42,0,0,,0,0,7,35,0
5922,2015,1,1,4,UA,1667,N76502,DEN,EWR,1249,1330,41,11,1341,221,197,172,1605,1833,14,1830,1847,17,0,0,,0,0,17,0,0
5925,2015,1,1,4,UA,795,N487UA,DEN,IAD,1250,1256,6,11,1307,191,171,153,1452,1740,7,1801,1747,-14,0,0,,,,,,
5926,2015,1,1,4,UA,820,N529UA,SFO,ORD,1250,1440,110,20,1500,250,270,235,1846,2055,15,1900,2110,130,0,0,,20,0,11,99,0
5931,2015,1,1,4,WN,1190,N919WN,DEN,SEA,1250,1307,17,8,1315,175,151,137,1024,1432,6,1445,1438,-7,0,0,,,,,,
5932,2015,1,1,4,WN,1201,N703SW,LAS,DSM,1250,1353,63,12,1405,170,166,145,1216,1830,9,1740,1839,59,0,0,,0,0,32,27,0
5933,2015,1,1,4,WN,657,N766SW,LAS,DTW,1250,1329,39,12,1341,240,220,199,1749,2000,9,1950,2009,19,0,0,,0,0,15,4,0
5934,2015,1,1,4,WN,367,N366SW,LAS,ONT,1250,1304,14,11,1315,55,47,32,197,1347,4,1345,1351,6,0,0,,,,,,
5935,2015,1,1,4,WN,3486,N741SA,LAS,RNO,1250,1323,33,12,1335,80,77,60,345,1435,5,1410,1440,30,0,0,,0,0,0,30,0
5941,2015,1,1,4,WN,1098,N655WN,SFO,LAX,1250,1249,-1,10,1259,80,91,54,337,1353,27,1410,1420,10,0,0,,,,,,
5943,2015,1,1,4,WN,677,N363SW,PHX,AUS,1250,1312,22,12,1324,130,130,113,872,1617,5,1600,1622,22,0,0,,0,0,0,22,0
5944,2015,1,1,4,WN,442,N759GS,PHX,DAL,1250,1310,20,12,1322,130,132,116,879,1618,4,1600,1622,22,0,0,,2,0,15,5,0
5945,2015,1,1,4,UA,1423,N16713,IAH,DCA,1250,1309,19,14,1323,173,150,132,1208,1635,4,1643,1639,-4,0,0,,,,,,
5946,2015,1,1,4,UA,1467,N69819,IAH,ORD,1250,1329,39,10,1339,162,132,109,925,1528,13,1532,1541,9,0,0,,,,,,
5947,2015,1,1,4,UA,1523,N68817,SFO,PHX,1250,1256,6,14,1310,122,114,95,651,1545,5,1552,1550,-2,0,0,,,,,,
5948,2015,1,1,4,UA,1665,N37465,LAX,CLE,1250,1256,6,15,1311,270,245,224,2052,1955,6,2020,2001,-19,0,0,,,,,,
5950,2015,1,1,4,AA,124,N7BEAA,LAX,MIA,1250,1305,15,17,1322,285,277,256,2342,2038,4,2035,2042,7,0,0,,,,,,
5951,2015,1,1,4,AA,189,N570AA,DFW,SJC,1250,1335,45,20,1355,220,215,192,1438,1507,3,1430,1510,40,0,0,,0,0,24,16,0
5952,2015,1,1,4,AA,1071,N4YTAA,DFW,HOU,1250,1249,-1,13,1302,65,65,49,247,1351,3,1355,1354,-1,0,0,,,,,,
5955,2015,1,1,4,AA,1187,N3FRAA,DFW,BDL,1250,1249,-1,14,1303,195,180,162,1471,1645,4,1705,1649,-16,0,0,,,,,,
5957,2015,1,1,4,AA,1685,N558AA,ORD,MCO,1250,1244,-6,10,1254,155,141,126,1005,1600,5,1625,1605,-20,0,0,,,,,,
5958,2015,1,1,4,AA,1649,N3DXAA,DFW,CLT,1250,1300,10,17,1317,140,127,104,936,1601,6,1610,1607,-3,0,0,,,,,,
5959,2015,1,1,4,AA,2297,N483AA,DFW,AUS,1250,1250,0,28,1318,55,80,46,190,1404,6,1345,1410,25,0,0,,25,0,0,0,0
5960,2015,1,1,4,AA,2431,N424AA,DFW,MSP,1250,1254,4,14,1308,140,128,107,852,1455,7,1510,1502,-8,0,0,,,,,,
5965,2015,1,1,4,AA,975,N559AA,DFW,MSY,1250,1414,84,13,1427,80,79,64,447,1531,2,1410,1533,83,0,0,,0,0,0,83,0
5969,2015,1,1,4,EV,2570,N876AS,DFW,MEI,1250,1304,14,15,1319,85,82,64,485,1423,3,1415,1426,11,0,0,,,,,,
5970,2015,1,1,4,EV,4097,N22971,IAH,BNA,1250,1255,5,14,1309,113,106,85,657,1434,7,1443,1441,-2,0,0,,,,,,
5971,2015,1,1,4,EV,4267,N13970,IAH,BHM,1250,1244,-6,13,1257,100,95,71,562,1408,11,1430,1419,-11,0,0,,,,,,
5972,2015,1,1,4,EV,4671,N13978,IAH,DFW,1250,1246,-4,6,1252,73,54,40,224,1332,8,1403,1340,-23,0,0,,,,,,
5973,2015,1,1,4,EV,4604,N13123,IAH,RIC,1250,1249,-1,16,1305,164,166,145,1157,1630,5,1634,1635,1,0,0,,,,,,
5974,2015,1,1,4,EV,4607,N15555,IAH,XNA,1250,1315,25,19,1334,91,94,71,438,1445,4,1421,1449,28,0,0,,22,0,3,3,0
5975,2015,1,1,4,EV,4609,N17524,IAH,LCH,1250,1247,-3,15,1302,50,46,26,127,1328,5,1340,1333,-7,0,0,,,,,,
5976,2015,1,1,4,EV,4619,N12567,IAH,CLT,1250,1252,2,14,1306,143,130,110,912,1556,6,1613,1602,-11,0,0,,,,,,
5977,2015,1,1,4,EV,4592,N14907,IAH,VPS,1250,1247,-3,12,1259,92,87,71,528,1410,4,1422,1414,-8,0,0,,,,,,
5978,2015,1,1,4,EV,4728,N15527,IAH,CLL,1250,1247,-3,15,1302,49,41,21,74,1323,5,1339,1328,-11,0,0,,,,,,
5979,2015,1,1,4,EV,5664,N14993,IAH,BTR,1250,1250,0,17,1307,61,62,41,253,1348,4,1351,1352,1,0,0,,,,,,
5980,2015,1,1,4,F9,1343,N227FR,ORD,IAD,1250,1356,66,27,1423,110,104,71,589,1634,6,1540,1640,60,0,0,,0,0,0,60,0
5982,2015,1,1,4,F9,405,N941FR,DEN,LAX,1250,1314,24,13,1327,142,131,106,862,1413,12,1412,1425,13,0,0,,,,,,
5985,2015,1,1,4,MQ,2752,N0EGMQ,ORD,GRR,1250,1246,-4,17,1303,53,49,27,137,1430,5,1443,1435,-8,0,0,,,,,,
5987,2015,1,1,4,MQ,3232,N677MQ,DFW,AMA,1250,,,,,68,,,312,,,1358,,,0,1,B,,,,,
5988,2015,1,1,4,EV,5802,N28529,IAH,TYR,1250,1250,0,11,1301,63,51,33,163,1334,7,1353,1341,-12,0,0,,,,,,
5989,2015,1,1,4,OO,6286,N939SW,SFO,RNO,1250,1243,-7,14,1257,61,52,34,192,1331,4,1351,1335,-16,0,0,,,,,,
5990,2015,1,1,4,OO,5237,N779SK,IAH,ELP,1250,1320,30,23,1343,120,124,97,667,1420,4,1350,1424,34,0,0,,4,0,0,30,0
5991,2015,1,1,4,UA,264,N839UA,PHX,DEN,1251,1248,-3,10,1258,109,97,80,602,1418,7,1440,1425,-15,0,0,,,,,,
5992,2015,1,1,4,UA,756,N491UA,IAH,TPA,1251,1301,10,16,1317,124,116,95,787,1552,5,1555,1557,2,0,0,,,,,,
5994,2015,1,1,4,EV,4562,N13913,IAH,OMA,1251,1243,-8,16,1259,132,121,100,781,1439,5,1503,1444,-19,0,0,,,,,,
5995,2015,1,1,4,OO,4789,N812SK,LAS,SEA,1251,1300,9,16,1316,159,142,122,867,1518,4,1530,1522,-8,0,0,,,,,,
5996,2015,1,1,4,UA,1431,N75851,LAX,HNL,1252,1310,18,16,1326,347,357,327,2556,1653,14,1639,1707,28,0,0,,10,0,18,0,0
6001,2015,1,1,4,OO,5336,N983SW,SFO,ONT,1252,1251,-1,6,1257,78,68,57,363,1354,5,1410,1359,-11,0,0,,,,,,
6004,2015,1,1,4,UA,1749,N77510,IAH,SFO,1253,1256,3,10,1306,254,232,216,1635,1442,6,1507,1448,-19,0,0,,,,,,
6007,2015,1,1,4,EV,4973,N856AS,ATL,GTR,1253,1251,-2,9,1300,68,58,46,241,1246,3,1301,1249,-12,0,0,,,,,,
6010,2015,1,1,4,EV,3266,N17169,ORD,MEM,1254,1248,-6,13,1301,113,110,89,491,1430,8,1447,1438,-9,0,0,,,,,,
6012,2015,1,1,4,OO,5449,N564SW,DEN,RKS,1254,1300,6,14,1314,88,69,50,260,1404,5,1422,1409,-13,0,0,,,,,,
6013,2015,1,1,4,UA,233,N425UA,LAX,IAH,1255,1255,0,13,1308,197,210,167,1379,1755,30,1812,1825,13,0,0,,,,,,
6014,2015,1,1,4,UA,234,N852UA,IAH,PHL,1255,1255,0,19,1314,198,181,156,1325,1650,6,1713,1656,-17,0,0,,,,,,
6015,2015,1,1,4,US,685,N762US,ATL,PHL,1255,1250,-5,13,1303,118,114,93,666,1436,8,1453,1444,-9,0,0,,,,,,
6017,2015,1,1,4,VX,166,N632VA,LAX,EWR,1255,1304,9,11,1315,320,291,269,2454,2044,11,2115,2055,-20,0,0,,,,,,
6018,2015,1,1,4,WN,1370,N967WN,ATL,MDW,1255,1249,-6,10,1259,120,108,93,591,1332,5,1355,1337,-18,0,0,,,,,,
6021,2015,1,1,4,WN,144,N416WN,DEN,MCI,1255,1301,6,9,1310,90,80,67,533,1517,4,1525,1521,-4,0,0,,,,,,
6027,2015,1,1,4,WN,253,N428WN,PHX,LAX,1255,1253,-2,15,1308,85,84,59,370,1307,10,1320,1317,-3,0,0,,,,,,
6036,2015,1,1,4,AA,198,N3ELAA,ORD,JFK,1255,1252,-3,12,1304,130,112,95,740,1539,5,1605,1544,-21,0,0,,,,,,
6040,2015,1,1,4,AA,2425,N850AA,LAX,DFW,1255,1318,23,18,1336,185,185,150,1235,1806,17,1800,1823,23,0,0,,0,0,23,0,0
6041,2015,1,1,4,AS,381,N760AS,SFO,PDX,1255,1251,-4,12,1303,98,96,81,550,1424,3,1433,1427,-6,0,0,,,,,,
6045,2015,1,1,4,DL,920,N712TW,LAX,JFK,1255,1253,-2,14,1307,320,302,278,2475,2045,10,2115,2055,-20,0,0,,,,,,
6049,2015,1,1,4,EV,4481,N13914,IAH,PNS,1255,1250,-5,11,1301,87,81,64,489,1405,6,1422,1411,-11,0,0,,,,,,
6050,2015,1,1,4,EV,4465,N16149,IAH,CRW,1255,1250,-5,16,1306,140,137,111,975,1557,10,1615,1607,-8,0,0,,,,,,
6054,2015,1,1,4,OO,2580,N866AS,LAX,SAN,1255,1246,-9,16,1302,50,44,24,109,1326,4,1345,1330,-15,0,0,,,,,,
6057,2015,1,1,4,OO,5405,N951SW,LAX,SBA,1255,1318,23,15,1333,46,40,21,89,1354,4,1341,1358,17,0,0,,0,0,0,17,0
6060,2015,1,1,4,MQ,3683,N935MQ,DFW,LRD,1255,,,,,83,,,396,,,1418,,,0,1,B,,,,,
6066,2015,1,1,4,EV,4127,N13550,IAH,LIT,1257,1259,2,22,1321,83,85,59,374,1420,4,1420,1424,4,0,0,,,,,,
6067,2015,1,1,4,EV,4263,N19966,IAH,MKE,1257,1301,4,15,1316,161,153,129,984,1525,9,1538,1534,-4,0,0,,,,,,
6068,2015,1,1,4,EV,5663,N14558,IAH,LEX,1257,1256,-1,14,1310,134,121,101,828,1551,6,1611,1557,-14,0,0,,,,,,
6069,2015,1,1,4,OO,6246,N560SW,LAX,FAT,1257,1311,14,24,1335,74,78,51,209,1426,3,1411,1429,18,0,0,,4,0,0,14,0
6070,2015,1,1,4,OO,6247,N103SY,ORD,SLC,1257,1329,32,25,1354,223,209,176,1250,1550,8,1540,1558,18,0,0,,0,0,0,18,0
6071,2015,1,1,4,OO,5510,N964SW,SFO,PSP,1257,1252,-5,20,1312,87,97,69,421,1421,8,1424,1429,5,0,0,,,,,,
6072,2015,1,1,4,OO,5397,N296SW,DEN,LAR,1257,1317,20,21,1338,53,50,25,113,1403,4,1350,1407,17,0,0,,0,0,8,9,0
6074,2015,1,1,4,EV,4611,N11539,IAH,TUL,1258,1252,-6,23,1315,86,93,65,429,1420,5,1424,1425,1,0,0,,,,,,
6077,2015,1,1,4,OO,5251,N715SK,IAH,MEM,1258,1434,96,18,1452,92,86,61,468,1553,7,1430,1600,90,0,0,,0,0,90,0,0
6080,2015,1,1,4,UA,737,N427UA,IAH,DEN,1259,1259,0,14,1313,150,135,114,862,1407,7,1429,1414,-15,0,0,,,,,,
6081,2015,1,1,4,UA,1238,N73406,IAH,FLL,1259,1333,34,15,1348,146,134,115,965,1643,4,1625,1647,22,0,0,,0,0,22,0,0
6082,2015,1,1,4,UA,1634,N66825,IAH,BOS,1259,1304,5,15,1319,218,194,174,1597,1713,5,1737,1718,-19,0,0,,,,,,
6084,2015,1,1,4,DL,1820,N343NB,ATL,BOS,1259,1254,-5,12,1306,150,137,119,946,1505,6,1529,1511,-18,0,0,,,,,,
6085,2015,1,1,4,EV,4677,N12160,IAH,SDF,1259,1255,-4,23,1318,131,122,94,788,1552,5,1610,1557,-13,0,0,,,,,,
6087,2015,1,1,4,UA,315,N422UA,IAH,ATL,1300,1308,8,13,1321,120,107,87,689,1548,7,1600,1555,-5,0,0,,,,,,
6088,2015,1,1,4,UA,373,N820UA,IAH,IAD,1300,1333,33,21,1354,176,157,130,1190,1704,6,1656,1710,14,0,0,,,,,,
6093,2015,1,1,4,UA,682,N402UA,ORD,LGA,1300,1311,11,20,1331,133,112,88,733,1559,4,1613,1603,-10,0,0,,,,,,
6096,2015,1,1,4,WN,4966,N952WN,ATL,PIT,1300,1258,-2,10,1308,100,87,71,526,1419,6,1440,1425,-15,0,0,,,,,,
6100,2015,1,1,4,WN,568,N476WN,DEN,BOI,1300,1252,-8,13,1305,115,106,91,649,1436,2,1455,1438,-17,0,0,,,,,,
6101,2015,1,1,4,WN,1451,N8620H,DEN,MDW,1300,1310,10,10,1320,140,124,109,895,1609,5,1620,1614,-6,0,0,,,,,,
6103,2015,1,1,4,WN,163,N432WN,LAS,BHM,1300,1314,14,10,1324,205,197,182,1618,1826,5,1825,1831,6,0,0,,,,,,
6104,2015,1,1,4,WN,2070,N7740A,LAS,LAX,1300,1259,-1,14,1313,70,64,41,236,1354,9,1410,1403,-7,0,0,,,,,,
6105,2015,1,1,4,WN,238,N7747C,LAS,SEA,1300,1312,12,11,1323,155,151,129,867,1532,11,1535,1543,8,0,0,,,,,,
6106,2015,1,1,4,WN,2571,N773SA,LAX,MDW,1300,1314,14,7,1321,235,222,211,1750,1852,4,1855,1856,1,0,0,,,,,,
6114,2015,1,1,4,UA,1148,N57863,SFO,IAD,1300,1310,10,17,1327,299,292,264,2419,2051,11,2059,2102,3,0,0,,,,,,
6115,2015,1,1,4,UA,1190,N87507,LAX,IAD,1300,1315,15,19,1334,297,281,255,2288,2049,7,2057,2056,-1,0,0,,,,,,
6116,2015,1,1,4,UA,1427,N73270,IAH,EWR,1300,1320,20,11,1331,209,180,157,1400,1708,12,1729,1720,-9,0,0,,,,,,
6121,2015,1,1,4,AA,277,N4YLAA,DFW,MCI,1300,1313,13,13,1326,90,80,64,460,1430,3,1430,1433,3,0,0,,,,,,
6122,2015,1,1,4,AA,356,N006AA,DFW,ATL,1300,1256,-4,15,1311,120,113,94,731,1545,4,1600,1549,-11,0,0,,,,,,
6123,2015,1,1,4,AA,1065,N3GMAA,ORD,BOS,1300,1313,13,15,1328,135,120,100,867,1608,5,1615,1613,-2,0,0,,,,,,
6124,2015,1,1,4,AA,1095,N4YUAA,DFW,ONT,1300,1305,5,15,1320,190,180,161,1188,1401,4,1410,1405,-5,0,0,,,,,,
6125,2015,1,1,4,AA,1180,N635AA,DFW,SJU,1300,1648,228,23,1711,270,268,240,2165,2311,5,1930,2316,226,0,0,,0,0,27,199,0
6128,2015,1,1,4,AA,1151,N508AA,DFW,DEN,1300,1258,-2,14,1312,125,117,90,641,1342,13,1405,1355,-10,0,0,,,,,,
6129,2015,1,1,4,AA,1679,N3KNAA,ORD,TPA,1300,1310,10,13,1323,150,145,128,1012,1631,4,1630,1635,5,0,0,,,,,,
6131,2015,1,1,4,AA,2360,N012AA,DFW,GUC,1300,1257,-3,15,1312,130,124,103,678,1355,6,1410,1401,-9,0,0,,,,,,
6132,2015,1,1,4,AS,305,N453AS,SFO,SEA,1300,1301,1,19,1320,123,118,94,679,1454,5,1503,1459,-4,0,0,,,,,,
6134,2015,1,1,4,AS,465,N553AS,LAX,SEA,1300,1422,82,23,1445,154,168,140,954,1705,5,1534,1710,96,0,0,,14,0,0,82,0
6135,2015,1,1,4,AS,605,N513AS,LAS,SEA,1300,1300,0,14,1314,155,147,128,867,1522,5,1535,1527,-8,0,0,,,,,,
6142,2015,1,1,4,DL,2329,N355NW,ATL,SEA,1300,1259,-1,10,1309,332,323,306,2182,1515,7,1532,1522,-10,0,0,,,,,,
6146,2015,1,1,4,DL,1826,N585NW,ATL,FLL,1300,1308,8,15,1323,112,97,79,581,1442,3,1452,1445,-7,0,0,,,,,,
6147,2015,1,1,4,EV,2546,N830AS,DFW,CRW,1300,1259,-1,16,1315,130,128,109,946,1604,3,1610,1607,-3,0,0,,,,,,
6156,2015,1,1,4,MQ,2822,N537MQ,DFW,ASE,1300,1323,23,14,1337,123,122,106,701,1423,2,1403,1425,22,0,0,,0,0,0,17,5
6158,2015,1,1,4,MQ,3245,N1EAMQ,DFW,DSM,1300,1338,38,19,1357,103,94,71,624,1508,4,1443,1512,29,0,0,,0,0,29,0,0
6159,2015,1,1,4,MQ,3450,N922MQ,DFW,MAF,1300,,,,,68,,,309,,,1408,,,0,1,B,,,,,
6162,2015,1,1,4,OO,6273,N756SK,SFO,SLC,1300,1308,8,21,1329,105,113,89,599,1558,3,1545,1601,16,0,0,,8,0,8,0,0
6163,2015,1,1,4,OO,6287,N237SW,SFO,SBA,1300,1252,-8,13,1305,83,73,58,262,1403,2,1423,1405,-18,0,0,,,,,,
6164,2015,1,1,4,OO,4475,N427SW,MSP,ISN,1300,1257,-3,12,1309,124,120,101,546,1450,7,1504,1457,-7,0,0,,,,,,
6165,2015,1,1,4,OO,4479,N817SK,DEN,SLC,1300,1529,149,12,1541,90,67,52,391,1633,3,1430,1636,126,0,0,,0,0,0,126,0
6167,2015,1,1,4,OO,5221,N797SK,IAH,GRR,1300,1308,8,27,1335,150,159,125,1042,1640,7,1630,1647,17,0,0,,9,0,0,8,0
6169,2015,1,1,4,OO,6335,N578SW,LAX,SAN,1300,1402,62,9,1411,54,38,27,109,1438,2,1354,1440,46,0,0,,0,0,46,0,0
6170,2015,1,1,4,MQ,3686,N506MQ,ORD,BNA,1300,1319,19,13,1332,83,71,54,409,1426,4,1423,1430,7,0,0,,,,,,
6172,2015,1,1,4,UA,867,N587UA,LAX,JFK,1302,1302,0,17,1319,313,334,295,2475,2114,22,2115,2136,21,0,0,,21,0,0,0,0
6174,2015,1,1,4,UA,1511,N27733,IAH,LGA,1302,1303,1,13,1316,207,183,163,1416,1659,7,1729,1706,-23,0,0,,,,,,
6175,2015,1,1,4,EV,4212,N14923,IAH,TYS,1302,1323,21,19,1342,119,121,99,771,1621,3,1601,1624,23,0,0,,2,0,21,0,0
6178,2015,1,1,4,UA,1193,N69816,LAS,IAH,1303,1326,23,18,1344,182,172,146,1222,1810,8,1805,1818,13,0,0,,,,,,
6181,2015,1,1,4,UA,1185,N68805,IAH,SAN,1304,1305,1,18,1323,209,197,176,1303,1419,3,1433,1422,-11,0,0,,,,,,
6182,2015,1,1,4,UA,1671,N68453,IAH,MIA,1304,1317,13,12,1329,142,128,113,964,1622,3,1626,1625,-1,0,0,,,,,,
6183,2015,1,1,4,DL,1743,N960AT,ATL,ECP,1304,1302,-2,11,1313,66,60,46,240,1259,3,1310,1302,-8,0,0,,,,,,
6184,2015,1,1,4,EV,4362,N24103,IAH,MSP,1304,1302,-2,18,1320,170,163,128,1034,1528,17,1554,1545,-9,0,0,,,,,,
6188,2015,1,1,4,US,750,N555AY,DFW,PHL,1305,1259,-6,22,1321,189,181,154,1303,1655,5,1714,1700,-14,0,0,,,,,,
6195,2015,1,1,4,WN,340,N460WN,DEN,LAS,1305,1305,0,12,1317,110,104,85,628,1342,7,1355,1349,-6,0,0,,,,,,
6197,2015,1,1,4,WN,1747,N489WN,LAS,SJC,1305,1436,91,11,1447,85,71,57,386,1544,3,1430,1547,77,0,0,,0,0,71,6,0
6203,2015,1,1,4,UA,1161,N34222,SFO,CLE,1305,1301,-4,13,1314,280,261,243,2161,2017,5,2045,2022,-23,0,0,,,,,,
6205,2015,1,1,4,AA,5,N376AA,DFW,HNL,1305,1754,289,21,1815,515,526,499,3784,2234,6,1740,2240,300,0,0,,11,0,197,92,0
6206,2015,1,1,4,AA,302,N3CMAA,DEN,ORD,1305,1309,4,25,1334,145,148,107,888,1621,16,1630,1637,7,0,0,,,,,,
6207,2015,1,1,4,AA,333,N4YMAA,DFW,MFE,1305,1302,-3,23,1325,95,106,80,469,1445,3,1440,1448,8,0,0,,,,,,
6208,2015,1,1,4,AA,1129,N503AA,DFW,IND,1305,1358,53,11,1409,120,105,89,761,1638,5,1605,1643,38,0,0,,0,0,19,19,0
6211,2015,1,1,4,AA,1690,N578AA,DFW,IAH,1305,1303,-2,12,1315,65,75,44,224,1359,19,1410,1418,8,0,0,,,,,,
6213,2015,1,1,4,AA,2262,N4XVAA,DFW,BNA,1305,1303,-2,10,1313,100,94,78,631,1431,6,1445,1437,-8,0,0,,,,,,
6214,2015,1,1,4,AA,2437,N5BTAA,DFW,LAX,1305,1321,16,13,1334,200,188,167,1235,1421,8,1425,1429,4,0,0,,,,,,
6215,2015,1,1,4,AA,2399,N3ACAA,DFW,PBI,1305,1306,1,15,1321,155,155,136,1102,1637,4,1640,1641,1,0,0,,,,,,
6216,2015,1,1,4,AS,6,N565AS,LAX,DCA,1305,1255,-10,23,1318,290,286,259,2311,2037,4,2055,2041,-14,0,0,,,,,,
6220,2015,1,1,4,DL,795,N364NB,MSP,GRR,1305,1302,-3,9,1311,78,67,55,408,1506,3,1523,1509,-14,0,0,,,,,,
6221,2015,1,1,4,DL,848,N3739P,MSP,BOS,1305,1312,7,17,1329,162,142,117,1124,1626,8,1647,1634,-13,0,0,,,,,,
6222,2015,1,1,4,DL,2168,N689DL,LAX,MSP,1305,1314,9,13,1327,215,204,187,1535,1834,4,1840,1838,-2,0,0,,,,,,
6223,2015,1,1,4,DL,2254,N6709,SFO,DTW,1305,1303,-2,19,1322,270,265,239,2079,2021,7,2035,2028,-7,0,0,,,,,,
6224,2015,1,1,4,DL,2342,N916DN,ATL,JAX,1305,1314,9,11,1325,67,56,40,270,1405,5,1412,1410,-2,0,0,,,,,,
6225,2015,1,1,4,DL,2377,N318NB,MSP,STL,1305,1303,-2,9,1312,89,76,62,448,1414,5,1434,1419,-15,0,0,,,,,,
6226,2015,1,1,4,DL,1484,N956DL,MSP,MCO,1305,1315,10,10,1325,196,179,159,1310,1704,10,1721,1714,-7,0,0,,,,,,
6231,2015,1,1,4,MQ,2851,N645MQ,DFW,VPS,1305,1341,36,18,1359,108,107,85,641,1524,4,1453,1528,35,0,0,,0,0,35,0,0
6233,2015,1,1,4,MQ,2941,N621MQ,ORD,DAY,1305,1259,-6,8,1307,63,50,39,240,1446,3,1508,1449,-19,0,0,,,,,,
6238,2015,1,1,4,OO,2621,N862AS,LAX,SJC,1305,1256,-9,34,1330,70,87,49,308,1419,4,1415,1423,8,0,0,,,,,,
6241,2015,1,1,4,OO,5269,N751SK,IAH,CVG,1305,1307,2,19,1326,133,128,104,871,1610,5,1618,1615,-3,0,0,,,,,,
6244,2015,1,1,4,UA,342,N841UA,IAH,MSY,1306,1306,0,15,1321,70,61,43,305,1404,3,1416,1407,-9,0,0,,,,,,
6248,2015,1,1,4,OO,5256,N783SK,IAH,PIT,1307,1306,-1,26,1332,161,158,127,1117,1639,5,1648,1644,-4,0,0,,,,,,
6249,2015,1,1,4,UA,1117,N41135,LAX,EWR,1308,1423,75,12,1435,322,284,260,2454,2155,12,2130,2207,37,0,0,,0,0,37,0,0
6250,2015,1,1,4,DL,114,N136DL,DEN,ATL,1308,1305,-3,12,1317,167,155,137,1199,1734,6,1755,1740,-15,0,0,,,,,,
6251,2015,1,1,4,OO,4992,N979SW,ORD,SBN,1308,1303,-5,23,1326,46,49,22,84,1448,4,1454,1452,-2,0,0,,,,,,
6255,2015,1,1,4,EV,4105,N27190,IAH,ORF,1309,1306,-3,18,1324,170,162,138,1201,1642,6,1659,1648,-11,0,0,,,,,,
6258,2015,1,1,4,UA,230,N824UA,ORD,BUF,1310,1306,-4,16,1322,92,82,64,473,1526,2,1542,1528,-14,0,0,,,,,,
6259,2015,1,1,4,US,745,N971UY,PHX,CLT,1310,1314,4,16,1330,232,210,183,1773,1833,11,1902,1844,-18,0,0,,,,,,
6260,2015,1,1,4,US,776,N199UW,PHX,PHL,1310,1307,-3,19,1326,260,238,216,2075,1902,3,1930,1905,-25,0,0,,,,,,
6264,2015,1,1,4,UA,1004,N76515,ORD,LAX,1310,1322,12,19,1341,280,275,229,1744,1530,27,1550,1557,7,0,0,,,,,,
6274,2015,1,1,4,UA,1492,N33714,ORD,EWR,1310,1329,19,24,1353,138,116,83,719,1616,9,1628,1625,-3,0,0,,,,,,
6275,2015,1,1,4,US,471,N197UW,PHX,MSP,1310,1305,-5,12,1317,181,169,149,1276,1646,8,1711,1654,-17,0,0,,,,,,
6276,2015,1,1,4,AA,184,N3CPAA,SFO,DFW,1310,1413,63,15,1428,210,208,183,1464,1931,10,1840,1941,61,0,0,,0,0,0,61,0
6278,2015,1,1,4,AA,2267,N3JFAA,ORD,LAX,1310,1310,0,12,1322,270,257,238,1744,1520,7,1540,1527,-13,0,0,,,,,,
6281,2015,1,1,4,B6,1435,N805JB,SFO,LGB,1310,1333,23,14,1347,82,74,56,354,1443,4,1432,1447,15,0,0,,0,0,8,7,0
6282,2015,1,1,4,DL,1239,N993DL,DFW,ATL,1310,1310,0,14,1324,120,109,90,731,1554,5,1610,1559,-11,0,0,,,,,,
6283,2015,1,1,4,DL,2037,N377NW,MSP,BZN,1310,1308,-2,8,1316,154,137,125,874,1421,4,1444,1425,-19,0,0,,,,,,
6284,2015,1,1,4,DL,2375,N371NW,SFO,SLC,1310,1306,-4,18,1324,106,111,87,599,1551,6,1556,1557,1,0,0,,,,,,
6285,2015,1,1,4,DL,1512,N947DL,MSP,MKE,1310,1308,-2,9,1317,72,60,45,297,1402,6,1422,1408,-14,0,0,,,,,,
6286,2015,1,1,4,DL,1864,N953DL,MSP,DCA,1310,1307,-3,9,1316,140,121,108,931,1604,4,1630,1608,-22,0,0,,,,,,
6287,2015,1,1,4,EV,3936,N11536,ORD,LAN,1310,1306,-4,13,1319,56,47,29,179,1448,5,1506,1453,-13,0,0,,,,,,
6288,2015,1,1,4,EV,4242,N13969,ORD,CRW,1310,1305,-5,11,1316,89,72,55,416,1511,6,1539,1517,-22,0,0,,,,,,
6289,2015,1,1,4,EV,4464,N13958,ORD,ERI,1310,1309,-1,15,1324,88,74,53,398,1517,6,1538,1523,-15,0,0,,,,,,
6291,2015,1,1,4,EV,4753,N15973,ORD,DAY,1310,1315,5,25,1340,76,73,44,240,1524,4,1526,1528,2,0,0,,,,,,
6292,2015,1,1,4,F9,575,N919FR,DEN,SLC,1310,1306,-4,14,1320,82,75,56,391,1416,5,1432,1421,-11,0,0,,,,,,
6293,2015,1,1,4,F9,661,N954FR,DEN,SFO,1310,1307,-3,12,1319,153,135,113,967,1412,10,1443,1422,-21,0,0,,,,,,
6296,2015,1,1,4,MQ,2982,N819MQ,ORD,RIC,1310,1407,57,12,1419,113,95,78,642,1637,5,1603,1642,39,0,0,,0,0,28,11,0
6297,2015,1,1,4,MQ,3155,N630MQ,ORD,CMI,1310,1317,7,27,1344,43,56,24,135,1408,5,1353,1413,20,0,0,,13,0,7,0,0
6298,2015,1,1,4,MQ,3126,N636MQ,ORD,EVV,1310,1307,-3,16,1323,63,62,43,273,1406,3,1413,1409,-4,0,0,,,,,,
6299,2015,1,1,4,MQ,3182,N646MQ,DFW,FSM,1310,,,,,53,,,227,,,1403,,,0,1,B,,,,,
6302,2015,1,1,4,MQ,3698,N638MQ,ORD,GRB,1310,1325,15,21,1346,48,57,34,173,1420,2,1358,1422,24,0,0,,9,0,15,0,0
6303,2015,1,1,4,OO,5332,N958SW,ORD,PAH,1310,1306,-4,18,1324,80,79,56,342,1420,5,1430,1425,-5,0,0,,,,,,
6304,2015,1,1,4,OO,5455,N929EV,ORD,EAU,1310,1257,-13,15,1312,77,78,59,268,1411,4,1427,1415,-12,0,0,,,,,,
6311,2015,1,1,4,UA,1236,N77867,ORD,IAD,1311,1321,10,27,1348,118,101,69,589,1557,5,1609,1602,-7,0,0,,,,,,
6314,2015,1,1,4,OO,5353,N963SW,ORD,AVL,1311,1320,9,20,1340,104,96,72,536,1552,4,1555,1556,1,0,0,,,,,,
6315,2015,1,1,4,OO,5325,N927SW,ORD,DLH,1311,1310,-1,29,1339,94,105,70,397,1449,6,1445,1455,10,0,0,,,,,,
6316,2015,1,1,4,UA,416,N808UA,ORD,PIT,1312,1315,3,20,1335,91,81,56,413,1531,5,1543,1536,-7,0,0,,,,,,
6320,2015,1,1,4,UA,1233,N66814,ORD,BOS,1313,1311,-2,16,1327,137,114,93,867,1600,5,1630,1605,-25,0,0,,,,,,
6327,2015,1,1,4,UA,1606,N73445,ORD,SFO,1314,1326,12,24,1350,286,288,256,1846,1606,8,1600,1614,14,0,0,,,,,,
6329,2015,1,1,4,DL,550,N923DL,ORD,MSP,1314,1314,0,16,1330,96,90,71,334,1441,3,1450,1444,-6,0,0,,,,,,
6332,2015,1,1,4,EV,4637,N17138,ORD,BHM,1314,1313,-1,28,1341,108,119,83,584,1504,8,1502,1512,10,0,0,,,,,,
6334,2015,1,1,4,OO,5654,N563SW,SFO,MRY,1315,1308,-7,13,1321,46,43,26,77,1347,4,1401,1351,-10,0,0,,,,,,
6341,2015,1,1,4,US,2024,N535UW,PHX,DEN,1315,1318,3,18,1336,107,115,90,602,1506,7,1502,1513,11,0,0,,,,,,
6343,2015,1,1,4,WN,1636,N202WN,ATL,HOU,1315,1314,-1,12,1326,135,131,115,696,1421,4,1430,1425,-5,0,0,,,,,,
6348,2015,1,1,4,WN,12,N7737E,LAS,ABQ,1315,1313,-2,9,1322,85,84,64,486,1526,11,1540,1537,-3,0,0,,,,,,
6349,2015,1,1,4,WN,1019,N792SW,LAX,RNO,1315,1327,12,9,1336,80,80,66,391,1442,5,1435,1447,12,0,0,,,,,,
6352,2015,1,1,4,WN,1690,N412WN,PHX,SAN,1315,1312,-3,8,1320,65,62,50,304,1310,4,1320,1314,-6,0,0,,,,,,
6360,2015,1,1,4,UA,1477,N37408,ORD,FLL,1315,1312,-3,13,1325,190,172,149,1182,1654,10,1725,1704,-21,0,0,,,,,,
6361,2015,1,1,4,US,416,N832AW,PHX,STL,1315,1310,-5,17,1327,170,156,135,1262,1642,4,1705,1646,-19,0,0,,,,,,
6362,2015,1,1,4,AA,200,N564AA,DFW,SAT,1315,1326,11,13,1339,70,66,50,247,1429,3,1425,1432,7,0,0,,,,,,
6363,2015,1,1,4,AA,379,N5CEAA,DFW,SFO,1315,1338,23,22,1400,225,211,185,1464,1505,4,1500,1509,9,0,0,,,,,,
6366,2015,1,1,4,AA,1468,N858AA,LAS,DFW,1315,1317,2,16,1333,160,158,134,1055,1747,8,1755,1755,0,0,0,,,,,,
6369,2015,1,1,4,AA,2218,N547AA,DFW,COS,1315,1314,-1,30,1344,115,123,84,592,1408,9,1410,1417,7,0,0,,,,,,
6370,2015,1,1,4,AA,2290,N583AA,DFW,MCO,1315,1323,8,30,1353,145,161,124,985,1657,7,1640,1704,24,0,0,,16,0,0,8,0
6372,2015,1,1,4,AS,649,N519AS,LAS,BLI,1315,1305,-10,17,1322,165,154,133,954,1535,4,1600,1539,-21,0,0,,,,,,
6377,2015,1,1,4,DL,785,N384DA,MSP,ATL,1315,1310,-5,10,1320,150,128,115,907,1615,3,1645,1618,-27,0,0,,,,,,
6380,2015,1,1,4,DL,2237,N711ZX,MSP,SEA,1315,1311,-4,11,1322,226,226,195,1399,1437,20,1501,1457,-4,0,0,,,,,,
6383,2015,1,1,4,DL,1504,N819DN,MSP,TPA,1315,1313,-2,11,1324,186,172,158,1306,1702,3,1721,1705,-16,0,0,,,,,,
6385,2015,1,1,4,DL,1873,N923DN,MSP,DTW,1315,1309,-6,11,1320,102,99,64,528,1524,24,1557,1548,-9,0,0,,,,,,
6386,2015,1,1,4,DL,1889,N922DX,MSP,SAN,1315,1317,2,19,1336,237,211,187,1532,1443,5,1512,1448,-24,0,0,,,,,,
6387,2015,1,1,4,EV,3260,N16541,ORD,ORF,1315,1308,-7,17,1325,127,110,89,717,1554,4,1622,1558,-24,0,0,,,,,,
6389,2015,1,1,4,EV,3256,N14950,ORD,CAK,1315,1308,-7,12,1320,80,69,50,343,1510,7,1535,1517,-18,0,0,,,,,,
6390,2015,1,1,4,EV,4174,N14904,ORD,MHT,1315,1308,-7,10,1318,132,110,95,843,1553,5,1627,1558,-29,0,0,,,,,,
6391,2015,1,1,4,EV,4421,N15980,ORD,FNT,1315,1305,-10,20,1325,70,63,38,223,1503,5,1525,1508,-17,0,0,,,,,,
6395,2015,1,1,4,EV,6038,N14188,ORD,CMH,1315,1312,-3,18,1330,78,68,43,296,1513,7,1533,1520,-13,0,0,,,,,,
6398,2015,1,1,4,MQ,3064,N928MQ,DFW,SGF,1315,1313,-2,19,1332,73,70,49,364,1421,2,1428,1423,-5,0,0,,,,,,
6400,2015,1,1,4,MQ,3012,N527MQ,MSP,ORD,1315,1402,47,14,1416,90,70,49,334,1505,7,1445,1512,27,0,0,,0,0,25,2,0
6401,2015,1,1,4,MQ,3124,N645MQ,DFW,ABI,1315,,,,,48,,,158,,,1403,,,0,1,B,,,,,
6403,2015,1,1,4,MQ,3674,N686MQ,DFW,GRK,1315,1315,0,17,1332,43,61,39,134,1411,5,1358,1416,18,0,0,,18,0,0,0,0
6407,2015,1,1,4,OO,5198,N124SY,ORD,STL,1315,1308,-7,23,1331,78,78,50,258,1421,5,1433,1426,-7,0,0,,,,,,
6409,2015,1,1,4,OO,5603,N771SK,SFO,LAS,1315,1336,21,18,1354,96,99,71,414,1505,10,1451,1515,24,0,0,,3,0,21,0,0
6411,2015,1,1,4,OO,6352,N932EV,LAX,BOI,1315,1314,-1,21,1335,132,132,107,674,1622,4,1627,1626,-1,0,0,,,,,,
6412,2015,1,1,4,OO,6567,N506CA,PHX,GJT,1315,1308,-7,13,1321,87,74,59,438,1420,2,1442,1422,-20,0,0,,,,,,
6413,2015,1,1,4,OO,6585,N899SK,PHX,TUS,1315,1314,-1,25,1339,44,62,33,110,1412,4,1359,1416,17,0,0,,17,0,0,0,0
6416,2015,1,1,4,UA,460,N549UA,LAS,LAX,1316,1316,0,15,1331,74,57,36,236,1407,6,1430,1413,-17,0,0,,,,,,
6418,2015,1,1,4,EV,4457,N16951,ORD,LEX,1316,1316,0,17,1333,76,68,47,323,1520,4,1532,1524,-8,0,0,,,,,,
6423,2015,1,1,4,UA,1289,N37419,SFO,EWR,1317,1317,0,18,1335,336,306,283,2565,2118,5,2153,2123,-30,0,0,,,,,,
6425,2015,1,1,4,OO,5354,N472CA,ORD,MBS,1317,1349,32,27,1416,66,70,39,222,1555,4,1523,1559,36,0,0,,4,0,11,21,0
6426,2015,1,1,4,UA,1097,N27421,IAH,LAX,1318,1317,-1,17,1334,225,225,190,1379,1444,18,1503,1502,-1,0,0,,,,,,
6427,2015,1,1,4,EV,3950,N16976,ORD,TVC,1318,1319,1,17,1336,64,61,40,224,1516,4,1522,1520,-2,0,0,,,,,,
6444,2015,1,1,4,US,1812,N540UW,SFO,CLT,1320,1320,0,12,1332,290,284,263,2296,2055,9,2110,2104,-6,0,0,,,,,,
6445,2015,1,1,4,VX,251,N623VA,LAS,SFO,1320,1319,-1,15,1334,90,81,63,414,1437,3,1450,1440,-10,0,0,,,,,,
6446,2015,1,1,4,WN,473,N423WN,ATL,PHX,1320,1317,-3,13,1330,270,258,241,1587,1531,4,1550,1535,-15,0,0,,,,,,
6451,2015,1,1,4,WN,719,N7702A,DEN,MCO,1320,1320,0,13,1333,200,207,184,1546,1837,10,1840,1847,7,0,0,,,,,,
6452,2015,1,1,4,WN,978,N8629A,DEN,PHX,1320,1320,0,11,1331,110,126,90,602,1501,25,1510,1526,16,0,0,,16,0,0,0,0
6453,2015,1,1,4,WN,1076,N8321D,LAX,BWI,1320,1327,7,10,1337,295,273,253,2329,2050,10,2115,2100,-15,0,0,,,,,,
6461,2015,1,1,4,WN,685,N435WN,SFO,ATL,1320,1428,68,11,1439,270,273,252,2139,2151,10,2050,2201,71,0,0,,3,0,21,47,0
6469,2015,1,1,4,US,566,N507AY,PHX,MCO,1320,1326,6,15,1341,240,235,215,1849,1916,5,1920,1921,1,0,0,,,,,,
6471,2015,1,1,4,AA,316,N557AA,DEN,DFW,1320,1328,8,29,1357,115,133,93,641,1630,11,1615,1641,26,0,0,,18,0,2,6,0
6472,2015,1,1,4,AA,368,N3LWAA,ORD,LGA,1320,1317,-3,17,1334,120,112,91,733,1605,4,1620,1609,-11,0,0,,,,,,
6473,2015,1,1,4,AA,2309,N501AA,DFW,ORD,1320,1319,-1,38,1357,135,148,100,802,1537,10,1535,1547,12,0,0,,,,,,
6474,2015,1,1,4,AS,557,N517AS,LAX,PDX,1320,1318,-2,21,1339,138,144,120,834,1539,3,1538,1542,4,0,0,,,,,,
6475,2015,1,1,4,AS,661,N302AS,DFW,SEA,1320,1315,-5,14,1329,260,228,211,1660,1500,3,1540,1503,-37,0,0,,,,,,
6479,2015,1,1,4,DL,527,N913DN,MSP,IND,1320,1319,-1,8,1327,100,76,64,503,1531,4,1600,1535,-25,0,0,,,,,,
6481,2015,1,1,4,DL,1160,N369NW,MSP,FAR,1320,1317,-3,21,1338,65,64,39,223,1417,4,1425,1421,-4,0,0,,,,,,
6482,2015,1,1,4,DL,2204,N375NC,LAX,SLC,1320,1319,-1,16,1335,109,114,95,590,1610,3,1609,1613,4,0,0,,,,,,
6483,2015,1,1,4,DL,2238,N951DN,ATL,DCA,1320,1339,19,19,1358,100,99,76,547,1514,4,1500,1518,18,0,0,,0,0,7,11,0
6485,2015,1,1,4,DL,1708,N324NB,MSP,DEN,1320,1319,-1,20,1339,127,136,107,680,1426,9,1427,1435,8,0,0,,,,,,
6486,2015,1,1,4,EV,2521,N904EV,DFW,TYS,1320,1317,-3,18,1335,115,118,94,772,1609,6,1615,1615,0,0,0,,,,,,
6488,2015,1,1,4,EV,4294,N16999,ORD,SAV,1320,1349,29,15,1404,128,115,95,773,1639,5,1628,1644,16,0,0,,0,0,8,8,0
6489,2015,1,1,4,EV,4402,N26141,IAH,DTW,1320,1317,-3,11,1328,171,145,126,1075,1634,8,1711,1642,-29,0,0,,,,,,
6490,2015,1,1,4,EV,5726,N834AS,ORD,PVD,1320,1314,-6,14,1328,133,117,100,849,1608,3,1633,1611,-22,0,0,,,,,,
6491,2015,1,1,4,EV,6167,N11551,ORD,CWA,1320,1316,-4,21,1337,62,69,45,212,1422,3,1422,1425,3,0,0,,,,,,
6493,2015,1,1,4,F9,257,N932FR,DEN,SBA,1320,1312,-8,10,1322,144,132,117,916,1419,5,1444,1424,-20,0,0,,,,,,
6497,2015,1,1,4,MQ,2972,N909MQ,DFW,SHV,1320,1326,6,12,1338,53,55,31,190,1409,12,1413,1421,8,0,0,,,,,,
6498,2015,1,1,4,MQ,3101,N505MQ,ORD,OKC,1320,1316,-4,22,1338,128,136,108,693,1526,6,1528,1532,4,0,0,,,,,,
6503,2015,1,1,4,EV,5087,N847AS,ATL,MLU,1321,1319,-2,10,1329,97,92,78,448,1347,4,1358,1351,-7,0,0,,,,,,
6507,2015,1,1,4,UA,1159,N78501,SFO,LAX,1323,1322,-1,17,1339,96,80,52,337,1431,11,1459,1442,-17,0,0,,,,,,
6511,2015,1,1,4,OO,4983,N986SW,DEN,FCA,1323,1359,36,13,1412,142,124,106,752,1558,5,1545,1603,18,0,0,,0,0,3,15,0
6513,2015,1,1,4,UA,731,N832UA,SFO,SEA,1324,1338,14,13,1351,130,120,95,679,1526,12,1534,1538,4,0,0,,,,,,
6518,2015,1,1,4,US,1857,N167US,LAX,CLT,1325,1335,10,17,1352,273,259,233,2125,2045,9,2058,2054,-4,0,0,,,,,,
6520,2015,1,1,4,UA,716,N589UA,SFO,JFK,1325,1324,-1,21,1345,330,333,299,2586,2144,13,2155,2157,2,0,0,,,,,,
6521,2015,1,1,4,UA,769,N801UA,LAX,LAS,1325,1324,-1,16,1340,77,68,43,236,1423,9,1442,1432,-10,0,0,,,,,,
6523,2015,1,1,4,VX,330,N634VA,LAX,FLL,1325,1325,0,8,1333,285,275,265,2342,2058,2,2110,2100,-10,0,0,,,,,,
6525,2015,1,1,4,VX,928,N528VA,SFO,LAX,1325,1321,-4,11,1332,75,72,54,337,1426,7,1440,1433,-7,0,0,,,,,,
6531,2015,1,1,4,WN,1025,N966WN,LAX,ATL,1325,1343,18,10,1353,250,235,220,1947,2033,5,2035,2038,3,0,0,,,,,,
6532,2015,1,1,4,WN,2598,N372SW,LAX,SFO,1325,1332,7,8,1340,80,68,54,337,1434,6,1445,1440,-5,0,0,,,,,,
6545,2015,1,1,4,US,544,N582UW,PHX,DFW,1325,1337,12,17,1354,135,141,110,868,1644,14,1640,1658,18,0,0,,6,0,7,5,0
6546,2015,1,1,4,US,612,N154UW,PHX,ATL,1325,1324,-1,24,1348,210,198,169,1587,1837,5,1855,1842,-13,0,0,,,,,,
6549,2015,1,1,4,AA,1269,N3DPAA,DFW,DTW,1325,1325,0,14,1339,150,139,113,986,1632,12,1655,1644,-11,0,0,,,,,,
6550,2015,1,1,4,AA,1280,N3HJAA,PHX,EWR,1325,1323,-2,16,1339,275,255,228,2133,1927,11,2000,1938,-22,0,0,,,,,,
6551,2015,1,1,4,AA,1563,N481AA,DFW,TUL,1325,1324,-1,16,1340,60,64,44,237,1424,4,1425,1428,3,0,0,,,,,,
6552,2015,1,1,4,AA,2325,N4YAAA,ORD,DFW,1325,1333,8,14,1347,150,157,136,802,1603,7,1555,1610,15,0,0,,7,0,8,0,0
6558,2015,1,1,4,DL,1066,N322NB,MSP,FSD,1325,1424,59,14,1438,61,53,36,196,1514,3,1426,1517,51,0,0,,0,0,51,0,0
6559,2015,1,1,4,DL,1325,N371DA,LAX,MSY,1325,1317,-8,22,1339,216,218,190,1670,1849,6,1901,1855,-6,0,0,,,,,,
6560,2015,1,1,4,DL,2096,N960DL,MSP,LGA,1325,1321,-4,19,1340,161,151,116,1020,1636,16,1706,1652,-14,0,0,,,,,,
6562,2015,1,1,4,MQ,3020,N519MQ,ORD,CLE,1325,1354,29,15,1409,68,65,44,315,1553,6,1533,1559,26,0,0,,0,0,26,0,0
6566,2015,1,1,4,MQ,3386,N642MQ,DFW,CLL,1325,,,,,48,,,164,,,1413,,,0,1,B,,,,,
6567,2015,1,1,4,OO,2635,N988CA,ORD,MKE,1325,1318,-7,16,1334,40,47,21,67,1355,10,1405,1405,0,0,0,,,,,,
6568,2015,1,1,4,OO,4697,N455CA,MSP,OKC,1325,1323,-2,24,1347,135,135,106,694,1533,5,1540,1538,-2,0,0,,,,,,
6573,2015,1,1,4,EV,3925,N16525,IAH,MFE,1326,1324,-2,13,1337,76,75,59,316,1436,3,1442,1439,-3,0,0,,,,,,
6574,2015,1,1,4,EV,4253,N14977,IAH,CAE,1326,1337,11,15,1352,130,127,109,878,1641,3,1636,1644,8,0,0,,,,,,
6583,2015,1,1,4,EV,5307,N528CA,ATL,OAJ,1328,1321,-7,12,1333,76,71,56,399,1429,3,1444,1432,-12,0,0,,,,,,
6584,2015,1,1,4,MQ,2813,N543MQ,ATL,ORD,1328,1332,4,19,1351,125,126,98,606,1429,9,1433,1438,5,0,0,,,,,,
6585,2015,1,1,4,OO,5496,N796SK,DFW,DEN,1328,1402,34,22,1424,128,125,97,641,1501,6,1436,1507,31,0,0,,0,0,0,31,0
6596,2015,1,1,4,US,895,N188US,PHX,ORD,1330,1338,8,17,1355,200,182,154,1440,1729,11,1750,1740,-10,0,0,,,,,,
6599,2015,1,1,4,US,1818,N651AW,PHX,BOS,1330,1346,16,17,1403,283,253,230,2300,1953,6,2013,1959,-14,0,0,,,,,,
6603,2015,1,1,4,VX,929,N839VA,LAX,SFO,1330,1324,-6,8,1332,75,69,55,337,1427,6,1445,1433,-12,0,0,,,,,,
6614,2015,1,1,4,WN,3921,N615SW,ATL,BOS,1330,1345,15,17,1402,150,145,120,946,1602,8,1600,1610,10,0,0,,,,,,
6617,2015,1,1,4,UA,1530,N37255,IAH,CLE,1330,1330,0,10,1340,164,140,123,1091,1643,7,1714,1650,-24,0,0,,,,,,
6618,2015,1,1,4,US,443,N668AW,PHX,IAH,1330,1334,4,17,1351,150,148,123,1009,1654,8,1700,1702,2,0,0,,,,,,
6619,2015,1,1,4,US,478,N554UW,LAS,DCA,1330,1325,-5,17,1342,260,240,219,2089,2021,4,2050,2025,-25,0,0,,,,,,
6620,2015,1,1,4,AA,256,N787AA,LAX,JFK,1330,1328,-2,15,1343,325,319,290,2475,2133,14,2155,2147,-8,0,0,,,,,,
6623,2015,1,1,4,AA,1169,N3LDAA,LAX,ORD,1330,1324,-6,17,1341,245,228,201,1744,1902,10,1935,1912,-23,0,0,,,,,,
6624,2015,1,1,4,AA,2447,N5DGAA,DFW,LAX,1330,1329,-1,12,1341,200,187,167,1235,1428,8,1450,1436,-14,0,0,,,,,,
6632,2015,1,1,4,DL,1219,N360NW,MSP,LAX,1330,1326,-4,7,1333,239,217,197,1535,1450,13,1529,1503,-26,0,0,,,,,,
6635,2015,1,1,4,DL,1654,N663DN,LAX,ATL,1330,1330,0,20,1350,250,239,213,1947,2023,6,2040,2029,-11,0,0,,,,,,
6639,2015,1,1,4,MQ,3172,N633MQ,ORD,CID,1330,,,,,68,,,196,,,1438,,,0,1,A,,,,,
6643,2015,1,1,4,OO,4973,N718SK,ORD,GRR,1330,1333,3,30,1403,50,65,30,137,1533,5,1520,1538,18,0,0,,15,0,3,0,0
6647,2015,1,1,4,OO,6302,N586SW,LAX,PSP,1330,1338,8,15,1353,54,57,34,110,1427,8,1424,1435,11,0,0,,,,,,
6648,2015,1,1,4,OO,6408,N495CA,SFO,EUG,1330,1343,13,21,1404,96,87,63,451,1507,3,1506,1510,4,0,0,,,,,,
6651,2015,1,1,4,DL,975,N383DN,ATL,LAS,1331,1340,9,20,1400,274,275,249,1747,1509,6,1505,1515,10,0,0,,,,,,
6652,2015,1,1,4,EV,4387,N14974,IAH,MOB,1331,1340,9,10,1350,80,72,57,427,1447,5,1451,1452,1,0,0,,,,,,
6654,2015,1,1,4,NK,511,N519NK,LAS,SAN,1331,1326,-5,14,1340,65,64,43,258,1423,7,1436,1430,-6,0,0,,,,,,
6664,2015,1,1,4,UA,1116,,DFW,EWR,1333,,,,,208,,,1372,,,1801,,,0,1,A,,,,,
6671,2015,1,1,4,DL,1125,N975AT,ATL,IAD,1334,1338,4,13,1351,102,100,77,534,1508,10,1516,1518,2,0,0,,,,,,
6673,2015,1,1,4,EV,4512,N18557,ORD,HPN,1334,1410,36,12,1422,126,109,93,738,1655,4,1640,1659,19,0,0,,19,0,0,0,0
6687,2015,1,1,4,WN,846,N455WN,LAX,OAK,1335,1354,19,7,1401,75,66,54,337,1455,5,1450,1500,10,0,0,,,,,,
6689,2015,1,1,4,WN,169,N484WN,PHX,SNA,1335,1333,-2,12,1345,75,71,55,338,1340,4,1350,1344,-6,0,0,,,,,,
6693,2015,1,1,4,WN,2316,N219WN,SFO,DEN,1335,1331,-4,12,1343,150,153,133,967,1656,8,1705,1704,-1,0,0,,,,,,
6696,2015,1,1,4,AA,132,N3DUAA,DFW,PHL,1335,1337,2,19,1356,180,184,160,1303,1736,5,1735,1741,6,0,0,,,,,,
6699,2015,1,1,4,AA,976,N4XLAA,IAH,DFW,1335,1339,4,12,1351,70,62,41,224,1432,9,1445,1441,-4,0,0,,,,,,
6700,2015,1,1,4,AA,252,N3GLAA,DFW,DCA,1335,1340,5,14,1354,160,147,126,1192,1700,7,1715,1707,-8,0,0,,,,,,
6701,2015,1,1,4,AA,1105,N3JPAA,DFW,EWR,1335,1408,33,13,1421,190,175,153,1372,1754,9,1745,1803,18,0,0,,0,0,0,15,3
6702,2015,1,1,4,AA,1144,N3HEAA,DFW,LGA,1335,1334,-1,12,1346,195,173,156,1389,1722,5,1750,1727,-23,0,0,,,,,,
6705,2015,1,1,4,AA,1527,N3DYAA,DFW,PHX,1335,1336,1,18,1354,160,173,144,868,1518,11,1515,1529,14,0,0,,,,,,
6708,2015,1,1,4,DL,2046,N3738B,ATL,PHX,1335,1345,10,17,1402,260,254,236,1587,1558,1,1555,1559,4,0,0,,,,,,
6709,2015,1,1,4,DL,1793,N588NW,MSP,SFO,1335,1335,0,14,1349,244,210,191,1589,1500,5,1539,1505,-34,0,0,,,,,,
6710,2015,1,1,4,EV,2558,N902EV,DFW,LCH,1335,1332,-3,17,1349,70,74,53,295,1442,4,1445,1446,1,0,0,,,,,,
6711,2015,1,1,4,EV,5267,N131EV,ATL,ABE,1335,1333,-2,16,1349,110,113,94,692,1523,3,1525,1526,1,0,0,,,,,,
6713,2015,1,1,4,MQ,2863,N632MQ,ORD,DTW,1335,1331,-4,20,1351,73,100,43,235,1534,37,1548,1611,23,0,0,,23,0,0,0,0
6714,2015,1,1,4,MQ,2765,N900MQ,DFW,DRO,1335,1403,28,16,1419,123,123,104,674,1503,3,1438,1506,28,0,0,,0,0,28,0,0
6715,2015,1,1,4,MQ,2809,N856MQ,DFW,EVV,1335,1327,-8,15,1342,103,96,78,642,1500,3,1518,1503,-15,0,0,,,,,,
6717,2015,1,1,4,MQ,3339,N524MQ,ORD,SYR,1335,1353,18,24,1417,98,95,69,607,1626,2,1613,1628,15,0,0,,0,0,15,0,0
6719,2015,1,1,4,MQ,3423,N612MQ,ORD,ALO,1335,1447,72,8,1455,63,54,44,234,1539,2,1438,1541,63,0,0,,0,0,63,0,0
6720,2015,1,1,4,OO,6216,N719SK,DEN,SAT,1335,1405,30,24,1429,129,142,114,794,1723,4,1644,1727,43,0,0,,13,0,11,19,0
6724,2015,1,1,4,OO,6608,N896SK,PHX,MCI,1335,1423,48,13,1436,151,135,114,1044,1730,8,1706,1738,32,0,0,,0,0,32,0,0
6725,2015,1,1,4,UA,432,N842UA,ORD,CLT,1336,1328,-8,15,1343,113,93,75,599,1558,3,1629,1601,-28,0,0,,,,,,
6726,2015,1,1,4,OO,5582,N701SK,ORD,ATL,1336,1335,-1,18,1353,114,112,88,606,1621,6,1630,1627,-3,0,0,,,,,,
6728,2015,1,1,4,UA,814,N809UA,DEN,IAH,1337,1357,20,12,1409,136,143,122,862,1711,9,1653,1720,27,0,0,,7,0,20,0,0
6730,2015,1,1,4,UA,552,N831UA,ORD,CLE,1338,1329,-9,34,1403,77,88,46,315,1549,8,1555,1557,2,0,0,,,,,,
6736,2015,1,1,4,EV,5272,N176PQ,ATL,DAL,1339,1335,-4,10,1345,142,135,118,721,1443,7,1501,1450,-11,0,0,,,,,,
6737,2015,1,1,4,EV,5308,N878AS,ATL,MGM,1339,1333,-6,9,1342,53,42,29,147,1311,4,1332,1315,-17,0,0,,,,,,
6738,2015,1,1,4,EV,5334,N936EV,ATL,ABY,1339,1332,-7,9,1341,52,40,29,145,1410,2,1431,1412,-19,0,0,,,,,,
6739,2015,1,1,4,EV,5356,N916EV,ATL,PHF,1339,1337,-2,17,1354,93,93,73,508,1507,3,1512,1510,-2,0,0,,,,,,
6741,2015,1,1,4,UA,216,N816UA,SFO,SNA,1340,1350,10,14,1404,91,78,59,372,1503,5,1511,1508,-3,0,0,,,,,,
6742,2015,1,1,4,US,680,N659AW,PHX,DCA,1340,1352,12,13,1405,247,221,203,1979,1928,5,1947,1933,-14,0,0,,,,,,
6745,2015,1,1,4,UA,664,N496UA,ORD,PHL,1340,1335,-5,22,1357,125,104,78,678,1615,4,1645,1619,-26,0,0,,,,,,
6746,2015,1,1,4,VX,412,N622VA,LAX,JFK,1340,1335,-5,7,1342,320,298,279,2475,2121,12,2200,2133,-27,0,0,,,,,,
6747,2015,1,1,4,VX,906,N529VA,SFO,LAS,1340,1334,-6,11,1345,90,89,71,414,1456,7,1510,1503,-7,0,0,,,,,,
6748,2015,1,1,4,WN,732,N409WN,ATL,RSW,1340,1352,12,16,1408,100,93,72,515,1520,5,1520,1525,5,0,0,,,,,,
6751,2015,1,1,4,WN,43,N962WN,DEN,DAL,1340,1354,14,7,1401,110,108,97,651,1638,4,1630,1642,12,0,0,,,,,,
6752,2015,1,1,4,WN,1111,N736SA,LAS,AUS,1340,1352,12,20,1412,160,164,140,1090,1832,4,1820,1836,16,0,0,,4,0,7,5,0
6759,2015,1,1,4,WN,1812,N687SW,SFO,SAN,1340,1432,52,9,1441,95,79,67,447,1548,3,1515,1551,36,0,0,,0,0,35,1,0
6765,2015,1,1,4,UA,1454,N79279,LAS,EWR,1340,1334,-6,14,1348,290,261,239,2227,2047,8,2130,2055,-35,0,0,,,,,,
6767,2015,1,1,4,US,433,N601AW,SFO,PHL,1340,1349,9,17,1406,310,314,294,2521,2200,3,2150,2203,13,0,0,,,,,,
6771,2015,1,1,4,AA,1304,N479AA,DFW,DAY,1340,1435,55,14,1449,125,117,98,861,1727,5,1645,1732,47,0,0,,0,0,47,0,0
6773,2015,1,1,4,AA,2441,N573AA,DFW,RIC,1340,1404,24,18,1422,155,152,126,1158,1728,8,1715,1736,21,0,0,,0,0,19,2,0
6775,2015,1,1,4,B6,748,N587JB,LAS,JFK,1340,1339,-1,15,1354,290,274,249,2248,2103,10,2130,2113,-17,0,0,,,,,,
6778,2015,1,1,4,AA,1445,N567AA,DFW,SAN,1340,1341,1,22,1403,190,194,169,1171,1452,3,1450,1455,5,0,0,,,,,,
6781,2015,1,1,4,DL,1534,N973DL,ATL,IND,1340,1339,-1,14,1353,94,88,67,432,1500,7,1514,1507,-7,0,0,,,,,,
6782,2015,1,1,4,AA,2384,N856AA,LAX,LAS,1340,1343,3,15,1358,70,74,48,236,1446,11,1450,1457,7,0,0,,,,,,
6784,2015,1,1,4,EV,4355,N14125,IAH,JAX,1340,1340,0,15,1355,123,114,95,817,1630,4,1643,1634,-9,0,0,,,,,,
6785,2015,1,1,4,EV,5485,N138EV,ATL,DFW,1340,1338,-2,14,1352,147,152,118,731,1450,20,1507,1510,3,0,0,,,,,,
6789,2015,1,1,4,MQ,3420,N628MQ,DFW,SPI,1340,,,,,103,,,630,,,1523,,,0,1,B,,,,,
6790,2015,1,1,4,NK,165,N630NK,DFW,ATL,1340,1404,24,11,1415,119,116,91,731,1646,14,1639,1700,21,0,0,,21,0,0,0,0
6792,2015,1,1,4,OO,6409,N925SW,SFO,PDX,1340,1342,2,14,1356,110,105,87,550,1523,4,1530,1527,-3,0,0,,,,,,
6794,2015,1,1,4,DL,1222,N912DE,ATL,OKC,1341,1337,-4,20,1357,143,139,116,761,1453,3,1504,1456,-8,0,0,,,,,,
6795,2015,1,1,4,DL,1341,N991AT,ATL,GSP,1341,1339,-2,14,1353,54,52,34,153,1427,4,1435,1431,-4,0,0,,,,,,
6796,2015,1,1,4,NK,561,N510NK,LAS,LAX,1341,1338,-3,13,1351,69,64,41,236,1432,10,1450,1442,-8,0,0,,,,,,
6797,2015,1,1,4,NK,630,N601NK,DEN,ORD,1341,1355,14,15,1410,149,156,113,888,1703,28,1710,1731,21,0,0,,21,0,0,0,0
6800,2015,1,1,4,DL,1612,N909DA,ATL,ORD,1342,1339,-3,17,1356,128,121,95,606,1431,9,1450,1440,-10,0,0,,,,,,
6801,2015,1,1,4,DL,1861,N925AT,ATL,LIT,1342,1339,-3,12,1351,102,86,69,453,1400,5,1424,1405,-19,0,0,,,,,,
6803,2015,1,1,4,EV,4698,N11548,IAH,JAN,1342,1345,3,11,1356,76,72,54,351,1450,7,1458,1457,-1,0,0,,,,,,
6804,2015,1,1,4,EV,6112,N16147,DEN,MSP,1342,1343,1,18,1401,124,121,92,680,1633,11,1646,1644,-2,0,0,,,,,,
6805,2015,1,1,4,NK,202,N618NK,DFW,BWI,1342,1337,-5,11,1348,162,148,132,1217,1700,5,1724,1705,-19,0,0,,,,,,
6807,2015,1,1,4,UA,487,N411UA,LAS,IAD,1343,1339,-4,18,1357,267,249,227,2065,2044,4,2110,2048,-22,0,0,,,,,,
6809,2015,1,1,4,DL,1159,N958DL,ATL,BUF,1343,1343,0,18,1401,122,115,92,712,1533,5,1545,1538,-7,0,0,,,,,,
6815,2015,1,1,4,DL,2472,N909DE,ATL,CHS,1344,1342,-2,14,1356,66,65,43,259,1439,8,1450,1447,-3,0,0,,,,,,
6816,2015,1,1,4,DL,1489,N970AT,ATL,IAH,1344,1343,-1,16,1359,141,143,118,689,1457,9,1505,1506,1,0,0,,,,,,
6817,2015,1,1,4,US,630,N573UW,PHX,JFK,1345,1342,-3,18,1400,285,258,225,2153,1945,15,2030,2000,-30,0,0,,,,,,
6823,2015,1,1,4,VX,26,N852VA,SFO,JFK,1345,1342,-3,10,1352,330,341,323,2586,2215,8,2215,2223,8,0,0,,,,,,
6828,2015,1,1,4,WN,2123,N8644C,DEN,AUS,1345,1344,-1,20,1404,125,144,118,775,1702,6,1650,1708,18,0,0,,18,0,0,0,0
6829,2015,1,1,4,WN,989,N943WN,DEN,MSP,1345,1353,8,12,1405,110,110,91,680,1636,7,1635,1643,8,0,0,,,,,,
6830,2015,1,1,4,WN,2417,N953WN,DEN,OMA,1345,1354,9,10,1404,75,74,60,472,1604,4,1600,1608,8,0,0,,,,,,
6831,2015,1,1,4,WN,2041,N8317M,DEN,SLC,1345,1434,49,17,1451,85,74,53,391,1544,4,1510,1548,38,0,0,,0,0,12,26,0
6836,2015,1,1,4,WN,1141,N8608N,LAS,BWI,1345,1347,2,13,1400,270,255,225,2106,2045,17,2115,2102,-13,0,0,,,,,,
6837,2015,1,1,4,WN,1032,N915WN,LAS,MKE,1345,1409,24,13,1422,205,199,180,1524,1922,6,1910,1928,18,0,0,,0,0,18,0,0
6838,2015,1,1,4,WN,914,N754SW,LAX,LAS,1345,1358,13,7,1405,65,59,46,236,1451,6,1450,1457,7,0,0,,,,,,
6839,2015,1,1,4,WN,889,N394SW,LAX,PHX,1345,1429,44,15,1444,75,78,57,370,1641,6,1600,1647,47,0,0,,3,0,33,11,0
6843,2015,1,1,4,WN,789,N487WN,ATL,DCA,1345,1405,20,23,1428,100,103,76,547,1544,4,1525,1548,23,0,0,,3,0,20,0,0
6844,2015,1,1,4,WN,1646,N649SW,PHX,GEG,1345,1340,-5,13,1353,165,163,146,1020,1519,4,1530,1523,-7,0,0,,,,,,
6849,2015,1,1,4,WN,1602,N752SW,PHX,ABQ,1345,1344,-1,14,1358,60,60,42,328,1440,4,1445,1444,-1,0,0,,,,,,
6851,2015,1,1,4,AA,382,N574AA,DFW,OKC,1345,1350,5,15,1405,55,56,35,175,1440,6,1440,1446,6,0,0,,,,,,
6852,2015,1,1,4,AA,1263,N3LTAA,ORD,MIA,1345,1614,149,12,1626,185,186,151,1197,1957,23,1750,2020,150,0,0,,1,0,11,138,0
6853,2015,1,1,4,AA,1473,N575AA,ATL,DFW,1345,1400,15,17,1417,150,151,122,731,1519,12,1515,1531,16,0,0,,1,0,3,12,0
6854,2015,1,1,4,AA,1519,N001AA,DFW,MEM,1345,1342,-3,16,1358,85,82,59,432,1457,7,1510,1504,-6,0,0,,,,,,
6856,2015,1,1,4,AS,659,N706AS,PHX,PDX,1345,1342,-3,17,1359,170,171,151,1009,1530,3,1535,1533,-2,0,0,,,,,,
6859,2015,1,1,4,DL,1425,N931DL,ATL,BWI,1345,1345,0,12,1357,109,94,76,577,1513,6,1534,1519,-15,0,0,,,,,,
6861,2015,1,1,4,DL,2002,N810DN,LAS,ATL,1345,1353,8,13,1406,228,210,194,1747,2020,3,2033,2023,-10,0,0,,,,,,
6862,2015,1,1,4,DL,2036,N307DQ,ATL,EYW,1345,1344,-1,15,1359,114,101,84,646,1523,2,1539,1525,-14,0,0,,,,,,
6865,2015,1,1,4,DL,2133,N322US,ATL,CLT,1345,1403,18,14,1417,69,65,42,226,1459,9,1454,1508,14,0,0,,,,,,
6868,2015,1,1,4,DL,1586,N612DL,ATL,LGA,1345,1416,31,15,1431,135,123,99,762,1610,9,1600,1619,19,0,0,,0,0,7,12,0
6870,2015,1,1,4,EV,4449,N12530,IAH,GPT,1345,1343,-2,16,1359,73,72,51,376,1450,5,1458,1455,-3,0,0,,,,,,
6871,2015,1,1,4,EV,4974,N855AS,ATL,SHV,1345,1351,6,12,1403,114,106,90,551,1433,4,1439,1437,-2,0,0,,,,,,
6874,2015,1,1,4,MQ,2870,N651MQ,DFW,PNS,1345,1432,47,26,1458,103,106,77,604,1615,3,1528,1618,50,0,0,,3,0,0,41,6
6876,2015,1,1,4,MQ,3162,N676MQ,DFW,CVG,1345,1346,1,14,1400,123,124,108,812,1648,2,1648,1650,2,0,0,,,,,,
6877,2015,1,1,4,MQ,3321,N941MQ,ORD,CWA,1345,1421,36,13,1434,58,57,43,212,1517,1,1443,1518,35,0,0,,0,0,35,0,0
6881,2015,1,1,4,OO,5234,N952SW,DEN,FAR,1345,1404,19,15,1419,113,105,83,627,1642,7,1638,1649,11,0,0,,,,,,
6885,2015,1,1,4,OO,5393,N941SW,ORD,FWA,1346,1338,-8,23,1401,58,55,27,157,1528,5,1544,1533,-11,0,0,,,,,,
6886,2015,1,1,4,UA,474,N435UA,ORD,RSW,1346,1348,2,13,1401,179,160,143,1120,1724,4,1745,1728,-17,0,0,,,,,,
6887,2015,1,1,4,DL,1270,N968AT,ATL,PNS,1346,1344,-2,19,1403,75,70,47,271,1350,4,1401,1354,-7,0,0,,,,,,
6891,2015,1,1,4,UA,1060,N35271,SFO,DCA,1347,1348,1,15,1403,303,302,282,2442,2145,5,2150,2150,0,0,0,,,,,,
6895,2015,1,1,4,UA,1256,N33209,LAX,IAH,1348,1345,-3,11,1356,194,192,166,1379,1842,15,1902,1857,-5,0,0,,,,,,
6899,2015,1,1,4,UA,1502,N17233,ORD,IAH,1349,1405,16,12,1417,177,181,156,925,1653,13,1646,1706,20,0,0,,4,0,16,0,0
6901,2015,1,1,4,EV,3934,N21129,ORD,HSV,1349,1339,-10,15,1354,105,90,71,510,1505,4,1534,1509,-25,0,0,,,,,,
6904,2015,1,1,4,US,742,N952UW,ORD,PHL,1350,1415,25,18,1433,124,114,88,678,1701,8,1654,1709,15,0,0,,0,0,2,13,0
6907,2015,1,1,4,US,1840,N102UW,MSP,CLT,1350,1511,81,12,1523,144,133,110,930,1813,11,1714,1824,70,0,0,,0,0,0,70,0
6909,2015,1,1,4,UA,785,N509UA,DEN,LAX,1350,1535,105,17,1552,154,121,97,862,1629,7,1524,1636,72,0,0,,0,0,16,56,0
6910,2015,1,1,4,WN,4288,N685SW,ATL,MCO,1350,1432,42,12,1444,90,82,62,404,1546,8,1520,1554,34,0,0,,0,0,34,0,0
6911,2015,1,1,4,WN,322,N7703A,DEN,STL,1350,1423,33,7,1430,115,99,89,770,1659,3,1645,1702,17,0,0,,0,0,12,5,0
6914,2015,1,1,4,WN,456,N386SW,LAS,BOI,1350,1508,78,8,1516,105,92,81,519,1737,3,1635,1740,65,0,0,,0,0,2,63,0
6915,2015,1,1,4,WN,3663,N7728D,LAS,MDW,1350,1409,19,11,1420,215,200,184,1521,1924,5,1925,1929,4,0,0,,,,,,
6916,2015,1,1,4,WN,745,N460WN,LAS,PHX,1350,1433,43,11,1444,65,63,46,255,1630,6,1555,1636,41,0,0,,0,0,33,8,0
6917,2015,1,1,4,WN,1093,N608SW,LAS,SAT,1350,1354,4,14,1408,155,153,132,1069,1820,7,1825,1827,2,0,0,,,,,,
6918,2015,1,1,4,WN,1579,N429WN,LAS,SLC,1350,1407,17,9,1416,80,78,65,368,1621,4,1610,1625,15,0,0,,0,0,10,5,0
6919,2015,1,1,4,WN,253,N428WN,LAX,DEN,1350,1414,24,9,1423,135,136,120,862,1723,7,1705,1730,25,0,0,,1,0,24,0,0
6920,2015,1,1,4,WN,852,N425LV,LAX,MSY,1350,1355,5,10,1405,210,213,198,1670,1923,5,1920,1928,8,0,0,,,,,,
6925,2015,1,1,4,WN,2524,N353SW,SFO,LAS,1350,1349,-1,9,1358,90,93,74,414,1512,10,1520,1522,2,0,0,,,,,,
6929,2015,1,1,4,UA,1188,N28478,IAH,MCO,1350,1402,12,14,1416,137,124,104,854,1700,6,1707,1706,-1,0,0,,,,,,
6930,2015,1,1,4,UA,1589,N27903,SFO,IAH,1350,1350,0,10,1400,210,215,189,1635,1909,16,1920,1925,5,0,0,,,,,,
6934,2015,1,1,4,AA,231,N3FNAA,ORD,LAS,1350,1345,-5,14,1359,235,232,210,1514,1529,8,1545,1537,-8,0,0,,,,,,
6935,2015,1,1,4,AA,1181,N3FEAA,DFW,LAS,1350,1353,3,16,1409,175,167,145,1055,1434,6,1445,1440,-5,0,0,,,,,,
6936,2015,1,1,4,AA,1286,N4XRAA,DFW,OMA,1350,,,,,100,,,583,,,1530,,,0,1,B,,,,,
6939,2015,1,1,4,AA,1633,N487AA,MSP,DFW,1350,1351,1,31,1422,155,185,139,852,1641,15,1625,1656,31,0,0,,31,0,0,0,0
6940,2015,1,1,4,AA,1618,N3KXAA,DFW,SNA,1350,1359,9,13,1412,190,184,167,1205,1459,4,1500,1503,3,0,0,,,,,,
6941,2015,1,1,4,AA,1644,N3HMAA,ORD,SNA,1350,1350,0,10,1400,260,250,235,1726,1555,5,1610,1600,-10,0,0,,,,,,
6946,2015,1,1,4,DL,690,N334NB,ORD,SLC,1350,1349,-1,13,1402,210,183,165,1250,1547,5,1620,1552,-28,0,0,,,,,,
6948,2015,1,1,4,DL,2035,N981DL,ATL,MKE,1350,1423,33,20,1443,126,121,96,669,1519,5,1456,1524,28,0,0,,0,0,28,0,0
6950,2015,1,1,4,DL,1499,N920DN,ATL,DEN,1350,1451,61,13,1504,212,184,165,1199,1549,6,1522,1555,33,0,0,,0,0,33,0,0
6951,2015,1,1,4,DL,1852,N955DN,ATL,MSP,1350,1356,6,12,1408,167,172,136,907,1524,24,1537,1548,11,0,0,,,,,,
6952,2015,1,1,4,DL,1951,N964DN,ATL,MIA,1350,1354,4,19,1413,119,106,82,594,1535,5,1549,1540,-9,0,0,,,,,,
6955,2015,1,1,4,EV,5006,N919EV,ATL,DHN,1350,1349,-1,16,1405,57,51,33,170,1338,2,1347,1340,-7,0,0,,,,,,
6960,2015,1,1,4,MQ,2998,N652MQ,DFW,BTR,1350,1509,79,19,1528,78,78,55,383,1623,4,1508,1627,79,0,0,,0,0,79,0,0
6961,2015,1,1,4,MQ,3118,N512MQ,ORD,MDT,1350,1511,81,10,1521,98,87,73,594,1734,4,1628,1738,70,0,0,,0,0,70,0,0
6962,2015,1,1,4,MQ,3351,N657MQ,DFW,SAV,1350,1441,51,21,1502,133,135,111,925,1753,3,1703,1756,53,0,0,,2,0,51,0,0
6966,2015,1,1,4,OO,6417,N742SK,IAH,DAL,1350,1348,-2,14,1402,67,56,39,216,1441,3,1457,1444,-13,0,0,,,,,,
6970,2015,1,1,4,DL,1116,N994AT,ATL,MDW,1351,1349,-2,13,1402,118,112,94,591,1436,5,1449,1441,-8,0,0,,,,,,
6971,2015,1,1,4,DL,1475,N954AT,ATL,SAV,1351,1351,0,13,1404,63,54,36,214,1440,5,1454,1445,-9,0,0,,,,,,
6979,2015,1,1,4,UA,489,N576UA,SFO,ORD,1352,1650,178,26,1716,257,250,216,1846,2252,8,2009,2300,171,0,0,,0,0,0,171,0
6980,2015,1,1,4,AA,1412,N370AA,DFW,MIA,1352,1506,74,18,1524,163,158,133,1121,1837,7,1735,1844,69,0,0,,0,0,69,0,0
6981,2015,1,1,4,EV,5783,N14203,IAH,LFT,1352,1354,2,10,1404,59,46,33,201,1437,3,1451,1440,-11,0,0,,,,,,
6987,2015,1,1,4,UA,294,N849UA,SFO,DFW,1355,1353,-2,12,1405,205,208,183,1464,1908,13,1920,1921,1,0,0,,,,,,
6989,2015,1,1,4,US,1787,N541UW,IAH,CLT,1355,1416,21,12,1428,140,124,105,912,1713,7,1715,1720,5,0,0,,,,,,
6990,2015,1,1,4,US,1817,N179UW,ORD,CLT,1355,1403,8,15,1418,112,111,79,599,1637,17,1647,1654,7,0,0,,,,,,
6991,2015,1,1,4,US,1999,N117UW,ATL,CLT,1355,1452,57,11,1503,69,53,39,226,1542,3,1504,1545,41,0,0,,0,0,4,37,0
6996,2015,1,1,4,WN,599,N725SW,DEN,SAN,1355,1420,25,13,1433,140,125,109,853,1522,3,1515,1525,10,0,0,,,,,,
6998,2015,1,1,4,WN,366,N7811F,LAS,ATL,1355,1358,3,15,1413,230,223,196,1747,2029,12,2045,2041,-4,0,0,,,,,,
6999,2015,1,1,4,WN,428,N913WN,LAS,OAK,1355,1434,39,7,1441,90,77,65,407,1546,5,1525,1551,26,0,0,,0,0,4,22,0
7004,2015,1,1,4,WN,535,N618WN,PHX,ELP,1355,1358,3,10,1408,65,62,47,347,1455,5,1500,1500,0,0,0,,,,,,
7011,2015,1,1,4,AA,188,N3KRAA,DFW,RSW,1355,1441,46,16,1457,145,146,126,1017,1803,4,1720,1807,47,0,0,,1,0,42,4,0
7012,2015,1,1,4,AA,197,N3GTAA,ORD,SFO,1355,1400,5,15,1415,280,251,231,1846,1606,5,1635,1611,-24,0,0,,,,,,
7014,2015,1,1,4,AA,1469,N466AA,DFW,PIT,1355,1401,6,12,1413,150,138,118,1067,1711,8,1725,1719,-6,0,0,,,,,,
7023,2015,1,1,4,DL,671,N818DA,LAX,SEA,1355,1401,6,12,1413,165,156,136,954,1629,8,1640,1637,-3,0,0,,,,,,
7025,2015,1,1,4,DL,970,N956AT,ATL,TLH,1355,1354,-1,20,1414,66,60,36,223,1450,4,1501,1454,-7,0,0,,,,,,
7026,2015,1,1,4,DL,1058,N595NW,ATL,MCO,1355,1354,-1,25,1419,90,93,59,404,1518,9,1525,1527,2,0,0,,,,,,
7027,2015,1,1,4,DL,1136,N830DN,ATL,RSW,1355,1354,-1,22,1416,106,94,69,515,1525,3,1541,1528,-13,0,0,,,,,,
7030,2015,1,1,4,DL,2006,N603AT,ATL,TYS,1355,1354,-1,10,1404,52,44,30,152,1434,4,1447,1438,-9,0,0,,,,,,
7031,2015,1,1,4,DL,2236,N665DN,ATL,PHL,1355,1358,3,23,1421,125,116,88,666,1549,5,1600,1554,-6,0,0,,,,,,
7032,2015,1,1,4,DL,2256,N913DL,ATL,MCI,1355,1353,-2,13,1406,140,127,109,692,1455,5,1515,1500,-15,0,0,,,,,,
7038,2015,1,1,4,EV,6179,N21144,DEN,ISN,1355,1513,78,11,1524,110,103,86,576,1750,6,1645,1756,71,0,0,,0,0,22,49,0
7039,2015,1,1,4,F9,1067,N204FR,ORD,DEN,1355,1423,28,16,1439,160,158,134,888,1553,8,1535,1601,26,0,0,,0,0,26,0,0
7040,2015,1,1,4,F9,1052,N933FR,PHX,SLC,1355,1347,-8,17,1404,95,98,75,507,1519,6,1530,1525,-5,0,0,,,,,,
7041,2015,1,1,4,MQ,3444,N907MQ,DFW,BMI,1355,1402,7,15,1417,108,100,80,690,1537,5,1543,1542,-1,0,0,,,,,,
7044,2015,1,1,4,OO,2594,N869AS,LAX,SMF,1355,1346,-9,13,1359,85,88,69,373,1508,6,1520,1514,-6,0,0,,,,,,
7051,2015,1,1,4,OO,5463,N291SW,SFO,SMF,1355,1404,9,20,1424,47,47,24,86,1448,3,1442,1451,9,0,0,,,,,,
7052,2015,1,1,4,OO,5421,N562SW,LAX,SBP,1355,1554,119,23,1617,59,63,36,156,1653,4,1454,1657,123,0,0,,4,0,0,119,0
7059,2015,1,1,4,DL,768,N966DL,ATL,PBI,1357,1400,3,17,1417,112,101,80,545,1537,4,1549,1541,-8,0,0,,,,,,
7062,2015,1,1,4,OO,6364,N740SK,SFO,PSP,1357,1354,-3,14,1408,86,87,68,421,1516,5,1523,1521,-2,0,0,,,,,,
7067,2015,1,1,4,EV,4509,N24128,ORD,BTV,1358,1357,-1,18,1415,124,107,85,763,1640,4,1702,1644,-18,0,0,,,,,,
7070,2015,1,1,4,US,744,N567UW,DFW,CLT,1359,1408,9,8,1416,143,124,110,936,1706,6,1722,1712,-10,0,0,,,,,,
7080,2015,1,1,4,EV,6165,N14542,ORD,MCI,1359,1354,-5,17,1411,97,92,72,403,1523,3,1536,1526,-10,0,0,,,,,,
7083,2015,1,1,4,OO,6370,N708SK,DEN,CLE,1359,1430,31,21,1451,166,155,126,1201,1857,8,1845,1905,20,0,0,,0,0,15,5,0
7087,2015,1,1,4,UA,444,N418UA,SFO,FLL,1400,1404,4,17,1421,329,324,301,2583,2222,6,2229,2228,-1,0,0,,,,,,
7088,2015,1,1,4,UA,672,N429UA,ORD,LGA,1400,1359,-1,22,1421,133,121,93,733,1654,6,1713,1700,-13,0,0,,,,,,
7089,2015,1,1,4,VX,1178,N640VA,SFO,EWR,1400,1354,-6,13,1407,330,321,299,2565,2206,9,2230,2215,-15,0,0,,,,,,
7090,2015,1,1,4,WN,961,N758SW,ATL,SAT,1400,1411,11,14,1425,140,159,141,874,1546,4,1520,1550,30,0,0,,19,0,7,4,0
7096,2015,1,1,4,WN,664,N421LV,DEN,LAX,1400,1401,1,16,1417,145,142,111,862,1508,15,1525,1523,-2,0,0,,,,,,
7101,2015,1,1,4,WN,868,N559WN,LAS,SNA,1400,1439,39,9,1448,60,51,38,226,1526,4,1500,1530,30,0,0,,0,0,27,3,0
7104,2015,1,1,4,WN,504,N931WN,MSP,ATL,1400,1358,-2,10,1408,150,139,121,907,1709,8,1730,1717,-13,0,0,,,,,,
7107,2015,1,1,4,WN,837,N948WN,PHX,MCI,1400,1359,-1,13,1412,145,139,122,1044,1714,4,1725,1718,-7,0,0,,,,,,
7108,2015,1,1,4,WN,1426,N900WN,PHX,TUL,1400,1406,6,11,1417,135,124,109,935,1706,4,1715,1710,-5,0,0,,,,,,
7116,2015,1,1,4,UA,1529,N73299,SFO,MCO,1400,1359,-1,19,1418,310,315,287,2446,2205,9,2210,2214,4,0,0,,,,,,
7117,2015,1,1,4,UA,1710,N17126,ORD,EWR,1400,1358,-2,20,1418,138,118,90,719,1648,8,1718,1656,-22,0,0,,,,,,
7118,2015,1,1,4,AA,141,N5EDAA,LAX,HNL,1400,1402,2,13,1415,355,364,342,2556,1757,9,1755,1806,11,0,0,,,,,,
7122,2015,1,1,4,AA,1024,N505AA,DFW,ABQ,1400,1408,8,17,1425,110,112,91,569,1456,4,1450,1500,10,0,0,,,,,,
7123,2015,1,1,4,AA,1228,N439AA,DFW,SLC,1400,1450,50,15,1505,170,157,134,989,1619,8,1550,1627,37,0,0,,0,0,10,27,0
7127,2015,1,1,4,AA,1670,N3KEAA,ORD,BOS,1400,1356,-4,15,1411,130,116,94,867,1645,7,1710,1652,-18,0,0,,,,,,
7130,2015,1,1,4,AA,2449,N5DEAA,DFW,LAX,1400,1403,3,13,1416,200,186,166,1235,1502,7,1520,1509,-11,0,0,,,,,,
7136,2015,1,1,4,DL,1366,N6703D,ATL,SFO,1400,1400,0,19,1419,326,306,281,2139,1600,6,1626,1606,-20,0,0,,,,,,
7140,2015,1,1,4,DL,1740,N6701,LAS,SLC,1400,1359,-1,15,1414,80,84,63,368,1617,6,1620,1623,3,0,0,,,,,,
7141,2015,1,1,4,EV,4142,N12569,ORD,ELM,1400,1351,-9,16,1407,107,89,69,566,1616,4,1647,1620,-27,0,0,,,,,,
7144,2015,1,1,4,EV,4985,N933EV,ATL,BTR,1400,1356,-4,13,1409,98,94,75,448,1424,6,1438,1430,-8,0,0,,,,,,
7146,2015,1,1,4,F9,1245,N912FR,DFW,DEN,1400,1507,67,10,1517,120,111,94,641,1551,7,1500,1558,58,0,0,,43,0,10,5,0
7149,2015,1,1,4,MQ,3008,N696MQ,ORD,IND,1400,1439,39,33,1512,58,78,34,177,1646,11,1558,1657,59,0,0,,20,0,17,22,0
7154,2015,1,1,4,NK,858,N515NK,IAH,FLL,1400,1359,-1,7,1406,144,128,115,965,1701,6,1724,1707,-17,0,0,,,,,,
7162,2015,1,1,4,EV,5670,N13964,IAH,SHV,1401,1358,-3,10,1408,58,49,33,192,1441,6,1459,1447,-12,0,0,,,,,,
7164,2015,1,1,4,OO,5196,N107SY,SFO,SAT,1401,1402,1,24,1426,210,219,192,1482,1938,3,1931,1941,10,0,0,,,,,,
7166,2015,1,1,4,DL,1178,N911DA,ATL,RIC,1402,1424,22,13,1437,90,85,63,481,1540,9,1532,1549,17,0,0,,0,0,7,10,0
7170,2015,1,1,4,EV,4399,N16918,IAH,MLU,1403,1402,-1,13,1415,69,59,40,262,1455,6,1512,1501,-11,0,0,,,,,,
7171,2015,1,1,4,EV,5151,N937EV,ATL,TRI,1403,1357,-6,13,1410,62,58,41,227,1451,4,1505,1455,-10,0,0,,,,,,
7173,2015,1,1,4,EV,4089,N18556,IAH,CMH,1404,1403,-1,10,1413,154,134,118,986,1711,6,1738,1717,-21,0,0,,,,,,
7177,2015,1,1,4,UA,377,N492UA,PHX,DEN,1405,1530,85,11,1541,106,102,81,602,1702,10,1551,1712,81,0,0,,0,0,36,45,0
7183,2015,1,1,4,WN,4742,N369SW,LAS,SAN,1405,1426,21,11,1437,65,56,41,258,1518,4,1510,1522,12,0,0,,,,,,
7187,2015,1,1,4,WN,2240,N622SW,ATL,CAK,1405,1403,-2,15,1418,100,94,74,528,1532,5,1545,1537,-8,0,0,,,,,,
7188,2015,1,1,4,WN,658,N8621A,PHX,LAS,1405,1417,12,9,1426,65,59,45,255,1411,5,1410,1416,6,0,0,,,,,,
7190,2015,1,1,4,WN,134,N473WN,SFO,SNA,1405,1359,-6,8,1407,85,72,60,372,1507,4,1530,1511,-19,0,0,,,,,,
7194,2015,1,1,4,UA,1599,N68822,IAH,RSW,1405,1411,6,10,1421,132,116,101,861,1702,5,1717,1707,-10,0,0,,,,,,
7195,2015,1,1,4,US,409,N184US,ORD,PHX,1405,1406,1,15,1421,230,240,220,1440,1701,5,1655,1706,11,0,0,,,,,,
7199,2015,1,1,4,AA,1399,N489AA,DFW,STL,1405,1403,-2,17,1420,95,92,70,550,1530,5,1540,1535,-5,0,0,,,,,,
7205,2015,1,1,4,DL,1077,N904DE,ATL,RDU,1405,1410,5,16,1426,84,72,54,356,1520,2,1529,1522,-7,0,0,,,,,,
7206,2015,1,1,4,DL,1123,N813DN,ATL,SLC,1405,1408,3,13,1421,259,231,215,1590,1556,3,1624,1559,-25,0,0,,,,,,
7207,2015,1,1,4,DL,1181,N899AT,ATL,HSV,1405,1403,-2,10,1413,56,44,29,151,1342,5,1401,1347,-14,0,0,,,,,,
7209,2015,1,1,4,DL,2095,N904DL,ATL,ORF,1405,1412,7,13,1425,92,87,69,516,1534,5,1537,1539,2,0,0,,,,,,
7211,2015,1,1,4,DL,2262,N180DN,LAX,JFK,1405,1401,-4,20,1421,318,303,278,2475,2159,5,2223,2204,-19,0,0,,,,,,
7214,2015,1,1,4,EV,2508,N905EV,DFW,LFT,1405,1422,17,23,1445,75,81,54,351,1539,4,1520,1543,23,0,0,,6,0,17,0,0
7216,2015,1,1,4,MQ,2856,N695MQ,DFW,CHS,1405,1427,22,16,1443,143,136,114,987,1737,6,1728,1743,15,0,0,,0,0,15,0,0
7220,2015,1,1,4,OO,5637,N920SW,SFO,TUS,1405,1402,-3,14,1416,125,135,117,751,1713,4,1710,1717,7,0,0,,,,,,
7225,2015,1,1,4,OO,5413,N908SW,ORD,MKE,1407,1404,-3,25,1429,48,49,19,67,1448,5,1455,1453,-2,0,0,,,,,,
7228,2015,1,1,4,OO,4972,N962SW,DEN,RAP,1408,1418,10,13,1431,71,62,45,300,1516,4,1519,1520,1,0,0,,,,,,
7234,2015,1,1,4,F9,777,N951FR,DEN,LAS,1409,1448,39,9,1457,111,95,80,628,1517,6,1500,1523,23,0,0,,0,0,0,23,0
7236,2015,1,1,4,US,1926,N198UW,LAX,PHL,1410,1414,4,23,1437,296,294,267,2402,2204,4,2206,2208,2,0,0,,,,,,
7242,2015,1,1,4,WN,2775,N629SW,LAS,GEG,1410,1420,10,11,1431,145,137,122,806,1633,4,1635,1637,2,0,0,,,,,,
7243,2015,1,1,4,WN,672,N772SW,LAS,RNO,1410,1410,0,9,1419,80,71,58,345,1517,4,1530,1521,-9,0,0,,,,,,
7244,2015,1,1,4,WN,791,N740SW,LAS,SMF,1410,1416,6,17,1433,90,85,65,397,1538,3,1540,1541,1,0,0,,,,,,
7245,2015,1,1,4,WN,335,N226WN,LAS,TUS,1410,1417,7,13,1430,75,71,55,365,1625,3,1625,1628,3,0,0,,,,,,
7248,2015,1,1,4,WN,1137,N8607M,MSP,MDW,1410,1419,9,12,1431,95,76,58,349,1529,6,1545,1535,-10,0,0,,,,,,
7261,2015,1,1,4,AA,126,N4XGAA,PHX,DFW,1410,1508,58,21,1529,140,137,107,868,1816,9,1730,1825,55,0,0,,0,0,8,47,0
7262,2015,1,1,4,AA,103,N4XSAA,DFW,MSY,1410,1433,23,13,1446,80,80,62,447,1548,5,1530,1553,23,0,0,,0,0,23,0,0
7263,2015,1,1,4,AA,366,N3LGAA,ORD,LGA,1410,1410,0,21,1431,120,121,94,733,1705,6,1710,1711,1,0,0,,,,,,
7270,2015,1,1,4,B6,424,N935JB,LAX,JFK,1410,1403,-7,18,1421,310,336,299,2475,2220,19,2220,2239,19,0,0,,19,0,0,0,0
7276,2015,1,1,4,AA,1365,N3BSAA,DFW,AUS,1410,1414,4,19,1433,60,68,45,190,1518,4,1510,1522,12,0,0,,,,,,
7277,2015,1,1,4,DL,61,N129DL,SFO,ATL,1410,1410,0,12,1422,269,258,239,2139,2121,7,2139,2128,-11,0,0,,,,,,
7282,2015,1,1,4,F9,588,N920FR,DEN,TYS,1410,1424,14,9,1433,152,140,127,1162,1840,4,1842,1844,2,0,0,,,,,,
7283,2015,1,1,4,MQ,2800,N667MQ,DFW,HOU,1410,1457,47,17,1514,63,73,50,247,1604,6,1513,1610,57,0,0,,10,0,47,0,0
7285,2015,1,1,4,MQ,2968,N509MQ,ORD,STL,1410,1413,3,41,1454,68,93,48,258,1542,4,1518,1546,28,0,0,,28,0,0,0,0
7287,2015,1,1,4,MQ,3061,N644MQ,ORD,AZO,1410,1424,14,19,1443,53,47,24,122,1607,4,1603,1611,8,0,0,,,,,,
7288,2015,1,1,4,MQ,3453,N609MQ,DFW,SJT,1410,,,,,58,,,229,,,1508,,,0,1,B,,,,,
7297,2015,1,1,4,OO,5320,N903SW,DEN,MAF,1411,1441,30,26,1507,102,119,87,563,1734,6,1653,1740,47,0,0,,17,0,30,0,0
7298,2015,1,1,4,OO,5228,N705SK,IAH,RDU,1411,1536,85,20,1556,152,147,124,1042,1900,3,1743,1903,80,0,0,,0,0,58,22,0
7301,2015,1,1,4,NK,659,N629NK,ORD,MCI,1412,1409,-3,10,1419,90,78,65,403,1524,3,1542,1527,-15,0,0,,,,,,
7302,2015,1,1,4,UA,656,N812UA,ORD,ALB,1414,1408,-6,20,1428,115,105,80,723,1648,5,1709,1653,-16,0,0,,,,,,
7304,2015,1,1,4,DL,1772,N542US,PHX,ATL,1414,1408,-6,14,1422,210,187,167,1587,1909,6,1944,1915,-29,0,0,,,,,,
7305,2015,1,1,4,F9,624,N202FR,DEN,DTW,1414,1520,66,11,1531,161,142,124,1123,1935,7,1855,1942,47,0,0,,0,0,0,47,0
7310,2015,1,1,4,US,1897,N534UW,LAS,CLT,1415,1412,-3,13,1425,247,228,209,1916,2054,6,2122,2100,-22,0,0,,,,,,
7312,2015,1,1,4,WN,2131,N213WN,DEN,IAD,1415,1453,38,10,1503,190,169,154,1452,1937,5,1925,1942,17,0,0,,0,0,11,6,0
7314,2015,1,1,4,WN,606,N8647A,LAX,SMF,1415,1415,0,9,1424,80,76,63,373,1527,4,1535,1531,-4,0,0,,,,,,
7318,2015,1,1,4,WN,844,N224WN,ATL,BWI,1415,1415,0,15,1430,105,101,81,577,1551,5,1600,1556,-4,0,0,,,,,,
7319,2015,1,1,4,WN,747,N259WN,PHX,MDW,1415,1520,65,13,1533,195,173,155,1444,1908,5,1830,1913,43,0,0,,0,0,18,25,0
7330,2015,1,1,4,AA,32,N794AA,LAX,JFK,1415,1424,9,14,1438,325,315,288,2475,2226,13,2240,2239,-1,0,0,,,,,,
7331,2015,1,1,4,AA,125,N585AA,DFW,ATL,1415,1430,15,9,1439,120,103,89,731,1708,5,1715,1713,-2,0,0,,,,,,
7332,2015,1,1,4,AA,1252,N5CNAA,DFW,MCO,1415,1419,4,14,1433,145,138,120,985,1733,4,1740,1737,-3,0,0,,,,,,
7334,2015,1,1,4,AA,1472,N514AA,DFW,ELP,1415,1536,81,19,1555,105,112,90,551,1625,3,1500,1628,88,0,0,,7,0,0,72,9
7336,2015,1,1,4,AA,2208,N4WPAA,DFW,CLE,1415,1419,4,16,1435,155,145,118,1021,1733,11,1750,1744,-6,0,0,,,,,,
7337,2015,1,1,4,AA,2356,N3MAAA,SFO,ORD,1415,1411,-4,15,1426,255,251,226,1846,2012,10,2030,2022,-8,0,0,,,,,,
7343,2015,1,1,4,DL,2029,N698DL,MSP,SLC,1415,1409,-6,11,1420,174,151,137,991,1537,3,1609,1540,-29,0,0,,,,,,
7349,2015,1,1,4,EV,2529,N903EV,DFW,FSD,1415,1411,-4,21,1432,120,120,96,737,1608,3,1615,1611,-4,0,0,,,,,,
7350,2015,1,1,4,EV,5613,N837AS,ATL,VLD,1415,1411,-4,15,1426,60,55,38,208,1504,2,1515,1506,-9,0,0,,,,,,
7351,2015,1,1,4,F9,1260,N203FR,ORD,TPA,1415,1426,11,14,1440,155,171,152,1012,1812,5,1750,1817,27,0,0,,16,0,11,0,0
7352,2015,1,1,4,F9,319,N952FR,DEN,PSP,1415,1407,-8,11,1418,129,118,100,776,1458,7,1524,1505,-19,0,0,,,,,,
7354,2015,1,1,4,MQ,3067,N542MQ,DFW,AMA,1415,1442,27,20,1502,68,74,49,312,1551,5,1523,1556,33,0,0,,6,0,0,15,12
7359,2015,1,1,4,MQ,3546,N918MQ,DFW,LIT,1415,1449,34,20,1509,68,73,49,304,1558,4,1523,1602,39,0,0,,5,0,15,19,0
7362,2015,1,1,4,UA,401,N451UA,DEN,LAX,1416,1416,0,12,1428,155,141,107,862,1515,22,1551,1537,-14,0,0,,,,,,
7363,2015,1,1,4,EV,5567,N850AS,ATL,SGF,1416,1413,-3,15,1428,116,119,95,563,1503,9,1512,1512,0,0,0,,,,,,
7374,2015,1,1,4,OO,4541,N823SK,LAX,SAN,1419,1416,-3,13,1429,53,45,29,109,1458,3,1512,1501,-11,0,0,,,,,,
7375,2015,1,1,4,OO,5243,N479CA,DEN,MSO,1419,1429,10,15,1444,137,120,101,679,1625,4,1636,1629,-7,0,0,,,,,,
7378,2015,1,1,4,UA,554,N667UA,SFO,IAH,1420,1458,38,28,1526,225,228,193,1635,2039,7,2005,2046,41,0,0,,12,0,0,29,0
7379,2015,1,1,4,WN,743,N374SW,ATL,PHL,1420,1420,0,13,1433,120,113,96,666,1609,4,1620,1613,-7,0,0,,,,,,
7385,2015,1,1,4,WN,139,N392SW,DEN,PHX,1420,1420,0,13,1433,110,115,97,602,1610,5,1610,1615,5,0,0,,,,,,
7387,2015,1,1,4,WN,2663,N908WN,LAX,DAL,1420,1439,19,8,1447,170,174,161,1246,1928,5,1910,1933,23,0,0,,4,0,13,6,0
7388,2015,1,1,4,WN,675,N956WN,LAX,HOU,1420,1430,10,13,1443,185,197,169,1390,1932,15,1925,1947,22,0,0,,12,0,10,0,0
7395,2015,1,1,4,WN,3496,N768SW,ATL,DEN,1420,1426,6,14,1440,210,211,182,1199,1542,15,1550,1557,7,0,0,,,,,,
7396,2015,1,1,4,WN,3450,N709SW,SFO,MDW,1420,1522,62,9,1531,250,243,228,1855,2119,6,2030,2125,55,0,0,,0,0,13,42,0
7405,2015,1,1,4,AA,1424,N3GJAA,DEN,MIA,1420,1440,20,26,1506,223,236,201,1709,2027,9,2003,2036,33,0,0,,13,0,11,9,0
7406,2015,1,1,4,AA,1239,N4YSAA,LAS,DFW,1420,1437,17,19,1456,160,162,134,1055,1910,9,1900,1919,19,0,0,,2,0,0,17,0
7407,2015,1,1,4,AA,2331,N7AMAA,ORD,DFW,1420,1503,43,10,1513,150,167,129,802,1722,28,1650,1750,60,0,0,,17,0,43,0,0
7408,2015,1,1,4,AA,2408,N4WKAA,ORD,AUS,1420,1413,-7,15,1428,165,169,150,978,1658,4,1705,1702,-3,0,0,,,,,,
7412,2015,1,1,4,DL,835,N361NB,DFW,SLC,1420,1449,29,12,1501,172,148,133,989,1614,3,1612,1617,5,0,0,,,,,,
7416,2015,1,1,4,DL,2553,N935DL,ATL,SAT,1420,1420,0,11,1431,165,147,132,874,1543,4,1605,1547,-18,0,0,,,,,,
7417,2015,1,1,4,DL,1916,N555NW,DEN,ATL,1420,1429,9,27,1456,165,179,138,1199,1914,14,1905,1928,23,0,0,,14,0,9,0,0
7418,2015,1,1,4,EV,4737,N15986,ORD,SDF,1420,1418,-2,13,1431,79,69,42,287,1613,14,1639,1627,-12,0,0,,,,,,
7419,2015,1,1,4,F9,1301,N923FR,ATL,IAD,1420,1420,0,14,1434,105,103,81,534,1555,8,1605,1603,-2,0,0,,,,,,
7421,2015,1,1,4,MQ,2801,N617MQ,ORD,TVC,1420,1416,-4,16,1432,58,60,41,224,1613,3,1618,1616,-2,0,0,,,,,,
7422,2015,1,1,4,MQ,3071,N606MQ,DFW,GSO,1420,1446,26,14,1500,143,132,116,999,1756,2,1743,1758,15,0,0,,0,0,9,6,0
7427,2015,1,1,4,OO,6218,N583SW,SFO,BFL,1420,1422,2,14,1436,77,72,54,238,1530,4,1537,1534,-3,0,0,,,,,,
7429,2015,1,1,4,OO,4453,N606SK,LAX,OAK,1420,1415,-5,19,1434,86,81,57,337,1531,5,1546,1536,-10,0,0,,,,,,
7430,2015,1,1,4,OO,2643,N955SW,ORD,CHO,1420,1427,7,16,1443,105,95,74,567,1657,5,1705,1702,-3,0,0,,,,,,
7432,2015,1,1,4,UA,1733,N77066,SFO,DEN,1421,1438,17,14,1452,147,177,144,967,1816,19,1748,1835,47,0,0,,30,0,13,4,0
7439,2015,1,1,4,EV,6130,N11106,DEN,DIK,1422,1414,-8,15,1429,99,91,72,488,1541,4,1601,1545,-16,0,0,,,,,,
7445,2015,1,1,4,OO,5171,N969SW,DEN,BIS,1423,1707,164,36,1743,97,115,74,516,1957,5,1700,2002,182,0,0,,18,0,0,164,0
7448,2015,1,1,4,NK,217,N514NK,IAH,LAX,1424,1423,-1,11,1434,219,208,187,1379,1541,10,1603,1551,-12,0,0,,,,,,
7453,2015,1,1,4,WN,882,N233LV,ATL,RIC,1425,1423,-2,14,1437,90,86,69,481,1546,3,1555,1549,-6,0,0,,,,,,
7462,2015,1,1,4,WN,340,N756SA,LAS,BUR,1425,1446,21,12,1458,65,58,43,223,1541,3,1530,1544,14,0,0,,,,,,
7463,2015,1,1,4,WN,2849,N8328A,LAX,MDW,1425,1509,44,7,1516,240,229,215,1750,2051,7,2025,2058,33,0,0,,0,0,9,24,0
7476,2015,1,1,4,AA,1005,N3JXAA,DFW,FLL,1425,1428,3,13,1441,160,155,134,1119,1755,8,1805,1803,-2,0,0,,,,,,
7477,2015,1,1,4,AA,1430,N556AA,ORD,MSP,1425,1421,-4,16,1437,85,84,63,334,1540,5,1550,1545,-5,0,0,,,,,,
7478,2015,1,1,4,AA,1664,N520AA,DFW,SAT,1425,1449,24,18,1507,65,76,52,247,1559,6,1530,1605,35,0,0,,11,0,14,10,0
7480,2015,1,1,4,AA,2315,N4WLAA,DFW,ORD,1425,1438,13,13,1451,135,118,93,802,1624,12,1640,1636,-4,0,0,,,,,,
7486,2015,1,1,4,DL,1452,N589NW,MSP,ATL,1425,1424,-1,11,1435,149,129,113,907,1728,5,1754,1733,-21,0,0,,,,,,
7487,2015,1,1,4,DL,1521,N910AT,ATL,DAY,1425,1424,-1,14,1438,91,83,64,432,1542,5,1556,1547,-9,0,0,,,,,,
7488,2015,1,1,4,DL,1695,N931DN,ATL,CMH,1425,1420,-5,17,1437,92,87,64,447,1541,6,1557,1547,-10,0,0,,,,,,
7494,2015,1,1,4,MQ,3279,N905MQ,DFW,GSP,1425,1440,15,19,1459,128,127,105,862,1744,3,1733,1747,14,0,0,,,,,,
7496,2015,1,1,4,MQ,3484,N635MQ,DFW,CAE,1425,1448,23,17,1505,133,130,110,922,1755,3,1738,1758,20,0,0,,0,0,13,7,0
7499,2015,1,1,4,OO,2618,N477CA,LAX,ELP,1425,1444,19,18,1502,110,113,92,715,1734,3,1715,1737,22,0,0,,3,0,0,19,0
7500,2015,1,1,4,OO,2620,N435SW,LAX,SAN,1425,1424,-1,15,1439,45,49,29,109,1508,5,1510,1513,3,0,0,,,,,,
7504,2015,1,1,4,UA,259,N838UA,IAH,IND,1426,1425,-1,9,1434,136,117,102,844,1716,6,1742,1722,-20,0,0,,,,,,
7508,2015,1,1,4,OO,5488,N791SK,IAH,ASE,1427,1436,9,19,1455,172,,,913,,,1619,,,1,0,,,,,,
7510,2015,1,1,4,F9,704,N931FR,DEN,MSY,1428,1426,-2,10,1436,145,154,137,1062,1753,7,1753,1800,7,0,0,,,,,,
7534,2015,1,1,4,WN,4380,N921WN,LAX,OAK,1430,1432,2,14,1446,75,76,57,337,1543,5,1545,1548,3,0,0,,,,,,
7547,2015,1,1,4,UA,1459,N67815,IAH,DEN,1430,1453,23,9,1502,151,134,117,862,1559,8,1601,1607,6,0,0,,,,,,
7550,2015,1,1,4,AA,155,N3FUAA,ORD,LAX,1430,1446,16,11,1457,270,254,236,1744,1653,7,1700,1700,0,0,0,,,,,,
7551,2015,1,1,4,AA,386,N434AA,DFW,JAX,1430,1639,129,16,1655,135,132,109,918,1944,7,1745,1951,126,0,0,,0,0,12,114,0
7552,2015,1,1,4,AA,1010,N4YFAA,DFW,DEN,1430,1445,15,28,1513,120,131,94,641,1547,9,1530,1556,26,0,0,,11,0,0,15,0
7553,2015,1,1,4,AA,1188,N4XXAA,LAX,AUS,1430,1503,33,20,1523,175,183,157,1242,2000,6,1925,2006,41,0,0,,8,0,15,18,0
7554,2015,1,1,4,AA,2237,N3CJAA,DFW,DCA,1430,1425,-5,12,1437,160,160,127,1192,1744,21,1810,1805,-5,0,0,,,,,,
7560,2015,1,1,4,DL,1064,N934AT,ATL,ICT,1430,1426,-4,12,1438,149,125,110,782,1528,3,1559,1531,-28,0,0,,,,,,
7561,2015,1,1,4,DL,28,N918DE,DFW,ATL,1430,1437,7,11,1448,120,103,88,731,1716,4,1730,1720,-10,0,0,,,,,,
7563,2015,1,1,4,EV,4176,N13965,IAH,CRP,1430,1429,-1,13,1442,60,62,44,201,1526,5,1530,1531,1,0,0,,,,,,
7564,2015,1,1,4,EV,4257,N13956,IAH,AMA,1430,1430,0,27,1457,102,110,78,517,1615,5,1612,1620,8,0,0,,,,,,
7565,2015,1,1,4,EV,4507,N16170,IAH,MEM,1430,1430,0,13,1443,93,86,63,468,1546,10,1603,1556,-7,0,0,,,,,,
7568,2015,1,1,4,F9,1051,N924FR,IAH,PHX,1430,1452,22,10,1502,175,164,146,1009,1628,8,1625,1636,11,0,0,,,,,,
7571,2015,1,1,4,MQ,2789,N8EGMQ,DFW,CID,1430,1440,10,16,1456,108,106,86,685,1622,4,1618,1626,8,0,0,,,,,,
7572,2015,1,1,4,MQ,2942,N855MQ,DFW,HSV,1430,1429,-1,13,1442,98,102,85,603,1607,4,1608,1611,3,0,0,,,,,,
7579,2015,1,1,4,OO,4517,N820SK,LAX,PHX,1430,1436,6,15,1451,84,77,58,370,1649,4,1654,1653,-1,0,0,,,,,,
7581,2015,1,1,4,OO,5543,N125SY,SFO,BOI,1430,1427,-3,16,1443,96,103,83,522,1706,4,1706,1710,4,0,0,,,,,,
7582,2015,1,1,4,UA,174,N39450,LAX,EWR,1431,1430,-1,12,1442,323,286,266,2454,2208,8,2254,2216,-38,0,0,,,,,,
7583,2015,1,1,4,UA,1218,N34282,DEN,ICT,1431,1451,20,10,1501,77,70,55,420,1656,5,1648,1701,13,0,0,,,,,,
7587,2015,1,1,4,UA,1576,N13138,IAH,EWR,1431,1440,9,11,1451,209,185,164,1400,1835,10,1900,1845,-15,0,0,,,,,,
7589,2015,1,1,4,EV,4626,N21154,IAH,LRD,1431,1427,-4,12,1439,77,70,55,301,1534,3,1548,1537,-11,0,0,,,,,,
7591,2015,1,1,4,OO,5168,N916SW,DEN,FSD,1431,1437,6,17,1454,92,97,74,483,1708,6,1703,1714,11,0,0,,,,,,
7592,2015,1,1,4,UA,545,N401UA,IAH,ORD,1432,1436,4,13,1449,165,134,108,925,1637,13,1717,1650,-27,0,0,,,,,,
7594,2015,1,1,4,UA,1135,N66828,ORD,MCO,1432,1435,3,10,1445,164,149,130,1005,1755,9,1816,1804,-12,0,0,,,,,,
7597,2015,1,1,4,EV,5956,N14173,IAH,TUS,1432,1428,-4,15,1443,168,158,138,936,1601,5,1620,1606,-14,0,0,,,,,,
7599,2015,1,1,4,EV,4283,N13978,DFW,IAH,1433,1426,-7,10,1436,69,64,48,224,1524,6,1542,1530,-12,0,0,,,,,,
7600,2015,1,1,4,EV,4526,N13161,IAH,ELP,1433,1430,-3,15,1445,126,120,101,667,1526,4,1539,1530,-9,0,0,,,,,,
7601,2015,1,1,4,EV,4601,N11164,IAH,LBB,1433,1500,27,13,1513,94,102,71,458,1624,18,1607,1642,35,0,0,,8,0,8,19,0
7602,2015,1,1,4,F9,442,N929FR,DEN,FSD,1433,1437,4,15,1452,80,88,68,483,1700,5,1653,1705,12,0,0,,,,,,
7604,2015,1,1,4,UA,1115,N76505,LAS,ORD,1434,1453,19,17,1510,214,225,180,1514,2010,28,2008,2038,30,0,0,,13,0,0,17,0
7607,2015,1,1,4,EV,4725,N12922,IAH,GRK,1434,1512,38,12,1524,58,51,33,166,1557,6,1532,1603,31,0,0,,31,0,0,0,0
7609,2015,1,1,4,OO,5188,N706SK,LAX,ASE,1434,1438,4,19,1457,128,178,155,737,1832,4,1742,1836,54,0,0,,50,0,4,0,0
7610,2015,1,1,4,UA,269,N806UA,IAH,SNA,1435,1434,-1,14,1448,219,202,184,1346,1552,4,1614,1556,-18,0,0,,,,,,
7611,2015,1,1,4,US,660,N604AW,MSP,PHX,1435,1434,-1,14,1448,205,187,170,1276,1638,3,1700,1641,-19,0,0,,,,,,
7616,2015,1,1,4,VX,744,N626VA,SFO,SEA,1435,1429,-6,12,1441,120,124,106,679,1627,6,1635,1633,-2,0,0,,,,,,
7617,2015,1,1,4,WN,2176,N701GS,ATL,TPA,1435,1446,11,9,1455,85,76,63,406,1558,4,1600,1602,2,0,0,,,,,,
7627,2015,1,1,4,WN,2086,N639SW,LAS,PHX,1435,1450,15,14,1504,65,63,44,255,1648,5,1640,1653,13,0,0,,,,,,
7633,2015,1,1,4,UA,1761,N37456,IAH,SFO,1435,1455,20,12,1507,263,230,212,1635,1639,6,1658,1645,-13,0,0,,,,,,
7634,2015,1,1,4,US,510,N764US,PHX,SMF,1435,1454,19,22,1516,119,121,95,647,1551,4,1534,1555,21,0,0,,2,0,19,0,0
7635,2015,1,1,4,AA,221,N3CBAA,SFO,DFW,1435,1740,185,28,1808,205,214,179,1464,2307,7,2000,2314,194,0,0,,9,0,0,185,0
7639,2015,1,1,4,AA,2433,N3ERAA,LAX,DFW,1435,1433,-2,13,1446,180,218,152,1235,1918,53,1935,2011,36,0,0,,36,0,0,0,0
7640,2015,1,1,4,AA,2479,N5FBAA,DFW,LAX,1435,1442,7,17,1459,205,187,165,1235,1544,5,1600,1549,-11,0,0,,,,,,
7642,2015,1,1,4,DL,2372,N924DN,ATL,TPA,1435,1433,-2,10,1443,85,69,56,406,1539,3,1600,1542,-18,0,0,,,,,,
7646,2015,1,1,4,EV,5942,N34110,DEN,MCI,1435,1500,25,10,1510,94,85,69,533,1719,6,1709,1725,16,0,0,,0,0,0,16,0
7647,2015,1,1,4,F9,238,N223FR,DEN,BNA,1435,1437,2,20,1457,138,143,116,1014,1753,7,1753,1800,7,0,0,,,,,,
7655,2015,1,1,4,OO,5200,N774SK,IAH,PHX,1435,1533,58,10,1543,172,161,147,1009,1710,4,1627,1714,47,0,0,,0,0,42,5,0
7656,2015,1,1,4,OO,5250,N579SW,SFO,ACV,1435,1559,84,23,1622,83,76,50,250,1712,3,1558,1715,77,0,0,,0,0,77,0,0
7658,2015,1,1,4,OO,6584,N944SW,PHX,FLG,1435,1445,10,23,1508,46,54,26,119,1534,5,1521,1539,18,0,0,,8,2,0,8,0
7659,2015,1,1,4,OO,6599,N885AS,PHX,PSP,1435,1434,-1,21,1455,67,76,51,261,1446,4,1442,1450,8,0,0,,,,,,
7660,2015,1,1,4,UA,317,N833UA,SFO,IND,1436,1439,3,10,1449,258,247,228,1943,2137,9,2154,2146,-8,0,0,,,,,,
7664,2015,1,1,4,OO,4656,N809SK,PHX,SLC,1436,1435,-1,16,1451,104,100,74,507,1605,10,1620,1615,-5,0,0,,,,,,
7665,2015,1,1,4,OO,5193,N784SK,LAX,DFW,1436,1530,54,14,1544,177,181,154,1235,2018,13,1933,2031,58,0,0,,4,0,2,52,0
7669,2015,1,1,4,UA,293,N475UA,LAX,IAH,1438,1443,5,16,1459,193,188,167,1379,1946,5,1951,1951,0,0,0,,,,,,
7670,2015,1,1,4,EV,3258,N14920,ORD,SYR,1438,1436,-2,7,1443,107,84,71,607,1654,6,1725,1700,-25,0,0,,,,,,
7676,2015,1,1,4,OO,6400,N965SW,SFO,BUR,1438,1429,-9,12,1441,74,69,54,326,1535,3,1552,1538,-14,0,0,,,,,,
7685,2015,1,1,4,VX,913,N361VA,LAS,SFO,1440,1440,0,17,1457,90,88,65,414,1602,6,1610,1608,-2,0,0,,,,,,
7689,2015,1,1,4,WN,1187,N655WN,LAX,SFO,1440,1514,34,14,1528,75,75,54,337,1622,7,1555,1629,34,0,0,,0,0,24,10,0
7695,2015,1,1,4,UA,1141,N78511,ORD,TPA,1440,1438,-2,11,1449,164,151,135,1012,1804,5,1824,1809,-15,0,0,,,,,,
7696,2015,1,1,4,UA,1704,N32404,PHX,IAH,1440,1443,3,10,1453,150,168,121,1009,1754,37,1810,1831,21,0,0,,21,0,0,0,0
7699,2015,1,1,4,AA,1347,N471AA,DFW,DSM,1440,1506,26,12,1518,110,92,74,624,1632,6,1630,1638,8,0,0,,,,,,
7702,2015,1,1,4,AA,2306,N4XKAA,DFW,MSP,1440,1437,-3,21,1458,140,131,103,852,1641,7,1700,1648,-12,0,0,,,,,,
7706,2015,1,1,4,B6,879,N562JB,LAS,LGB,1440,1446,6,14,1500,64,58,40,231,1540,4,1544,1544,0,0,0,,,,,,
7709,2015,1,1,4,DL,1559,N587NW,LAX,HNL,1440,1438,-2,17,1455,348,360,331,2556,1826,12,1828,1838,10,0,0,,,,,,
7711,2015,1,1,4,EV,2513,N880AS,DFW,MLU,1440,1538,58,12,1550,65,63,45,293,1635,6,1545,1641,56,0,0,,0,0,0,56,0
7719,2015,1,1,4,MQ,2890,N684MQ,ORD,MLI,1440,1439,-1,13,1452,53,49,28,139,1520,8,1533,1528,-5,0,0,,,,,,
7722,2015,1,1,4,MQ,3207,N689MQ,DFW,GRR,1440,1439,-1,24,1503,138,149,113,931,1756,12,1758,1808,10,0,0,,,,,,
7724,2015,1,1,4,MQ,3183,N627MQ,DFW,MSN,1440,1458,18,17,1515,128,119,100,821,1655,2,1648,1657,9,0,0,,,,,,
7725,2015,1,1,4,MQ,3289,N626MQ,ORD,SUX,1440,1507,27,37,1544,93,110,69,436,1653,4,1613,1657,44,0,0,,17,0,27,0,0
7729,2015,1,1,4,EV,5790,N14543,IAH,MAF,1440,,,,,90,,,429,,,1610,,,0,1,C,,,,,
7733,2015,1,1,4,OO,6601,N886AS,PHX,MRY,1440,1433,-7,16,1449,114,108,88,598,1517,4,1534,1521,-13,0,0,,,,,,
7736,2015,1,1,4,DL,2580,N921DL,ATL,CLE,1442,1449,7,13,1502,106,99,78,554,1620,8,1628,1628,0,0,0,,,,,,
7742,2015,1,1,4,OO,5514,N917SW,DEN,TUL,1444,1444,0,16,1500,96,96,75,541,1715,5,1720,1720,0,0,0,,,,,,
7743,2015,1,1,4,OO,6528,N948SW,PHX,LAX,1444,1440,-4,10,1450,86,118,62,370,1452,46,1510,1538,28,0,0,,28,0,0,0,0
7744,2015,1,1,4,UA,277,N576UA,DEN,SFO,1445,1444,-1,15,1459,172,140,119,967,1558,6,1637,1604,-33,0,0,,,,,,
7745,2015,1,1,4,US,636,N649AW,IAH,PHX,1445,1444,-1,13,1457,173,167,147,1009,1624,7,1638,1631,-7,0,0,,,,,,
7746,2015,1,1,4,US,672,N906AW,PHX,LIH,1445,1443,-2,21,1504,410,413,389,2979,1833,3,1835,1836,1,0,0,,,,,,
7750,2015,1,1,4,US,1727,N196UW,LAS,PHL,1445,1445,0,13,1458,270,258,240,2176,2158,5,2215,2203,-12,0,0,,,,,,
7753,2015,1,1,4,US,1935,N716UW,ATL,PHL,1445,1441,-4,12,1453,119,112,90,666,1623,10,1644,1633,-11,0,0,,,,,,
7755,2015,1,1,4,US,2023,N587UW,PHX,LAX,1445,1446,1,23,1509,87,89,60,370,1509,6,1512,1515,3,0,0,,,,,,
7756,2015,1,1,4,UA,1030,N20904,DEN,IAH,1445,1458,13,11,1509,134,141,111,862,1800,19,1759,1819,20,0,0,,7,0,13,0,0
7757,2015,1,1,4,VX,414,N847VA,LAX,JFK,1445,1446,1,7,1453,320,291,275,2475,2228,9,2305,2237,-28,0,0,,,,,,
7758,2015,1,1,4,VX,908,N636VA,SFO,LAS,1445,1445,0,14,1459,90,92,66,414,1605,12,1615,1617,2,0,0,,,,,,
7759,2015,1,1,4,VX,90,N633VA,SFO,IAD,1445,1444,-1,13,1457,300,288,268,2419,2225,7,2245,2232,-13,0,0,,,,,,
7769,2015,1,1,4,WN,2070,N7740A,LAX,STL,1445,1511,26,7,1518,205,204,192,1592,2030,5,2010,2035,25,0,0,,0,0,25,0,0
7774,2015,1,1,4,WN,1348,N902WN,PHX,LAX,1445,1458,13,27,1525,75,92,58,370,1523,7,1500,1530,30,0,0,,17,0,0,13,0
7777,2015,1,1,4,US,450,N602AW,PHX,SLC,1445,1444,-1,13,1457,96,96,78,507,1615,5,1621,1620,-1,0,0,,,,,,
7778,2015,1,1,4,US,521,N568UW,DEN,PHX,1445,1442,-3,16,1458,109,112,90,602,1628,6,1634,1634,0,0,0,,,,,,
7783,2015,1,1,4,AA,260,N4UBAA,DFW,MKE,1445,1525,40,12,1537,135,122,101,853,1718,9,1700,1727,27,0,0,,0,0,27,0,0
7784,2015,1,1,4,AA,1068,N485AA,DFW,BWI,1445,1544,59,12,1556,165,158,141,1217,1917,5,1830,1922,52,0,0,,0,0,52,0,0
7785,2015,1,1,4,AA,1213,N5BRAA,DFW,SFO,1445,1514,29,19,1533,220,211,188,1464,1641,4,1625,1645,20,0,0,,0,0,20,0,0
7786,2015,1,1,4,AA,1151,N508AA,DEN,DFW,1445,1439,-6,24,1503,120,130,93,641,1736,13,1745,1749,4,0,0,,,,,,
7788,2015,1,1,4,AA,1583,N3LUAA,ORD,PHX,1445,1601,76,13,1614,230,239,218,1440,1852,8,1735,1900,85,0,0,,9,0,76,0,0
7791,2015,1,1,4,B6,578,N537JB,SFO,FLL,1445,1441,-4,15,1456,312,328,307,2583,2303,6,2257,2309,12,0,0,,,,,,
7797,2015,1,1,4,DL,2543,N137DL,ATL,DTW,1445,1529,44,16,1545,124,107,87,594,1712,4,1649,1716,27,0,0,,0,0,27,0,0
7800,2015,1,1,4,DL,1545,N916DL,ATL,LGA,1445,1442,-3,9,1451,133,116,97,762,1628,10,1658,1638,-20,0,0,,,,,,
7802,2015,1,1,4,EV,3955,N12528,IAH,JAN,1445,1443,-2,14,1457,76,72,49,351,1546,9,1601,1555,-6,0,0,,,,,,
7803,2015,1,1,4,EV,4093,N14570,IAH,ABQ,1445,1450,5,18,1508,140,136,114,744,1602,4,1605,1606,1,0,0,,,,,,
7806,2015,1,1,4,EV,5737,N827AS,ORD,CAE,1445,1455,10,14,1509,116,112,88,667,1737,10,1741,1747,6,0,0,,,,,,
7808,2015,1,1,4,MQ,3261,N660MQ,DFW,GRK,1445,1528,43,13,1541,43,57,39,134,1620,5,1528,1625,57,0,0,,14,0,13,30,0
7809,2015,1,1,4,MQ,3637,N5PBMQ,ORD,XNA,1445,1457,12,18,1515,103,103,82,522,1637,3,1628,1640,12,0,0,,,,,,
7810,2015,1,1,4,NK,770,N504NK,ATL,DTW,1445,1448,3,13,1501,116,117,89,594,1630,15,1641,1645,4,0,0,,,,,,
7813,2015,1,1,4,OO,6581,N897SK,PHX,FAT,1445,1444,-1,22,1506,105,113,84,493,1530,7,1530,1537,7,0,0,,,,,,
7814,2015,1,1,4,OO,6603,N906SW,PHX,YUM,1445,1442,-3,19,1501,53,64,41,160,1542,4,1538,1546,8,0,0,,,,,,
7816,2015,1,1,4,EV,4630,N11137,IAH,LFT,1446,1443,-3,9,1452,53,44,30,201,1522,5,1539,1527,-12,0,0,,,,,,
7817,2015,1,1,4,OO,6208,N926SW,DEN,MOT,1446,1448,2,20,1508,112,118,93,604,1741,5,1738,1746,8,0,0,,,,,,
7822,2015,1,1,4,OO,5531,N947SW,DEN,GTF,1447,1447,0,14,1501,120,115,95,624,1636,6,1647,1642,-5,0,0,,,,,,
7823,2015,1,1,4,UA,1120,N37470,SFO,EWR,1448,1448,0,22,1510,322,321,291,2565,2301,8,2310,2309,-1,0,0,,,,,,
7826,2015,1,1,4,UA,225,N447UA,IAH,SAN,1450,1451,1,15,1506,210,195,178,1303,1604,2,1620,1606,-14,0,0,,,,,,
7836,2015,1,1,4,WN,1453,N8650F,LAS,MDW,1450,1448,-2,12,1500,215,200,180,1521,2000,8,2025,2008,-17,0,0,,,,,,
7841,2015,1,1,4,WN,805,N923WN,PHX,SAT,1450,1450,0,19,1509,120,125,103,843,1752,3,1750,1755,5,0,0,,,,,,
7843,2015,1,1,4,WN,797,N776WN,SFO,PHX,1450,1447,-3,6,1453,110,98,88,651,1721,4,1740,1725,-15,0,0,,,,,,
7846,2015,1,1,4,UA,1274,N57869,LAX,OGG,1450,1511,21,14,1525,345,347,328,2486,1853,5,1835,1858,23,0,0,,2,0,21,0,0
7848,2015,1,1,4,US,413,N571UW,PHX,SEA,1450,1450,0,22,1512,186,179,154,1107,1646,3,1656,1649,-7,0,0,,,,,,
7851,2015,1,1,4,AA,1593,N3FVAA,DFW,CLT,1450,1459,9,13,1512,140,121,98,936,1750,10,1810,1800,-10,0,0,,,,,,
7852,2015,1,1,4,AA,1531,N4XTAA,DFW,TUS,1450,1534,44,20,1554,140,149,127,813,1701,2,1610,1703,53,0,0,,9,0,44,0,0
7854,2015,1,1,4,AA,2335,N4YFAA,ORD,DFW,1450,,,,,150,,,802,,,1720,,,0,1,B,,,,,
7857,2015,1,1,4,AS,306,N795AS,SFO,PSP,1450,1621,91,12,1633,84,86,70,421,1743,4,1614,1747,93,0,0,,2,0,0,91,0
7862,2015,1,1,4,EV,5903,N13908,ORD,AVP,1450,1443,-7,15,1458,105,92,74,632,1712,3,1735,1715,-20,0,0,,,,,,
7863,2015,1,1,4,F9,534,N902FR,DEN,MDW,1450,1504,14,10,1514,133,124,107,895,1801,7,1803,1808,5,0,0,,,,,,
7865,2015,1,1,4,MQ,2854,N847MQ,ORD,HPN,1450,1443,-7,13,1456,130,111,95,738,1731,3,1800,1734,-26,0,0,,,,,,
7867,2015,1,1,4,MQ,3234,N683MQ,DFW,CHA,1450,1520,30,16,1536,108,110,89,695,1805,5,1738,1810,32,0,0,,2,0,22,8,0
7868,2015,1,1,4,MQ,3341,N923MQ,DFW,ABI,1450,,,,,43,,,158,,,1533,,,0,1,B,,,,,
7871,2015,1,1,4,OO,2623,N492SW,LAX,ABQ,1450,1449,-1,15,1504,110,121,89,677,1733,17,1740,1750,10,0,0,,,,,,
7873,2015,1,1,4,OO,4843,N632SK,PHX,LAX,1450,1444,-6,18,1502,95,96,57,370,1459,21,1525,1520,-5,0,0,,,,,,
7876,2015,1,1,4,OO,6317,N754SK,SFO,LAS,1450,1449,-1,15,1504,94,95,70,414,1614,10,1624,1624,0,0,0,,,,,,
7879,2015,1,1,4,OO,6565,N821AS,PHX,SBP,1450,1448,-2,24,1512,105,106,78,509,1530,4,1535,1534,-1,0,0,,,,,,
7880,2015,1,1,4,OO,6575,N889AS,PHX,SBA,1450,1447,-3,27,1514,97,104,72,455,1526,5,1527,1531,4,0,0,,,,,,
7884,2015,1,1,4,EV,6156,N14186,DEN,MSN,1451,1617,86,13,1630,132,111,95,826,1905,3,1803,1908,65,0,0,,0,0,15,50,0
7886,2015,1,1,4,UA,1239,N37413,SFO,BOS,1452,1450,-2,18,1508,333,322,300,2704,2308,4,2325,2312,-13,0,0,,,,,,
7896,2015,1,1,4,DL,2491,N925DL,ATL,SDF,1454,1521,27,15,1536,82,76,54,321,1630,7,1616,1637,21,0,0,,0,0,21,0,0
7897,2015,1,1,4,DL,1584,N942DN,ATL,ROC,1454,1452,-2,15,1507,130,118,96,749,1643,7,1704,1650,-14,0,0,,,,,,
7898,2015,1,1,4,EV,5013,N981EV,ATL,PHF,1454,1456,2,18,1514,97,94,73,508,1627,3,1631,1630,-1,0,0,,,,,,
7899,2015,1,1,4,EV,5056,N839AS,ATL,FAY,1454,1451,-3,15,1506,74,67,49,331,1555,3,1608,1558,-10,0,0,,,,,,
7900,2015,1,1,4,EV,5551,N840AS,ATL,JAN,1454,1451,-3,15,1506,79,73,57,341,1503,1,1513,1504,-9,0,0,,,,,,
7904,2015,1,1,4,UA,215,N472UA,LAX,DEN,1455,1453,-2,15,1508,140,166,137,862,1825,14,1815,1839,24,0,0,,24,0,0,0,0
7908,2015,1,1,4,UA,1024,N14231,SFO,IAD,1455,1450,-5,14,1504,299,283,264,2419,2228,5,2254,2233,-21,0,0,,,,,,
7910,2015,1,1,4,WN,1657,N362SW,LAS,DAL,1455,1521,26,13,1534,160,158,140,1067,1954,5,1935,1959,24,0,0,,0,0,17,7,0
7911,2015,1,1,4,WN,2336,N938WN,LAX,LAS,1455,1517,22,6,1523,60,61,46,236,1609,9,1555,1618,23,0,0,,1,0,22,0,0
7912,2015,1,1,4,WN,647,N7739A,LAX,SAT,1455,1516,21,8,1524,160,157,145,1211,1949,4,1935,1953,18,0,0,,0,0,7,11,0
7915,2015,1,1,4,WN,390,N283WN,PHX,ONT,1455,1507,12,20,1527,65,79,54,325,1521,5,1500,1526,26,0,0,,14,0,0,12,0
7923,2015,1,1,4,US,407,N177US,PHX,SFO,1455,1503,8,18,1521,125,117,93,651,1554,6,1600,1600,0,0,0,,,,,,
7926,2015,1,1,4,AA,390,N3KSAA,ORD,RDU,1455,1451,-4,11,1502,105,93,79,646,1721,3,1740,1724,-16,0,0,,,,,,
7928,2015,1,1,4,AA,985,N3CSAA,ORD,MIA,1455,1452,-3,15,1507,185,186,154,1197,1841,17,1900,1858,-2,0,0,,,,,,
7929,2015,1,1,4,AA,1224,N4WMAA,DFW,BHM,1455,1501,6,10,1511,95,83,71,597,1622,2,1630,1624,-6,0,0,,,,,,
7931,2015,1,1,4,AA,1432,N3LBAA,ORD,CLT,1455,1455,0,15,1510,120,100,80,599,1730,5,1755,1735,-20,0,0,,,,,,
7933,2015,1,1,4,AA,2438,N4YNAA,DFW,LAS,1455,1552,57,13,1605,180,168,149,1055,1634,6,1555,1640,45,0,0,,0,0,45,0,0
7940,2015,1,1,4,DL,392,N933AT,ATL,ORD,1455,1455,0,10,1505,129,109,93,606,1538,6,1604,1544,-20,0,0,,,,,,
7941,2015,1,1,4,DL,897,N523US,ATL,MCO,1455,1454,-1,16,1510,89,84,60,404,1610,8,1624,1618,-6,0,0,,,,,,
7942,2015,1,1,4,DL,980,N994DL,ATL,BOS,1455,1452,-3,13,1505,154,140,120,946,1705,7,1729,1712,-17,0,0,,,,,,
7943,2015,1,1,4,DL,1107,N827DN,ATL,LAS,1455,1455,0,18,1513,279,265,243,1747,1616,4,1634,1620,-14,0,0,,,,,,
7944,2015,1,1,4,DL,1342,N893AT,ATL,IAH,1455,1519,24,14,1533,139,140,114,689,1627,12,1614,1639,25,0,0,,1,0,24,0,0
7945,2015,1,1,4,DL,2057,N962DL,ATL,MSY,1455,1455,0,16,1511,101,90,71,425,1522,3,1536,1525,-11,0,0,,,,,,
7947,2015,1,1,4,DL,1571,N996DL,ATL,CAK,1455,1521,26,13,1534,106,90,71,528,1645,6,1641,1651,10,0,0,,,,,,
7948,2015,1,1,4,DL,1841,N949DL,ATL,SYR,1455,1453,-2,17,1510,131,121,100,794,1650,4,1706,1654,-12,0,0,,,,,,
7950,2015,1,1,4,EV,4103,N14562,ORD,SCE,1455,1519,24,8,1527,100,75,64,528,1731,3,1735,1734,-1,0,0,,,,,,
7952,2015,1,1,4,EV,4939,N720EV,ATL,TUL,1455,1448,-7,13,1501,132,123,107,674,1548,3,1607,1551,-16,0,0,,,,,,
7953,2015,1,1,4,EV,5274,N753EV,ATL,MLI,1455,1450,-5,13,1503,118,110,96,633,1539,1,1553,1540,-13,0,0,,,,,,
7954,2015,1,1,4,EV,5994,N15912,ORD,MLI,1455,1448,-7,12,1500,54,49,30,139,1530,7,1549,1537,-12,0,0,,,,,,
7956,2015,1,1,4,F9,406,N941FR,LAX,DEN,1455,1500,5,8,1508,134,158,133,862,1821,17,1809,1838,29,0,0,,24,0,0,5,0
7959,2015,1,1,4,MQ,2849,N670MQ,ORD,DSM,1455,1513,18,6,1519,73,62,52,299,1611,4,1608,1615,7,0,0,,,,,,
7960,2015,1,1,4,MQ,2817,N845MQ,DFW,LEX,1455,1452,-3,22,1514,123,120,95,785,1749,3,1758,1752,-6,0,0,,,,,,
7961,2015,1,1,4,MQ,3059,N827MQ,DFW,CRP,1455,1517,22,19,1536,73,95,70,354,1646,6,1608,1652,44,0,0,,22,0,0,0,22
7963,2015,1,1,4,MQ,3299,N922MQ,DFW,ACT,1455,1602,67,12,1614,38,46,29,89,1643,5,1533,1648,75,0,0,,8,0,11,56,0
7966,2015,1,1,4,NK,175,N522NK,MSP,LAS,1455,1533,38,12,1545,203,176,159,1299,1624,5,1618,1629,11,0,0,,,,,,
7969,2015,1,1,4,OO,6570,N875AS,PHX,TUS,1455,1633,98,23,1656,48,50,24,110,1720,3,1543,1723,100,0,0,,2,0,98,0,0
7972,2015,1,1,4,NK,484,N524NK,DFW,PHL,1456,1442,-14,11,1453,181,167,153,1303,1826,3,1857,1829,-28,0,0,,,,,,
7974,2015,1,1,4,EV,4303,N29906,IAH,DSM,1457,1454,-3,16,1510,136,122,100,802,1650,6,1713,1656,-17,0,0,,,,,,
7975,2015,1,1,4,EV,5331,N861AS,ATL,CAE,1457,1452,-5,16,1508,59,51,33,192,1541,2,1556,1543,-13,0,0,,,,,,
7976,2015,1,1,4,EV,5924,N23139,ORD,TYS,1457,1455,-2,13,1508,92,81,65,475,1713,3,1729,1716,-13,0,0,,,,,,
7987,2015,1,1,4,US,1826,N192UW,PHX,LAS,1459,1457,-2,28,1525,69,81,47,255,1512,6,1508,1518,10,0,0,,,,,,
7989,2015,1,1,4,US,2082,N956UW,IAH,PHL,1459,1540,41,14,1554,189,178,160,1325,1934,4,1908,1938,30,0,0,,0,0,30,0,0
7990,2015,1,1,4,US,604,N564UW,PHX,PDX,1459,1454,-5,23,1517,169,170,144,1009,1641,3,1648,1644,-4,0,0,,,,,,
7999,2015,1,1,4,EV,5335,N134EV,ATL,GSO,1459,1457,-2,14,1511,74,64,47,306,1558,3,1613,1601,-12,0,0,,,,,,
8001,2015,1,1,4,US,679,N578UW,PHX,SAN,1500,1456,-4,19,1515,73,72,51,304,1506,2,1513,1508,-5,0,0,,,,,,
8002,2015,1,1,4,US,694,N942UW,PHX,HNL,1500,1456,-4,26,1522,404,425,388,2917,1850,11,1844,1901,17,0,0,,17,0,0,0,0
8006,2015,1,1,4,WN,1823,N653SW,ATL,FLL,1500,1534,34,12,1546,115,98,83,581,1709,3,1655,1712,17,0,0,,0,0,17,0,0
8007,2015,1,1,4,WN,2448,N779SW,ATL,JAX,1500,1457,-3,10,1507,75,58,44,270,1551,4,1615,1555,-20,0,0,,,,,,
8008,2015,1,1,4,WN,3503,N8609A,ATL,LGA,1500,1510,10,13,1523,130,120,100,762,1703,7,1710,1710,0,0,0,,,,,,
8009,2015,1,1,4,WN,1165,N373SW,ATL,MCI,1500,1458,-2,23,1521,135,147,119,692,1620,5,1615,1625,10,0,0,,,,,,
8010,2015,1,1,4,WN,2132,N751SW,ATL,STL,1500,1459,-1,14,1513,100,103,84,484,1537,5,1540,1542,2,0,0,,,,,,
8015,2015,1,1,4,WN,700,N602SW,LAS,LAX,1500,1459,-1,18,1517,65,62,38,236,1555,6,1605,1601,-4,0,0,,,,,,
8016,2015,1,1,4,WN,803,N240WN,LAS,MAF,1500,1512,12,13,1525,120,118,100,795,1905,5,1900,1910,10,0,0,,,,,,
8017,2015,1,1,4,WN,658,N8621A,LAS,SEA,1500,1516,16,12,1528,160,151,133,867,1741,6,1740,1747,7,0,0,,,,,,
8018,2015,1,1,4,WN,771,N474WN,LAX,ELP,1500,1521,21,10,1531,105,105,92,715,1803,3,1745,1806,21,0,0,,0,0,15,6,0
8030,2015,1,1,4,AA,20,N789AA,SFO,JFK,1500,1503,3,19,1522,325,328,301,2586,2323,8,2325,2331,6,0,0,,,,,,
8031,2015,1,1,4,AA,28,N358AA,LAX,MIA,1500,1456,-4,19,1515,290,305,284,2342,2259,2,2250,2301,11,0,0,,,,,,
8032,2015,1,1,4,AA,989,N854AA,LAS,MIA,1500,1638,98,36,1714,270,286,248,2174,22,2,2230,24,114,0,0,,16,0,0,98,0
8033,2015,1,1,4,AA,364,N3ATAA,ORD,LGA,1500,1456,-4,11,1507,120,113,96,733,1743,6,1800,1749,-11,0,0,,,,,,
8034,2015,1,1,4,AA,351,N3JWAA,DFW,IAH,1500,1456,-4,14,1510,65,69,45,224,1555,10,1605,1605,0,0,0,,,,,,
8035,2015,1,1,4,AA,1074,N3LXAA,ORD,FLL,1500,1503,3,14,1517,180,175,154,1182,1851,7,1900,1858,-2,0,0,,,,,,
8036,2015,1,1,4,AA,239,N4XCAA,DFW,CMH,1500,1642,102,24,1706,140,137,107,926,1953,6,1820,1959,99,0,0,,0,0,99,0,0
8039,2015,1,1,4,AA,1333,N4XUAA,DFW,MCI,1500,1517,17,19,1536,90,83,58,460,1634,6,1630,1640,10,0,0,,,,,,
8041,2015,1,1,4,AA,1657,N3FFAA,LAX,ORD,1500,1500,0,11,1511,245,227,205,1744,2036,11,2105,2047,-18,0,0,,,,,,
8042,2015,1,1,4,AA,1682,N3DWAA,PHX,SNA,1500,1515,15,19,1534,80,78,54,338,1528,5,1520,1533,13,0,0,,,,,,
8043,2015,1,1,4,AA,1690,N578AA,IAH,DFW,1500,1453,-7,17,1510,70,91,42,224,1552,32,1610,1624,14,0,0,,,,,,
8044,2015,1,1,4,AA,2375,N4XDAA,DFW,TPA,1500,1457,-3,10,1507,135,133,120,929,1807,3,1815,1810,-5,0,0,,,,,,
8046,2015,1,1,4,AS,609,N523AS,LAS,SEA,1500,1452,-8,14,1506,165,156,135,867,1721,7,1745,1728,-17,0,0,,,,,,
8047,2015,1,1,4,DL,744,N965DN,ATL,MSP,1500,1500,0,15,1515,169,154,133,907,1628,6,1649,1634,-15,0,0,,,,,,
8048,2015,1,1,4,DL,754,N927AT,ATL,PIT,1500,1641,101,19,1700,107,92,70,526,1810,3,1647,1813,86,0,0,,0,0,86,0,0
8049,2015,1,1,4,DL,885,N607AT,ATL,GRR,1500,1500,0,20,1520,119,121,97,640,1657,4,1659,1701,2,0,0,,,,,,
8052,2015,1,1,4,DL,1246,N988DL,ATL,DFW,1500,1458,-2,16,1514,155,136,113,731,1607,7,1635,1614,-21,0,0,,,,,,
8056,2015,1,1,4,DL,2272,N902DA,ATL,SRQ,1500,1500,0,15,1515,95,83,63,444,1618,5,1635,1623,-12,0,0,,,,,,
8058,2015,1,1,4,DL,1626,N820DN,ATL,FLL,1500,1500,0,12,1512,115,94,80,581,1632,2,1655,1634,-21,0,0,,,,,,
8065,2015,1,1,4,F9,1050,N934FR,PHX,IAH,1500,1509,9,21,1530,155,157,124,1009,1834,12,1835,1846,11,0,0,,,,,,
8067,2015,1,1,4,MQ,2845,N607MQ,DFW,JAN,1500,1533,33,11,1544,78,74,61,408,1645,2,1618,1647,29,0,0,,0,0,29,0,0
8068,2015,1,1,4,MQ,2970,N933MQ,ORD,FAR,1500,1500,0,11,1511,113,112,97,557,1648,4,1653,1652,-1,0,0,,,,,,
8069,2015,1,1,4,MQ,3100,N639MQ,ORD,MSN,1500,1531,31,9,1540,53,39,28,108,1608,2,1553,1610,17,0,0,,0,0,17,0,0
8070,2015,1,1,4,MQ,3401,N523MQ,DFW,SHV,1500,1507,7,18,1525,48,53,31,190,1556,4,1548,1600,12,0,0,,,,,,
8073,2015,1,1,4,OO,5367,N702BR,SFO,RDM,1500,1452,-8,18,1510,92,91,70,462,1620,3,1632,1623,-9,0,0,,,,,,
8077,2015,1,1,4,OO,4698,N613QX,LAX,SJC,1500,1504,4,21,1525,77,74,50,308,1615,3,1617,1618,1,0,0,,,,,,
8083,2015,1,1,4,EV,4219,N14153,IAH,SLC,1501,1500,-1,16,1516,204,181,161,1195,1657,4,1725,1701,-24,0,0,,,,,,
8084,2015,1,1,4,OO,5500,N787SK,DEN,ASE,1501,1640,99,113,1833,49,146,30,125,1903,3,1550,1906,196,0,0,,97,0,45,54,0
8085,2015,1,1,4,UA,1735,N14102,ORD,EWR,1502,1459,-3,11,1510,138,117,81,719,1731,25,1820,1756,-24,0,0,,,,,,
8088,2015,1,1,4,DL,370,N128DL,ATL,LAX,1503,1502,-1,28,1530,310,296,261,1947,1651,7,1713,1658,-15,0,0,,,,,,
8089,2015,1,1,4,DL,1832,N957AT,ATL,PNS,1503,1501,-2,15,1516,78,66,46,271,1502,5,1521,1507,-14,0,0,,,,,,
8105,2015,1,1,4,WN,604,N287WN,PHX,LAS,1505,1512,7,16,1528,65,67,46,255,1514,5,1510,1519,9,0,0,,,,,,
8106,2015,1,1,4,WN,2410,N389SW,PHX,SMF,1505,1516,11,16,1532,120,118,97,647,1609,5,1605,1614,9,0,0,,,,,,
8107,2015,1,1,4,WN,687,N789SW,PHX,SNA,1505,1526,21,29,1555,75,89,55,338,1550,5,1520,1555,35,0,0,,14,0,16,5,0
8108,2015,1,1,4,WN,1107,N621SW,PHX,STL,1505,1540,35,8,1548,165,155,142,1262,1910,5,1850,1915,25,0,0,,0,0,8,17,0
8119,2015,1,1,4,AA,1221,N3DTAA,ORD,MCO,1505,1503,-2,13,1516,150,142,125,1005,1821,4,1835,1825,-10,0,0,,,,,,
8122,2015,1,1,4,AA,1544,N3HGAA,DFW,BOS,1505,1510,5,12,1522,205,205,185,1562,1927,8,1930,1935,5,0,0,,,,,,
8124,2015,1,1,4,AS,633,N320AS,PHX,SEA,1505,1503,-2,17,1520,177,176,155,1107,1655,4,1702,1659,-3,0,0,,,,,,
8128,2015,1,1,4,DL,1229,N337NW,ATL,PBI,1505,1503,-2,23,1526,112,103,77,545,1643,3,1657,1646,-11,0,0,,,,,,
8129,2015,1,1,4,DL,1997,N952DL,ATL,ALB,1505,1502,-3,20,1522,134,128,103,853,1705,5,1719,1710,-9,0,0,,,,,,
8130,2015,1,1,4,DL,2537,N906DE,ATL,EWR,1505,1505,0,13,1518,138,121,102,746,1700,6,1723,1706,-17,0,0,,,,,,
8131,2015,1,1,4,DL,1554,N6706Q,LAX,ATL,1505,1502,-3,16,1518,249,240,216,1947,2154,8,2214,2202,-12,0,0,,,,,,
8132,2015,1,1,4,DL,1729,N935AT,ATL,AVL,1505,1502,-3,14,1516,54,51,33,164,1549,4,1559,1553,-6,0,0,,,,,,
8133,2015,1,1,4,DL,1860,N947DN,ATL,MIA,1505,1500,-5,21,1521,117,115,81,594,1642,13,1702,1655,-7,0,0,,,,,,
8134,2015,1,1,4,EV,5225,N600QX,ATL,CID,1505,1455,-10,13,1508,132,121,105,694,1553,3,1617,1556,-21,0,0,,,,,,
8136,2015,1,1,4,MQ,2818,N532MQ,ORD,LIT,1505,1505,0,13,1518,108,101,84,552,1642,4,1653,1646,-7,0,0,,,,,,
8143,2015,1,1,4,MQ,3572,N685MQ,DFW,XNA,1505,1626,81,20,1646,63,66,42,280,1728,4,1608,1732,84,0,0,,3,0,59,22,0
8144,2015,1,1,4,NK,906,N632NK,DEN,IAH,1505,1518,13,11,1529,139,156,124,862,1833,21,1824,1854,30,0,0,,30,0,0,0,0
8145,2015,1,1,4,NK,342,N614NK,PHX,MSP,1505,1532,27,12,1544,186,172,151,1276,1915,9,1911,1924,13,0,0,,,,,,
8146,2015,1,1,4,OO,4855,N815SK,IAH,DTW,1505,1526,21,12,1538,158,145,127,1075,1845,6,1843,1851,8,0,0,,,,,,
8148,2015,1,1,4,OO,2639,N863AS,LAX,FAT,1505,1539,34,15,1554,60,59,40,209,1634,4,1605,1638,33,0,0,,0,0,24,9,0
8150,2015,1,1,4,OO,6418,N905SW,SFO,SLC,1505,1457,-8,19,1516,114,109,82,599,1738,8,1759,1746,-13,0,0,,,,,,
8152,2015,1,1,4,DL,1112,N926DL,ATL,PVD,1506,1504,-2,12,1516,142,128,112,903,1708,4,1728,1712,-16,0,0,,,,,,
8153,2015,1,1,4,DL,2437,N979AT,ATL,ATW,1506,1504,-2,14,1518,133,129,110,765,1608,5,1619,1613,-6,0,0,,,,,,
8160,2015,1,1,4,OO,6467,N679SA,DEN,BZN,1509,1512,3,45,1557,107,129,78,524,1715,6,1656,1721,25,0,0,,22,0,0,3,0
8163,2015,1,1,4,US,1820,N536UW,PHX,CLT,1510,1557,47,12,1609,230,215,190,1773,2119,13,2100,2132,32,0,0,,0,0,32,0,0
8164,2015,1,1,4,UA,494,N493UA,IAH,LAX,1510,1517,7,17,1534,225,210,186,1379,1640,7,1655,1647,-8,0,0,,,,,,
8165,2015,1,1,4,UA,983,N548UA,ORD,DEN,1510,1516,6,12,1528,166,164,140,888,1648,12,1656,1700,4,0,0,,,,,,
8166,2015,1,1,4,WN,4561,N777QC,ATL,MSY,1510,1511,1,13,1524,95,91,75,425,1539,3,1545,1542,-3,0,0,,,,,,
8168,2015,1,1,4,WN,4997,N401WN,DEN,LAS,1510,1517,7,11,1528,110,98,79,628,1547,8,1600,1555,-5,0,0,,,,,,
8170,2015,1,1,4,WN,808,N201LV,LAX,SJC,1510,1539,29,9,1548,65,65,52,308,1640,4,1615,1644,29,0,0,,0,0,12,17,0
8173,2015,1,1,4,WN,59,N945WN,PHX,SAN,1510,1529,19,11,1540,65,64,50,304,1530,3,1515,1533,18,0,0,,0,0,13,5,0
8181,2015,1,1,4,AA,1425,N4UCAA,DFW,IAD,1510,1539,29,11,1550,160,150,132,1172,1902,7,1850,1909,19,0,0,,0,0,19,0,0
8183,2015,1,1,4,DL,800,N959DN,ATL,RDU,1510,1508,-2,14,1522,83,70,54,356,1616,2,1633,1618,-15,0,0,,,,,,
8184,2015,1,1,4,DL,927,N308DE,ATL,EYW,1510,1508,-2,16,1524,115,101,84,646,1648,1,1705,1649,-16,0,0,,,,,,
8185,2015,1,1,4,DL,1176,N910DL,ATL,BUF,1510,1505,-5,14,1519,121,113,94,712,1653,5,1711,1658,-13,0,0,,,,,,
8187,2015,1,1,4,DL,2094,N522US,ATL,PHL,1510,1509,-1,16,1525,127,117,98,666,1703,3,1717,1706,-11,0,0,,,,,,
8190,2015,1,1,4,DL,1817,N941DN,ATL,DEN,1510,1508,-2,14,1522,214,189,167,1199,1609,8,1644,1617,-27,0,0,,,,,,
8193,2015,1,1,4,EV,5296,N752EV,ATL,VPS,1510,1505,-5,14,1519,73,61,42,250,1501,5,1523,1506,-17,0,0,,,,,,
8194,2015,1,1,4,EV,6098,N17159,DEN,ELP,1510,1905,235,30,1935,108,127,94,563,2109,3,1658,2112,254,0,0,,19,0,0,235,0
8197,2015,1,1,4,MQ,2826,N648MQ,ORD,GRR,1510,1506,-4,11,1517,63,85,30,137,1647,44,1713,1731,18,0,0,,18,0,0,0,0
8199,2015,1,1,4,MQ,3028,N520MQ,ORD,ROC,1510,1503,-7,13,1516,93,88,68,528,1724,7,1743,1731,-12,0,0,,,,,,
8201,2015,1,1,4,MQ,3072,N633MQ,ORD,FNT,1510,1512,2,11,1523,68,55,39,223,1702,5,1718,1707,-11,0,0,,,,,,
8202,2015,1,1,4,MQ,3168,N616MQ,DFW,PNS,1510,1523,13,20,1543,103,103,79,604,1702,4,1653,1706,13,0,0,,,,,,
8203,2015,1,1,4,MQ,3137,N680MQ,DFW,MLI,1510,,,,,113,,,691,,,1703,,,0,1,B,,,,,
8204,2015,1,1,4,MQ,3354,N521MQ,DFW,LBB,1510,1516,6,26,1542,63,75,46,282,1628,3,1613,1631,18,0,0,,12,0,0,0,6
8205,2015,1,1,4,OO,5222,N913SW,DEN,IDA,1510,1550,40,14,1604,102,85,66,458,1710,5,1652,1715,23,0,0,,0,0,0,23,0
8206,2015,1,1,4,OO,4990,N106SY,ORD,MSP,1510,1512,2,20,1532,96,98,65,334,1637,13,1646,1650,4,0,0,,,,,,
8207,2015,1,1,4,OO,6439,N945SW,DEN,BOI,1510,1522,12,18,1540,126,120,98,649,1718,4,1716,1722,6,0,0,,,,,,
8209,2015,1,1,4,EV,6161,N13124,DEN,LBB,1511,1624,73,12,1636,87,91,73,456,1849,6,1738,1855,77,0,0,,39,0,4,34,0
8211,2015,1,1,4,DL,758,N903DA,ATL,JAX,1512,1631,79,10,1641,67,57,43,270,1724,4,1619,1728,69,0,0,,0,0,69,0,0
8213,2015,1,1,4,EV,4588,N13988,IAH,MFE,1512,1510,-2,13,1523,73,76,60,316,1623,3,1625,1626,1,0,0,,,,,,
8215,2015,1,1,4,OO,4969,N953SW,DEN,AMA,1512,1549,37,15,1604,72,78,58,359,1802,5,1724,1807,43,0,0,,6,0,0,6,31
8216,2015,1,1,4,UA,1670,N73278,LAX,SFO,1513,1549,36,13,1602,79,68,51,337,1653,4,1632,1657,25,0,0,,0,0,25,0,0
8225,2015,1,1,4,UA,476,N488UA,ORD,BWI,1514,1513,-1,18,1531,116,100,76,622,1747,6,1810,1753,-17,0,0,,,,,,
8226,2015,1,1,4,UA,1544,N33262,SFO,DEN,1514,1511,-3,14,1525,153,167,145,967,1850,8,1847,1858,11,0,0,,,,,,
8228,2015,1,1,4,EV,4731,N12136,ORD,SBN,1514,1547,33,10,1557,46,30,18,84,1715,2,1700,1717,17,0,0,,0,0,12,5,0
8229,2015,1,1,4,OO,5610,N790SK,IAH,SAT,1514,1538,24,12,1550,63,55,40,191,1630,3,1617,1633,16,0,0,,0,0,9,7,0
8230,2015,1,1,4,OO,4996,N934SW,ORD,MSN,1514,1515,1,9,1524,52,39,27,108,1551,3,1606,1554,-12,0,0,,,,,,
8231,2015,1,1,4,UA,304,N510UA,SFO,JFK,1515,1520,5,15,1535,326,319,293,2586,2328,11,2341,2339,-2,0,0,,,,,,
8236,2015,1,1,4,VX,958,N836VA,SFO,SAN,1515,1514,-1,8,1522,85,80,66,447,1628,6,1640,1634,-6,0,0,,,,,,
8237,2015,1,1,4,WN,651,N786SW,ATL,LAS,1515,1514,-1,11,1525,280,270,244,1747,1629,15,1655,1644,-11,0,0,,,,,,
8239,2015,1,1,4,WN,668,N205WN,DEN,MDW,1515,1546,31,7,1553,135,121,108,895,1841,6,1830,1847,17,0,0,,0,0,7,10,0
8241,2015,1,1,4,WN,3031,N7750A,LAS,BNA,1515,1514,-1,8,1522,205,220,182,1587,2024,30,2040,2054,14,0,0,,,,,,
